obs_id,cloud_cover,visibility,moon_phase,moon_darkness
7372c36fe0c7,0,,0.237,0.525
07c100d1ef09,0,,0.273,0.453
90f6d683296b,99,,0.498,0.003
e6ffd03f4085,100,,0.498,0.003
a67afd419547,100,,0.498,0.003
05011e3c0e93,100,,0.498,0.003
48319c37b507,78,,0.679,0.358
2b85077b2e6c,99,,0.679,0.358
81446d35f847,84,,0.679,0.358
f463921fd6e8,100,,0.773,0.547
6fd8a95564f0,64,,0.954,0.908
bc046b0aa4df,29,,0.954,0.908
4e1b62f5934a,95,,0.954,0.908
a9509b429ef5,95,,0.954,0.908
b5ffe350863a,1,,0.087,0.825
f88f2019ea9f,2,,0.087,0.825
3cbae2892749,0,,0.121,0.759
481f607096bd,0,,0.121,0.759
bc89aac4fedc,53,,0.157,0.686
54590718806d,0,,0.157,0.686
a8505d69aa68,0,,0.19,0.62
e4ffbf8de637,18,,0.226,0.548
652ddbc11f17,18,,0.226,0.548
e1d22f55efe4,0,,0.262,0.475
807f53ce9c6e,100,,0.804,0.608
dd3fd5a4e27e,1,,0.226,0.548
d690f2cde6b8,6,,0.262,0.475
3e6484fae1b0,10,,0.262,0.475
2b105c73394a,3,,0.262,0.475
fd800aeb725a,58,,0.262,0.475
30709e4c884b,74,,0.298,0.403
b3d793842bff,99,,0.298,0.403
31a58455afde,96,,0.298,0.403
59015b6fb3a7,77,,0.298,0.403
73273bc5bc46,77,,0.298,0.403
67a0442394e7,99,,0.298,0.403
28d0398fa08b,91,,0.335,0.331
3937e8b5e666,2,,0.373,0.253
a283a64dd602,2,,0.373,0.253
0612bc9ab12c,2,,0.373,0.253
d6ea86d927b9,4,,0.373,0.253
5b3062ca880f,51,,0.41,0.181
a88787dfcfbe,13,,0.41,0.181
05da47ff4391,0,,0.41,0.181
eeaf9e5c2c6e,4,,0.446,0.109
d60737f85c8a,3,,0.446,0.109
c56a82f2e1a0,77,,0.41,0.181
d74045a61c1c,7,,0.482,0.036
7988f7413a60,0,,0.482,0.036
b4b92626ae1a,0,,0.518,0.036
848a4d02073d,9,,0.554,0.108
8100e11ee9c1,90,,0.623,0.247
6a668a55b640,94,,0.623,0.247
064facfe22be,49,,0.623,0.247
25b0ef591c6d,61,,0.654,0.308
8b9b212fd71d,10,,0.623,0.247
43b45ab98155,10,,0.623,0.247
7a004da340bd,1,,0.654,0.308
425d8ffcf4f4,1,,0.654,0.308
1d11fcc45eb1,0,,0.654,0.308
4350012d0cb6,21,,0.687,0.375
cdd6bb14410d,55,,0.626,0.252
160e1adbb3d5,38,,0.718,0.436
d2a87209171d,58,,0.748,0.497
3870fb45e548,99,,0.748,0.497
06579730e555,90,,0.748,0.497
0135aa735527,100,,0.748,0.497
7d142e51f051,0,,0.776,0.552
96ab2680467d,73,,0.776,0.552
b573ca16fe48,16,,0.776,0.552
49d08e038112,16,,0.776,0.552
f740ca803ce3,53,,0.776,0.552
a00911774057,0,,0.776,0.552
54358846f948,84,,0.776,0.552
3c2436ac9e6a,3,,0.807,0.613
bf1939f39510,20,,0.807,0.613
e84b048e8377,82,,0.807,0.613
dda2fe945a02,5,,0.807,0.613
b46bec312fb3,0,,0.807,0.613
434c1adc1da1,21,,0.807,0.613
e77fb435b3e8,0,,0.807,0.613
cff37e4522af,99,,0.807,0.613
6f97ae7edb1f,100,,0.837,0.675
3fb3757185b4,0,,0.868,0.736
dfffd2dfc195,72,,0.868,0.736
9ffe5022a37e,72,,0.868,0.736
06d119f73c06,94,,0.898,0.797
6828ab0a9874,8,,0.898,0.797
810294a68bc6,69,,0.932,0.863
eddf977693b6,0,,0.965,0.93
d3e165206171,47,,0.965,0.93
c6efa82ef27d,100,,0.965,0.93
abd4ce502735,0,,0.965,0.93
c414bc436e20,37,,0.965,0.93
5da45a6245da,100,,0.965,0.93
e8a0d6671b63,2,,0.965,0.93
b7b3b84e4ecd,5,,0.035,0.931
f558255db0d7,0,,0.068,0.864
8fa4b05e84b9,1,,0.104,0.792
72057232b70e,13,,0.143,0.714
9470748a8d28,0,,0.215,0.57
63b57b4df65f,64,,0.179,0.642
227ac5c65bd5,64,,0.179,0.642
d08440017482,2,,0.251,0.498
7ac8c1cebd2a,29,,0.287,0.425
45c86810edcd,81,,0.251,0.498
b0509e9bb765,3,,0.287,0.425
d4917d7c59fd,31,,0.287,0.425
06be60b35ce0,89,,0.287,0.425
b0c4eb5987d4,81,,0.36,0.281
2b398b1b0500,89,,0.498,0.003
ed546bb298c8,100,,0.498,0.003
a6e66636a925,100,,0.498,0.003
70b7cd37081e,0,,0.498,0.003
2d90d651c90b,97,,0.598,0.197
5a0a85817855,15,,0.807,0.613
9f2fb886afe9,94,,0.69,0.38
1f6ca9009ca6,94,,0.69,0.38
1c7704375cb0,75,,0.69,0.38
1f8156d6486b,100,,0.69,0.38
acff5225e333,97,,0.69,0.38
d9dde38800a2,88,,0.748,0.497
14c161f72af4,40,,0.748,0.497
bc8a8fc912f5,100,,0.779,0.558
2c60275e4efe,86,,0.779,0.558
57f71db00606,0,,0.779,0.558
ba46c31492bf,98,,0.81,0.619
c80fa5b80415,1,,0.873,0.747
9cb44de86d62,62,,0.907,0.814
98d97af25488,18,,0.907,0.814
01f0d78b46a3,0,,0.943,0.886
f10734202813,0,,0.943,0.886
5cf8efd39004,95,,0.943,0.886
75343909018c,0,,0.943,0.886
04c3edc59cf3,99,,0.943,0.886
53a946fc11d2,38,,0.943,0.886
d7452b559afd,38,,0.943,0.886
ca3f09e38998,82,,0.979,0.958
b3185583d582,0,,0.979,0.958
d19981bb94eb,0,,0.979,0.958
bf2ded5622ae,96,,0.979,0.958
c1008a204e1b,96,,0.979,0.958
5b9d3bb4328e,90,,0.015,0.97
6f70af66db29,53,,0.015,0.97
aa2322a060ba,29,,0.979,0.958
e76c40d29301,29,,0.979,0.958
f1dd6a922d32,83,,0.051,0.898
c52285e0fbfb,70,,0.051,0.898
94848f3faad9,22,,0.015,0.97
993f93db69da,22,,0.015,0.97
a51995530c08,36,,0.051,0.898
c7fd125da64f,80,,0.09,0.82
21a5ea7323df,100,,0.09,0.82
572e59ec5fb0,0,,0.09,0.82
08b39c13e33d,27,,0.09,0.82
164eaca32656,100,,0.09,0.82
deb5f3c56d84,100,,0.09,0.82
ec06918bc8a6,100,,0.09,0.82
db36e167c739,35,,0.09,0.82
fa4a69ad7ce2,93,,0.09,0.82
391b919e2375,100,,0.09,0.82
a9c72f6f89a5,2,,0.126,0.748
a17267f13b6d,73,,0.165,0.67
ca53b276e11d,71,,0.165,0.67
12aa161c6448,32,,0.165,0.67
9f5d7402cfdd,24,,0.165,0.67
467da1918805,100,,0.201,0.598
89c83b214bee,57,,0.201,0.598
6523814925e0,100,,0.237,0.525
8fad3fbba4e5,15,,0.237,0.525
9ac0411d9546,37,,0.237,0.525
f6d455b0481d,97,,0.273,0.453
34d5dd2c640e,78,,0.273,0.453
6f2941a50125,65,,0.31,0.381
38c98bd5617a,40,,0.31,0.381
f28a9e15b41c,18,,0.31,0.381
942bc19f226e,100,,0.31,0.381
d281074569be,73,,0.31,0.381
9ba51651e285,88,,0.31,0.381
828ad46bfbab,100,,0.346,0.309
e44f349df710,99,,0.379,0.242
ff8c90057edc,96,,0.379,0.242
aeadc2b8ea4e,1,,0.412,0.175
ed4bc948650c,100,,0.412,0.175
f681f3e03f87,31,,0.412,0.175
2d4151ccfe9b,29,,0.412,0.175
4a836527818b,86,,0.412,0.175
45b23a106f4d,100,,0.412,0.175
5012eb242081,79,,0.446,0.109
d60156135b90,100,,0.412,0.175
705c8c7d079b,94,,0.446,0.109
c1c1b5b8cdbe,26,,0.479,0.042
ace6a411aab8,26,,0.479,0.042
608b380e58b1,2,,0.479,0.042
c1acf099f2ff,0,,0.479,0.042
0d75da9b299d,36,,0.479,0.042
3398a1c85317,36,,0.479,0.042
898831455590,0,,0.479,0.042
aebd197cc073,0,,0.479,0.042
de61b02a4306,0,,0.479,0.042
9364dd216942,12,,0.479,0.042
74617a106a30,7,,0.479,0.042
7e2586c2a4a6,0,,0.51,0.019
1c1ffbd0668a,12,,0.51,0.019
7818b03eaf0b,0,,0.51,0.019
8aa17246357a,0,,0.51,0.019
f74217f51d18,100,,0.543,0.086
6503288dae6c,100,,0.543,0.086
77a88927ffb4,94,,0.51,0.019
b23d292e7af2,57,,0.573,0.147
4bfcfead97da,20,,0.573,0.147
27e843fb0664,13,,0.573,0.147
dc32169c056c,58,,0.573,0.147
88531e4ca0d2,7,,0.573,0.147
75a79b5dcebd,7,,0.573,0.147
63c80ffb5088,63,,0.573,0.147
cef16aac4c59,7,,0.573,0.147
1150c9515013,0,,0.635,0.269
4561a157bb09,4,,0.543,0.086
b3756fbd5b37,0,,0.479,0.042
60c2351fc84d,0,,0.635,0.269
ec3db88ac628,100,,0.662,0.325
00b9eb6103da,0,,0.662,0.325
28858b6f9182,0,,0.662,0.325
3db2bcc88b78,54,,0.693,0.386
c75fcc34c6e8,1,,0.723,0.447
6c87a67bb2c8,36,,0.723,0.447
297ae8634f15,44,,0.754,0.508
80b0c63e5c90,59,,0.785,0.569
9cd966c2fc47,97,,0.818,0.636
e8f2e6897408,36,,0.921,0.841
4975ea5ae995,1,,0.921,0.841
4e42cc93d786,1,,0.921,0.841
f43fbe2e9905,4,,0.921,0.841
ee314c7ac913,100,,0.921,0.841
74c391fbcd7e,10,,0.921,0.841
6b44e4d24156,63,,0.921,0.841
84c1768c3b5a,57,,0.035,0.931
843bba941eb2,43,,0.035,0.931
8eceea0a27d3,57,,0.035,0.931
5606e62a438e,63,,0.035,0.931
347c2473d8ea,0,,0.035,0.931
f97318689575,3,,0.035,0.931
707521208904,1,,0.035,0.931
fe7e4cd74172,0,,0.035,0.931
e16448ff2374,2,,0.035,0.931
2d59461e05ba,0,,0.035,0.931
155dca6017d3,1,,0.073,0.853
67b7d021a110,18,,0.073,0.853
e69cea9a7e0c,90,,0.073,0.853
5311289d151a,92,,0.187,0.625
82e09e802dd5,76,,0.223,0.553
e0c42ddf2e72,76,,0.223,0.553
8d955ba28f0e,54,,0.223,0.553
d7eaea9f7ed2,47,,0.223,0.553
b24505b5b2c6,74,,0.223,0.553
03864b53adf1,74,,0.223,0.553
26abdfdde2fe,44,,0.223,0.553
bc862700c2e9,7,,0.223,0.553
06badc9ef56d,9,,0.223,0.553
58a6c58d109b,0,,0.293,0.414
cc26d1e17dc5,0,,0.293,0.414
eb0175059c66,97,,0.293,0.414
e34ed644cc5d,100,,0.36,0.281
ed71dfe412de,8,,0.36,0.281
86a4043070c5,67,,0.426,0.148
a08c36bfe7be,0,,0.426,0.148
b6f75e99e1f5,0,,0.457,0.086
acf616d28eed,49,,0.426,0.148
97d215ae6008,4,,0.457,0.086
282afdd66441,1,,0.457,0.086
988c57c46beb,0,,0.457,0.086
0549c0761ce3,0,,0.457,0.086
63d29f6fe86e,23,,0.457,0.086
de3b74f56994,5,,0.487,0.025
6fbbc719a650,0,,0.487,0.025
d21fae365daf,0,,0.607,0.214
e1d226b5b29a,0,,0.607,0.214
65dff6e83f75,0,,0.607,0.214
c57acbbdfa65,21,,0.607,0.214
c511fe45bd54,0,,0.762,0.525
bad4f315e5c7,0,,0.796,0.591
ae145050dc93,65,,0.796,0.591
a6cd65d55d25,3,,0.829,0.658
00db9e74033f,100,,0.865,0.73
2b6e64545748,63,,0.829,0.658
e9b3a834e96a,79,,0.94,0.88
2ee0c6ed492e,0,,0.94,0.88
cd6fdf577acd,10,,0.94,0.88
f16988d1232e,82,,0.94,0.88
57ba2cd35182,23,,0.94,0.88
fe45cc65e6e5,41,,0.94,0.88
5a6ce84e3653,32,,0.94,0.88
eea0414b2a46,85,,0.94,0.88
c3193beea334,18,,0.94,0.88
7423c1885363,98,,0.979,0.958
173d46e60d25,90,,0.979,0.958
9102761a542a,0,,0.979,0.958
b10488aa5f76,52,,0.979,0.958
ffcb2f116598,40,,0.979,0.958
789aa46a05e7,96,,0.979,0.958
67bb8c96843f,96,,0.979,0.958
8336eb747b83,49,,0.979,0.958
d1a2e3146c4a,0,,0.979,0.958
9cb44209bdfd,89,,0.979,0.958
2ac0addc24ee,57,,0.979,0.958
5d9bc7a7b03f,49,,0.979,0.958
c7ee5ce770bc,2,,0.979,0.958
0e590597c8c7,2,,0.979,0.958
4d8878e75a6c,97,,0.018,0.964
c1fbc78e71ea,100,,0.057,0.886
591f7b424471,0,,0.057,0.886
11a7b9af2237,4,,0.096,0.809
7eed8a29d49c,89,,0.057,0.886
0160dac6dd07,89,,0.057,0.886
c483bc5e9eec,1,,0.135,0.731
2b876a2a37bc,0,,0.171,0.659
1932301e59cf,80,,0.135,0.731
4691d1396902,20,,0.171,0.659
ca7f9d510d54,96,,0.018,0.964
ec7df276dd79,0,,0.207,0.586
d5edaab06159,2,,0.207,0.586
1ca671489b7f,45,,0.243,0.514
4b390a3b06b0,70,,0.207,0.586
bcb00092b12c,100,,0.207,0.586
d53ae2cc43b4,12,,0.207,0.586
8f5a2711de7b,18,,0.207,0.586
661f10905c44,4,,0.207,0.586
a276874cd69f,91,,0.243,0.514
7325c4b0a234,0,,0.243,0.514
e90169a4c640,96,,0.207,0.586
449c51d64a6b,45,,0.207,0.586
a7ddb35c499f,27,,0.207,0.586
6f83674b7871,99,,0.243,0.514
b2eacdaf68be,4,,0.207,0.586
ca7fb2888664,100,,0.243,0.514
53e41c4d98a7,2,,0.276,0.448
eb8904ee59a1,0,,0.34,0.32
d446a2cb9b68,6,,0.34,0.32
b685dfdefb4a,69,,0.34,0.32
ee8f8936c6e3,85,,0.34,0.32
899a4f6f608d,0,,0.34,0.32
6669ac282291,82,,0.373,0.253
131b9ee64da3,3,,0.373,0.253
417b9915537b,3,,0.373,0.253
9c1b41bcce5f,99,,0.373,0.253
2aaf5770640c,5,,0.373,0.253
56edb64d76b9,5,,0.373,0.253
0fa8ddd8070e,55,,0.373,0.253
c360b17e17ec,8,,0.373,0.253
f9a44f9e264b,11,,0.373,0.253
5ffd62fa7a7f,12,,0.373,0.253
ca50dec5c905,12,,0.373,0.253
20f17174e602,98,,0.373,0.253
ad8b8095198e,98,,0.373,0.253
30ec2a4f10d3,53,,0.373,0.253
a2bbc310c449,0,,0.373,0.253
e3a088a8ee17,31,,0.373,0.253
3f8fdfa6b035,4,,0.373,0.253
fb0575f6d458,60,,0.373,0.253
d1c920e7102e,45,,0.373,0.253
02792e5a3a7a,77,,0.373,0.253
22533fc582d8,0,,0.373,0.253
03583345a62f,57,,0.373,0.253
af7707799ac2,1,,0.373,0.253
0ce6d0649f73,39,,0.373,0.253
fdff31057a2e,100,,0.373,0.253
9c4a298c93db,0,,0.373,0.253
563345e2f942,81,,0.404,0.192
bb297364a078,29,,0.404,0.192
c808dcdf20be,0,,0.373,0.253
6fa27cc5d0bc,43,,0.404,0.192
f4a11025be32,1,,0.404,0.192
e2e0b8e81901,0,,0.404,0.192
70588e62bc9e,99,,0.404,0.192
1de33528114c,66,,0.404,0.192
16a017726a75,18,,0.865,0.73
2d65b48dfbf2,0,,0.493,0.014
754e7d57ba00,10,,0.554,0.108
713149b51de3,53,,0.554,0.108
926a16612461,55,,0.585,0.169
584d9a97a268,2,,0.404,0.192
8a7501c20b99,0,,0.34,0.32
6dc64467c5d8,0,,0.615,0.23
e231cfb43522,0,,0.646,0.291
6915b03457d6,0,,0.646,0.291
4d610c5b9789,2,,0.676,0.352
656e81fa99a6,8,,0.676,0.352
be8cb607887e,0,,0.676,0.352
e779908dc89e,8,,0.676,0.352
701464110520,0,,0.71,0.419
0818d92beca2,0,,0.71,0.419
85b81843ce11,0,,0.71,0.419
e55198f31815,0,,0.71,0.419
9a0425461a4c,0,,0.71,0.419
74b9e3cf4c08,31,,0.71,0.419
50a6b0829fac,5,,0.743,0.486
64c2f7a618bb,91,,0.776,0.552
3a2cc69249e6,1,,0.743,0.486
45b5a2582507,71,,0.585,0.169
b730cccd7344,2,,0.776,0.552
d9cf3e6cd031,0,,0.848,0.697
f221c052d00b,78,,0.848,0.697
ce3c6bf03bfe,0,,0.885,0.769
1f7c9438c2e8,21,,0.373,0.253
d6f680d8fcd7,88,,0.885,0.769
35125b181b46,86,,0.885,0.769
1afc936f8a14,98,,0.885,0.769
dc7b950aa05c,94,,0.885,0.769
f16fdf5ee23f,33,,0.885,0.769
5de7bb83482c,94,,0.885,0.769
087c88cb75e1,93,,0.885,0.769
0170b3b968e3,45,,0.885,0.769
3498e06e6d86,98,,0.885,0.769
43e072f3a517,29,,0.885,0.769
fb21930a06f1,9,,0.885,0.769
b33ee38e2497,4,,0.885,0.769
e06e83f46da4,77,,0.885,0.769
80b9ed865229,0,,0.885,0.769
0464c9e78f48,2,,0.885,0.769
5e4befe7c4b4,0,,0.885,0.769
888e7970a95c,0,,0.885,0.769
0bf6c0bc562a,91,,0.885,0.769
c805c24fe8fc,0,,0.885,0.769
df1b3e321d32,49,,0.885,0.769
afc9b3e4be44,86,,0.885,0.769
453027b21083,9,,0.885,0.769
2abddf3794e8,64,,0.885,0.769
961123841e85,32,,0.885,0.769
111185c74944,96,,0.885,0.769
8c4f44770354,40,,0.885,0.769
e728d617127f,4,,0.885,0.769
7cb32129e1a4,100,,0.885,0.769
10b3bc11c8e5,99,,0.885,0.769
56069d8da9fe,0,,0.885,0.769
87863c2569d9,14,,0.885,0.769
2032c1d63a4d,50,,0.885,0.769
650af110e68f,1,,0.885,0.769
df6bfd02693f,0,,0.885,0.769
850cfc3a0f8e,10,,0.885,0.769
55e5eee3526b,0,,0.923,0.847
d6f7136f6a4b,0,,0.885,0.769
d313672d0ca0,12,,0.885,0.769
6d048801a83e,0,,0.923,0.847
c565d042f78b,66,,0.885,0.769
211c9bcbbb92,18,,0.923,0.847
f0d7fcdbd4e7,0,,0.923,0.847
e0e96cdda807,0,,0.923,0.847
fb43ec9571ec,0,,0.923,0.847
33cf276ab413,15,,0.923,0.847
2bceb4e4e8fe,0,,0.885,0.769
0dd36a58a006,0,,0.923,0.847
4c710aadcb9d,0,,0.923,0.847
8af4a46fea7e,75,,0.885,0.769
b7a3e2c33413,0,,0.923,0.847
a5ec12aeaf37,0,,0.923,0.847
8b76d61e9333,75,,0.885,0.769
86eaba06e1e2,17,,0.923,0.847
e1c932e8774f,0,,0.923,0.847
0342278929d9,16,,0.923,0.847
84efa21afbac,32,,0.923,0.847
b9bf987cd144,0,,0.923,0.847
19f0aa6e5aa7,7,,0.923,0.847
450f46b49d9b,100,,0.923,0.847
5ba5392851c9,88,,0.923,0.847
76dfa1fff9ba,0,,0.923,0.847
e1388e129335,0,,0.923,0.847
8b9efbb4b2d9,11,,0.923,0.847
57e511ed7321,0,,0.923,0.847
3838bae7c98d,83,,0.923,0.847
9e8b4c0353e6,100,,0.923,0.847
e1c2a84e65d1,53,,0.923,0.847
fee5cff467da,0,,0.923,0.847
0a0c0582ae4e,4,,0.923,0.847
dd9944b77253,0,,0.923,0.847
b6bcbfd49d27,0,,0.923,0.847
598a7e77c5ca,4,,0.923,0.847
050ed37a73b3,83,,0.923,0.847
d511b7f6e648,0,,0.923,0.847
c73713c72704,92,,0.923,0.847
51fef22a837f,39,,0.923,0.847
49b0823670d1,0,,0.923,0.847
60c59ef7fe53,0,,0.923,0.847
b8aebfafc156,0,,0.923,0.847
dcd7fef01d9e,0,,0.923,0.847
953855929f63,84,,0.923,0.847
69c0b9a1f814,0,,0.923,0.847
631da5f16c8b,0,,0.923,0.847
6f70a311556b,0,,0.923,0.847
521e8409a98e,82,,0.923,0.847
c169f4b1a7d4,0,,0.923,0.847
6fc5bacdb436,0,,0.923,0.847
a440b8047671,99,,0.923,0.847
357511c5d5b2,0,,0.923,0.847
d9f82f638831,0,,0.923,0.847
87914366f53c,31,,0.923,0.847
54a3e49fc56d,66,,0.923,0.847
3dbb47daa8c0,98,,0.923,0.847
ec6258ef031f,7,,0.923,0.847
7cefaeaa6238,99,,0.923,0.847
c860f7bd2439,50,,0.923,0.847
1ec0f32a296c,58,,0.923,0.847
6b258f46d62b,0,,0.923,0.847
f5f5cde0a4d5,86,,0.923,0.847
6cac30baee11,0,,0.923,0.847
488b819e040b,44,,0.885,0.769
069fe92e579f,22,,0.885,0.769
5eb2c3dac3db,0,,0.923,0.847
a638e0000d7b,0,,0.923,0.847
2d79beb28c51,93,,0.923,0.847
6ef56fec1e70,0,,0.885,0.769
dfeb02eed5c4,99,,0.923,0.847
d8140f3e9c55,2,,0.885,0.769
f10f163892dd,96,,0.923,0.847
bb06410528ee,29,,0.923,0.847
b53520f23c8c,28,,0.923,0.847
26246efc1567,65,,0.885,0.769
dc1a5bbdef56,1,,0.885,0.769
7dd7596c87bf,85,,0.923,0.847
68680baae24b,100,,0.923,0.847
70796d148446,100,,0.923,0.847
35066c656028,0,,0.923,0.847
607a55799b0c,0,,0.885,0.769
6b051c781fbb,0,,0.923,0.847
c7d8556d9bec,99,,0.923,0.847
a8a24eb45675,0,,0.923,0.847
25b2575ad072,0,,0.885,0.769
2cf39efd2caa,2,,0.885,0.769
7c5f318c4d80,56,,0.923,0.847
0e9ee3fe3af5,7,,0.923,0.847
5bb7ea1d51f5,1,,0.962,0.925
3e2ad209e86e,100,,0.962,0.925
3fe77efac0d6,3,,0.923,0.847
fd36a94fa26d,62,,0.962,0.925
35ba7358c584,24,,0.962,0.925
a9adeb6c9cdc,5,,0.962,0.925
037c7144e634,0,,0.962,0.925
0e75979eb43a,11,,0.962,0.925
9c2ebe32f18d,55,,0.962,0.925
4e3eb1a3b121,2,,0.001,0.998
eb065ee2962f,64,,0.962,0.925
ade56f9c1da1,2,,0.962,0.925
2c47d7c0e81a,99,,0.962,0.925
d4b209ddeb58,99,,0.962,0.925
9d25c3811ca6,97,,0.962,0.925
09c1e5517013,7,,0.885,0.769
eedf91eb70be,61,,0.962,0.925
686e42f535dd,3,,0.962,0.925
14158025119a,0,,0.923,0.847
3dfcfdb59fd8,1,,0.962,0.925
603b22069d42,92,,0.962,0.925
e8c9fa5a2d69,56,,0.962,0.925
b56ff036319e,30,,0.923,0.847
ea3e25be6ead,6,,0.001,0.998
76e15b7f002c,0,,0.001,0.998
8216b82810dc,7,,0.001,0.998
aec5508fed60,4,,0.001,0.998
513022125ed7,12,,0.001,0.998
9e41e6500a1f,0,,0.885,0.769
d5f25b2d5ca7,0,,0.885,0.769
449ae6522224,11,,0.001,0.998
24d98eed82a8,1,,0.001,0.998
72cb32cd0189,0,,0.04,0.92
b24c6b1ae64b,100,,0.848,0.697
9e18bb7fa4d9,0,,0.079,0.842
1c9df9fa49bf,13,,0.079,0.842
369600130f06,20,,0.118,0.764
87c95e89d276,63,,0.118,0.764
bec72af94256,0,,0.079,0.842
328928d918ef,75,,0.118,0.764
ca2f022add8e,63,,0.118,0.764
0ebe17249d11,100,,0.118,0.764
cce0542d8609,0,,0.118,0.764
310c93e250f3,56,,0.118,0.764
b484ef789bb9,16,,0.118,0.764
b86af1ad2bf1,0,,0.154,0.692
b1c51e5eb954,0,,0.154,0.692
3f8cabcc268b,9,,0.154,0.692
7b193e5d0226,100,,0.19,0.62
898e51c87733,99,,0.885,0.769
0647423ad9f6,58,,0.223,0.553
76eae2384f1a,0,,0.19,0.62
08b197ea2d54,6,,0.19,0.62
342924620c13,56,,0.257,0.486
2e7313fa98da,68,,0.29,0.42
2dff4cf85fc6,23,,0.29,0.42
81601a6cbbd6,8,,0.29,0.42
acc78f370850,95,,0.29,0.42
d1972c84aa14,0,,0.29,0.42
4f3f88979830,34,,0.29,0.42
bf4d367c8070,15,,0.321,0.359
fe0d14413711,58,,0.321,0.359
76c4c01e7a14,11,,0.321,0.359
19498edb593f,3,,0.321,0.359
8bfe81435abc,0,,0.321,0.359
cbd673c0d235,0,,0.321,0.359
e83bf5217eb3,0,,0.321,0.359
70b0e8e85769,65,,0.923,0.847
4571ac792ec4,13,,0.885,0.769
21d72a633f07,37,,0.923,0.847
afd27af6858d,41,,0.321,0.359
499b8f72efbe,0,,0.885,0.769
bf5579f914bf,0,,0.321,0.359
b68415e1b7ef,71,,0.351,0.298
e2f9af1bb320,34,,0.351,0.298
c7c68a6d1cf9,8,,0.351,0.298
89edc5aa1794,0,,0.885,0.769
ff3cafbb660b,1,,0.351,0.298
e6cd716fc616,24,,0.351,0.298
c8ad6bf1cc40,2,,0.382,0.237
7b5edec66427,38,,0.382,0.237
575218745de4,73,,0.382,0.237
19c405b347c5,0,,0.41,0.181
36fea93ea326,10,,0.662,0.325
988a4d4c4273,79,,0.41,0.181
e8dacdf15009,100,,0.501,0.002
175d3ed9e3d9,63,,0.501,0.002
1006df7bc7ec,34,,0.501,0.002
1973be6555af,34,,0.501,0.002
13fff347da82,7,,0.532,0.064
dbc60a207295,24,,0.885,0.769
b65cafd5cebf,2,,0.501,0.002
b35959892438,6,,0.923,0.847
8b16ab79d88c,31,,0.885,0.769
15285029e6ad,6,,0.923,0.847
b5eac161a11b,5,,0.626,0.252
b6744e996003,100,,0.66,0.319
87001098651d,0,,0.693,0.386
7401482e4c5a,0,,0.693,0.386
0673d59ddece,0,,0.693,0.386
7525a9bbb824,0,,0.693,0.386
1dcd253764a7,0,,0.693,0.386
e5866c4c90a8,2,,0.693,0.386
20a419b909be,46,,0.693,0.386
ed95a2c4ff88,0,,0.693,0.386
4aea911a8163,0,,0.693,0.386
72448884d7dd,0,,0.693,0.386
1b828b311987,0,,0.693,0.386
3e9e606ced44,94,,0.693,0.386
20206a0caa68,92,,0.726,0.452
7f43b49bf4a0,0,,0.726,0.452
b0ea54055cdf,30,,0.726,0.452
b3ae0d8389a7,22,,0.726,0.452
31cd031f2b55,0,,0.726,0.452
ba0010677ff9,54,,0.726,0.452
d8f6ecf2b9f9,93,,0.726,0.452
2c5c012b07d6,44,,0.726,0.452
5f0025da68c6,54,,0.726,0.452
fd481b91b413,99,,0.726,0.452
7f31e47a1d6e,0,,0.726,0.452
16a6af0a0d24,0,,0.693,0.386
ec16a70276f9,24,,0.762,0.525
50a073d33be8,1,,0.693,0.386
1cda972055e9,17,,0.835,0.669
1a32adb781bb,29,,0.835,0.669
cad69724b268,0,,0.871,0.741
d25e9e6361eb,2,,0.871,0.741
ea7451373ea8,1,,0.91,0.819
63b361b56c5c,0,,0.91,0.819
2c536cb529b0,24,,0.91,0.819
791e31434c08,24,,0.91,0.819
cfae3adc8156,48,,0.91,0.819
36074d98d117,49,,0.91,0.819
f7b6c177b48e,13,,0.91,0.819
00cf0b276edc,6,,0.91,0.819
55cf91ab6daf,0,,0.91,0.819
0f57f9f59d3e,54,,0.91,0.819
db6d6a159877,0,,0.91,0.819
f87b1d373c6e,0,,0.373,0.253
897202d6b654,4,,0.207,0.586
2ed54f8cbeb4,35,,0.015,0.97
502f5dba626c,23,,0.91,0.819
c1335792c032,0,,0.948,0.897
81bfebaf607b,0,,0.948,0.897
07963dbcea71,19,,0.948,0.897
44105e7bf980,0,,0.948,0.897
8af0fb305190,12,,0.948,0.897
3b8139f7a6fb,0,,0.948,0.897
0448b41f0559,0,,0.948,0.897
e8d39c122e35,0,,0.948,0.897
b0927acedbe0,0,,0.948,0.897
4f08926df573,100,,0.948,0.897
0db001ddb5e9,91,,0.91,0.819
67541978a311,16,,0.987,0.975
177acf346f6f,31,,0.023,0.953
725012468608,0,,0.023,0.953
a114baf1d6cf,0,,0.062,0.875
554d0fb5729f,62,,0.098,0.803
97205d1aa489,17,,0.098,0.803
070f7015a4ae,68,,0.098,0.803
a7885faefbdf,4,,0.098,0.803
8231edf17648,9,,0.098,0.803
bd30e79e724d,58,,0.098,0.803
2b543fafd805,52,,0.135,0.731
62fefe00d08c,90,,0.135,0.731
91618d550c91,47,,0.135,0.731
b893eca19993,6,,0.098,0.803
33bf93b0b276,38,,0.135,0.731
ecf06c1f70b2,67,,0.135,0.731
a3a4b9d17b66,29,,0.235,0.531
741832fc7b63,5,,0.268,0.464
1fe302a135a8,0,,0.357,0.286
670f5c781836,0,,0.418,0.164
16802c67b2fd,1,,0.923,0.847
c21e11d96881,45,,0.543,0.086
6459066d45fb,99,,0.543,0.086
9543886aaa88,43,,0.576,0.152
26f8195a839f,46,,0.576,0.152
1c986ab6a719,40,,0.576,0.152
56e6936d2251,8,,0.61,0.219
c4620ee37ae4,6,,0.61,0.219
daa2926634ac,33,,0.61,0.219
9cc995f3e259,100,,0.61,0.219
1d15fbf65420,100,,0.61,0.219
1978f040ee41,43,,0.646,0.291
bc4e7bb08d34,100,,0.679,0.358
58f87c47e450,3,,0.715,0.43
134dfe46ccaa,100,,0.751,0.502
2b1dbe515a00,0,,0.787,0.575
cb31b795c761,0,,0.787,0.575
1d0552461cc7,0,,0.787,0.575
b19582fe8225,57,,0.823,0.647
862928005025,5,,0.823,0.647
dad62dd1e96a,67,,0.823,0.647
73074ce2df35,32,,0.823,0.647
6498cb5ac420,36,,0.823,0.647
2187005c4751,17,,0.823,0.647
585315f4c46f,0,,0.823,0.647
a9bbc6f37923,0,,0.823,0.647
2f1cee89084b,0,,0.823,0.647
7f0a32beca21,0,,0.823,0.647
9b34057214ac,0,,0.823,0.647
76fd237b986a,42,,0.823,0.647
5acdc17c32dc,21,,0.823,0.647
8e7914e77cca,0,,0.823,0.647
6879ecdbe7b8,65,,0.823,0.647
4796a6d7615b,0,,0.823,0.647
84a25caaa837,80,,0.823,0.647
ed7d5e790f78,85,,0.823,0.647
4f06225e5805,59,,0.86,0.719
eed73aa2ba36,65,,0.86,0.719
5ae2d4d241b8,2,,0.787,0.575
6cb09a347180,96,,0.935,0.869
661599b3e5b0,96,,0.973,0.947
a4a64d4936ec,0,,0.046,0.909
e9ce88f4ef6c,0,,0.046,0.909
a8a0816fb70d,0,,0.046,0.909
bfc59c01ab78,0,,0.046,0.909
d1550a9975ed,77,,0.118,0.764
501f0f90bcb5,100,,0.215,0.57
5bef6930e656,46,,0.246,0.509
9fd2f073ab88,92,,0.335,0.331
04854ad9cb38,52,,0.429,0.142
66d3d00d57d1,20,,0.635,0.269
6e5429904543,0,,0.707,0.414
b4a0bb859e6d,0,,0.707,0.414
06bb4648c1ab,39,,0.707,0.414
8903a86cbffe,0,,0.707,0.414
ecfc4add517c,63,,0.707,0.414
987cf712a9c7,7,,0.779,0.558
68fcdea188df,100,,0.923,0.847
80a91e65bfb7,22,,0.996,0.991
5a805a1b3239,0,,0.996,0.991
d8a1d0dc7139,69,,0.887,0.775
31e437312f29,42,,0.418,0.164
f38e94ee3cdb,0,,0.193,0.614
d18f8b0c0331,2,,0.193,0.614
61aaa6cb4a64,2,,0.193,0.614
8719715c74f2,16,,0.193,0.614
69886af149d0,70,,0.193,0.614
ab21feff5ddf,0,,0.193,0.614
d473a1e5999b,0,,0.193,0.614
10a80f938996,74,,0.223,0.553
520cdd730f06,98,,0.223,0.553
db519f0b3a29,2,,0.223,0.553
1ab9f37156b7,0,,0.223,0.553
7f2ae63ecc70,0,,0.223,0.553
200defa7c8fe,1,,0.223,0.553
c803e1ce7d68,1,,0.223,0.553
fe83233deb5b,3,,0.223,0.553
03c57caf9660,53,,0.223,0.553
71d264ec3b98,21,,0.223,0.553
db072e767edb,0,,0.223,0.553
1f37cb6fefa5,0,,0.223,0.553
fe6660cb35ce,95,,0.223,0.553
a30b0b03e881,2,,0.223,0.553
5084e2038b2f,7,,0.223,0.553
2e3ee861a171,0,,0.223,0.553
fb35a925bc3b,52,,0.223,0.553
dac961fb1cb2,15,,0.223,0.553
b9d147e51697,95,,0.223,0.553
56cc797531bc,45,,0.223,0.553
9c0c5301fcb0,90,,0.193,0.614
b5ebd0fc2af2,0,,0.223,0.553
0617ebe36160,75,,0.223,0.553
334eea2c89d7,38,,0.223,0.553
148d56e218fc,98,,0.223,0.553
ddf1d4c74fe3,77,,0.223,0.553
c8281863d6fd,22,,0.223,0.553
444acd7cfd71,92,,0.223,0.553
50a79c9621ae,0,,0.223,0.553
2ffda55c7c33,3,,0.223,0.553
ff530875dc00,35,,0.223,0.553
edd1925ed651,7,,0.223,0.553
885585c67a04,15,,0.223,0.553
0774e7ef450a,40,,0.223,0.553
1ba1e35d8866,0,,0.223,0.553
177fb335f8e9,2,,0.223,0.553
b3ae2852e8aa,29,,0.223,0.553
e5e43ceef340,0,,0.251,0.498
859fcfce2689,95,,0.251,0.498
8abdca5d59bc,33,,0.251,0.498
d60f4d881ba7,1,,0.251,0.498
2c2e038327d3,13,,0.251,0.498
245cd296c556,90,,0.251,0.498
49617e5ac116,52,,0.223,0.553
f3c7b2081082,3,,0.251,0.498
f1d05c7fa6fe,8,,0.251,0.498
979406d17e7d,0,,0.251,0.498
80d98ca1cc83,38,,0.251,0.498
691970896bbd,59,,0.251,0.498
d5456cbcee38,31,,0.251,0.498
08949446b598,100,,0.251,0.498
b3b5089c883e,99,,0.251,0.498
898af4fcf76b,28,,0.251,0.498
5ea765993378,100,,0.223,0.553
469c7cf8df39,7,,0.282,0.436
e18a41e94253,5,,0.282,0.436
9098507949f4,2,,0.282,0.436
20bd423f812c,2,,0.282,0.436
b54be2b70a3d,0,,0.251,0.498
8071898ee70c,1,,0.223,0.553
c236381f93ba,8,,0.282,0.436
83b65f01c691,14,,0.282,0.436
07e1830fe03e,0,,0.223,0.553
cd3305c8b5b4,1,,0.282,0.436
a0e2327b25f0,94,,0.282,0.436
e7d1c2afac8d,83,,0.282,0.436
0fd2d890e478,46,,0.282,0.436
370082b0f1ca,68,,0.312,0.375
829051b817dc,52,,0.312,0.375
05602e4bde3a,13,,0.376,0.248
a38e131c5abe,2,,0.376,0.248
2ef02d112849,100,,0.376,0.248
1687b46d7ea3,89,,0.41,0.181
adcdad95ce4a,3,,0.193,0.614
66ea8a54ca8b,75,,0.443,0.114
3160be73c338,82,,0.443,0.114
9bdacaa8b18b,5,,0.476,0.048
39780fc2600d,94,,0.476,0.048
183207aca0bb,56,,0.512,0.025
1b2156adb305,0,,0.223,0.553
b01559320268,100,,0.512,0.025
c1d7cc8fbc93,5,,0.512,0.025
8b9a96f66ca5,96,,0.551,0.102
7b83d5d84bd0,38,,0.551,0.102
ded6f25343f0,65,,0.512,0.025
b6ecb2b54b6f,18,,0.551,0.102
5064d47a8854,90,,0.551,0.102
c47260bf265c,7,,0.551,0.102
3cfe307429bb,3,,0.551,0.102
39f24c332231,2,,0.223,0.553
22bc41400be5,77,,0.551,0.102
74d9c5e189ed,98,,0.551,0.102
b5609405e511,10,,0.551,0.102
7aa6cee1dd2f,23,,0.587,0.175
0a92378dc781,40,,0.587,0.175
2350e18ddfff,1,,0.587,0.175
3ddf17cbde51,91,,0.587,0.175
6d491e558077,88,,0.587,0.175
9f71ef00946e,2,,0.476,0.048
31c5829aac8a,79,,0.662,0.325
24d1a52422f4,32,,0.662,0.325
62754d2302dc,100,,0.662,0.325
1d9d9017bb42,35,,0.843,0.686
c926211391cf,84,,0.843,0.686
2f8ae4e5140a,95,,0.843,0.686
6d59425061de,90,,0.843,0.686
f81e538e58c1,0,,0.948,0.897
9da33988fcee,15,,0.912,0.825
90e884d42307,98,,0.14,0.72
7bb438ef6d4c,98,,0.171,0.659
289ebddd0d8f,66,,0.201,0.598
eb257aba577f,90,,0.201,0.598
33b206c3d125,5,,0.232,0.536
c4f51764b9da,0,,0.232,0.536
314659261a75,0,,0.232,0.536
02f81e53c2a6,0,,0.232,0.536
acb6acc8c3c4,4,,0.232,0.536
2e833004b33a,34,,0.232,0.536
c7e1f92726f6,61,,0.232,0.536
680634ef62e2,34,,0.232,0.536
7ab50d6c285a,0,,0.232,0.536
44379e65a294,3,,0.223,0.553
7ba76a52fd6e,100,,0.223,0.553
1b1c29f79484,21,,0.498,0.003
0dfb005d2d5e,34,,0.498,0.003
f204dbfb87de,24,,0.762,0.525
6addddde8240,39,,0.762,0.525
f34a92cda8d9,54,,0.762,0.525
3e5c9edc3916,14,,0.835,0.669
d3ed9d50c759,4,,0.835,0.669
9bc0e51cc793,10,,0.835,0.669
d6264c52eac3,7,,0.835,0.669
54133b7ba5d5,93,,0.901,0.802
3db178695a81,8,,0.998,0.997
8c5cc326f17f,12,,0.965,0.93
5a0e53d8e4f9,8,,0.029,0.942
6e86480261a4,54,,0.06,0.881
f43d63ff8222,70,,0.06,0.881
a7db79e7f670,39,,0.06,0.881
49ee6b17ec3a,100,,0.06,0.881
53af7337c241,12,,0.06,0.881
d17f637622e2,78,,0.06,0.881
2f3af629597f,31,,0.06,0.881
8b4167d832b7,13,,0.06,0.881
ac57e6954e8e,23,,0.09,0.82
60b568cb4ddc,65,,0.09,0.82
0df84b1449ed,0,,0.09,0.82
e967857e8772,46,,0.09,0.82
f56251fc0383,36,,0.121,0.759
4e2507e8d587,99,,0.121,0.759
4b6c7ddff93c,100,,0.06,0.881
3668ec00c608,0,,0.09,0.82
1d57901bddef,15,,0.148,0.703
699d2e838e97,1,,0.148,0.703
9890f177e3fc,3,,0.148,0.703
07fb0f8737ba,64,,0.148,0.703
7b195b25d6a2,100,,0.148,0.703
0f8d7514b6b4,14,,0.148,0.703
13f237982eba,39,,0.148,0.703
4a0ce17a8ca8,0,,0.179,0.642
eb7a66602ec1,13,,0.21,0.581
9b09d2d4125d,0,,0.24,0.52
097200629756,0,,0.273,0.453
fa6420dbbabc,1,,0.273,0.453
c553d42ede21,20,,0.273,0.453
839d9f2eb8aa,0,,0.273,0.453
0cab1a6727dc,3,,0.273,0.453
0b47a456c28b,44,,0.273,0.453
233b89e15190,95,,0.304,0.392
ed7907a8d91f,1,,0.273,0.453
e9e2a78dcbdb,0,,0.373,0.253
6c7a22b5dd06,0,,0.373,0.253
bd031603fb5e,39,,0.373,0.253
90c67d750dd1,13,,0.41,0.181
3b8f5d86f856,3,,0.41,0.181
3a9694e7d2f2,45,,0.41,0.181
ebd2070959ee,89,,0.41,0.181
e6ea363b453a,0,,0.41,0.181
6df4f6d40f75,17,,0.41,0.181
155b1c22b219,100,,0.41,0.181
c7cc76d70a38,0,,0.41,0.181
e93cef976db1,48,,0.41,0.181
118e90873aba,28,,0.448,0.103
65b17660d0c4,0,,0.273,0.453
576dccea682a,0,,0.448,0.103
edb1934791de,8,,0.448,0.103
eb8d4203f33e,73,,0.448,0.103
9ecfaa2410da,92,,0.448,0.103
f58f0e47b782,19,,0.448,0.103
42e94cd85991,24,,0.448,0.103
6a205c89aebb,24,,0.448,0.103
89d33dc9b544,100,,0.41,0.181
ce5b3c360c99,83,,0.448,0.103
ee4df44ef8f2,100,,0.487,0.025
dddb8d40feae,1,,0.487,0.025
48f8ad1f3943,97,,0.487,0.025
3741e3b4f6a0,19,,0.604,0.208
4bf7066af43e,1,,0.679,0.358
b3ba0ff255a5,46,,0.715,0.43
1371a50254c1,46,,0.715,0.43
c71e5c269def,31,,0.715,0.43
5bd23a93317a,86,,0.715,0.43
fadec7f71cee,89,,0.715,0.43
fa08b45cf4f9,32,,0.715,0.43
d2c2b9e89d5a,0,,0.751,0.502
adabd5192cd8,2,,0.821,0.641
513ab7cb1b3a,2,,0.821,0.641
cd9eda06d8ef,54,,0.821,0.641
3d8874257fce,1,,0.821,0.641
5765b215cd9a,35,,0.854,0.708
4e70039729d8,21,,0.854,0.708
e4bfd72d8640,55,,0.854,0.708
752e4df5aeac,60,,0.854,0.708
bc654bf9a070,40,,0.854,0.708
4baa1a68477b,32,,0.854,0.708
2906e060bd71,3,,0.854,0.708
bf5cfd67800d,9,,0.854,0.708
da3567055b72,100,,0.854,0.708
149797825d7a,7,,0.854,0.708
cf13dff7f620,10,,0.854,0.708
56bb2e6c5b2b,23,,0.854,0.708
8f43bb3e3619,24,,0.821,0.641
859dc0f4eb24,99,,0.854,0.708
a9ab110a5108,1,,0.854,0.708
7097aa56ab6f,70,,0.821,0.641
027485b15ab0,3,,0.821,0.641
a77074b3aafa,40,,0.854,0.708
64f53e662a61,11,,0.885,0.769
995ca05dce28,8,,0.885,0.769
abd7f0a33bea,0,,0.885,0.769
c5d78f84892b,0,,0.885,0.769
dd0830c3b60a,20,,0.885,0.769
59cace6dc632,0,,0.885,0.769
58f3dbb34571,0,,0.885,0.769
8674240aaf1e,1,,0.885,0.769
b0a8b0b5479b,42,,0.885,0.769
8179ab8d2502,2,,0.885,0.769
c59c7d8caa48,100,,0.885,0.769
92e5fb9d9c9c,100,,0.885,0.769
94373ae5183f,100,,0.885,0.769
6d187c0f5ff4,32,,0.885,0.769
9baa1fd925ea,36,,0.885,0.769
d3b390f310a5,22,,0.885,0.769
6f84c6016837,4,,0.885,0.769
9915ecad2a40,0,,0.885,0.769
6ad0288ed5c6,1,,0.885,0.769
b5e126fe24ae,1,,0.885,0.769
eb78c11a3dc6,0,,0.885,0.769
b431cb7b816a,2,,0.885,0.769
699e5afc3d10,2,,0.885,0.769
24c0aae194f8,100,,0.885,0.769
93bb7d26499b,100,,0.885,0.769
5e45c95b5be1,0,,0.885,0.769
a1a0ec0ea3e5,2,,0.918,0.836
56e529d641dd,0,,0.885,0.769
a319fb07291f,75,,0.918,0.836
0d4022cf0e74,35,,0.948,0.897
9575bb4c49d4,43,,0.948,0.897
89a772eeb032,1,,0.948,0.897
fa490863e0ed,0,,0.979,0.958
6425c732bf0c,96,,0.979,0.958
c91f789a570a,1,,0.885,0.769
1690c1808dd6,0,,0.979,0.958
11435cbb7665,99,,0.01,0.981
7a3e55821524,0,,0.979,0.958
d2ad0aeaf268,42,,0.037,0.925
500b946e5ca5,34,,0.854,0.708
b7b372db0c31,4,,0.19,0.62
31d32c9beaf4,1,,0.19,0.62
63293f6c8175,92,,0.19,0.62
ef6a4653fc72,93,,0.19,0.62
691722e5ced3,64,,0.19,0.62
fd0ea485d8c1,0,,0.221,0.559
1c26e87fca93,14,,0.221,0.559
eba0026d6cb9,19,,0.221,0.559
0fe7dae00c68,28,,0.221,0.559
0e25552adab8,45,,0.221,0.559
3516ec784663,49,,0.221,0.559
e7c872411488,27,,0.221,0.559
92850c91ae32,41,,0.221,0.559
62bdf6d51000,99,,0.254,0.492
bcd4ebb5e2a1,73,,0.221,0.559
216f04ff8307,5,,0.254,0.492
db81a0fe43d7,0,,0.323,0.353
513d79318911,89,,0.323,0.353
19461938274f,1,,0.36,0.281
33923b991320,0,,0.36,0.281
982fda0bad63,0,,0.36,0.281
7eec43bad103,99,,0.551,0.102
39789bf75f46,14,,0.59,0.18
8111f6ecf0c1,71,,0.59,0.18
ad76eb1599d9,1,,0.629,0.258
a3b547901d2e,90,,0.629,0.258
95582cf98bdc,97,,0.629,0.258
45c6968bbeef,98,,0.629,0.258
fa591a95cb10,97,,0.665,0.33
f3f48ea5aa4f,0,,0.665,0.33
926d77aaba2e,0,,0.665,0.33
20c0115c4561,40,,0.665,0.33
3da004e42edf,0,,0.665,0.33
c0adaaa2dd58,35,,0.665,0.33
b9778074d673,51,,0.665,0.33
15e591fdcb93,30,,0.665,0.33
cb71e7586a57,0,,0.665,0.33
b6bce1fd62c4,0,,0.737,0.475
3b83ea83e449,99,,0.737,0.475
e8d10328c80c,99,,0.737,0.475
4ccf3cf4304b,67,,0.737,0.475
eb2e4c582ef3,97,,0.737,0.475
50f88ce53659,15,,0.771,0.541
f91cfe3dc832,94,,0.804,0.608
60dc6528cc62,74,,0.804,0.608
bd7cebc45905,74,,0.804,0.608
2f00acb60770,93,,0.804,0.608
e55d54610401,3,,0.835,0.669
9b19be871119,0,,0.835,0.669
d4b194baadaa,21,,0.835,0.669
8696ed1ff11e,0,,0.835,0.669
8d2e6bd30f74,0,,0.835,0.669
8792e76232e6,0,,0.835,0.669
8ac970531682,0,,0.835,0.669
50cd2b9d47a2,21,,0.835,0.669
402af6b0e569,0,,0.835,0.669
35a08ad9117a,22,,0.835,0.669
a94aa3799104,0,,0.835,0.669
b54381b32966,0,,0.835,0.669
68fc35107a8e,0,,0.835,0.669
f5c40da49aa3,1,,0.835,0.669
d702a699add7,0,,0.835,0.669
b3305d72a101,35,,0.835,0.669
c2c75163c63b,40,,0.835,0.669
371e75a7222a,40,,0.835,0.669
dd128fa2635a,88,,0.835,0.669
39920f731b85,99,,0.835,0.669
6c384534c0e3,54,,0.835,0.669
4526fbaa293c,93,,0.835,0.669
1c1c47d72cfb,83,,0.835,0.669
8600bcd3a39b,81,,0.835,0.669
f79dc779125e,43,,0.835,0.669
c3129bfccc74,83,,0.835,0.669
c29383e7125c,39,,0.835,0.669
a9df85be0b8b,34,,0.835,0.669
508f49a74d43,51,,0.865,0.73
c5f933a84e88,99,,0.865,0.73
ee7c0568b848,20,,0.865,0.73
3e7b9ac9cf00,1,,0.865,0.73
894c4c617041,96,,0.865,0.73
b0f55efca852,20,,0.865,0.73
3247171aa700,20,,0.865,0.73
2958047d5983,75,,0.865,0.73
72e67ec55400,62,,0.865,0.73
bac32391f005,63,,0.835,0.669
67b6ef5ab5c0,49,,0.865,0.73
d9385ab842a0,0,,0.865,0.73
9b725bc868a6,0,,0.865,0.73
8da3ef301a79,8,,0.865,0.73
78bdfe3f77e5,0,,0.896,0.791
177118c44c89,10,,0.865,0.73
6868b0f85178,93,,0.835,0.669
8f96954f7bd9,49,,0.896,0.791
53fff6433fac,20,,0.865,0.73
1beb45666bd9,11,,0.896,0.791
724fc65dc2d2,39,,0.926,0.852
561d286c828e,9,,0.896,0.791
69786991e142,18,,0.926,0.852
eb59dc4f4387,0,,0.957,0.914
6b0e5d064e90,0,,0.987,0.975
6d0475daabae,0,,0.018,0.964
f19b8d8d9059,23,,0.018,0.964
bf13e76d0e41,1,,0.046,0.909
b15d19713d96,0,,0.046,0.909
c30877ace538,0,,0.046,0.909
87dceae9d070,0,,0.046,0.909
487b63f2280e,0,,0.046,0.909
af63be0911b2,99,,0.018,0.964
ff4b8bbee442,100,,0.987,0.975
e0e290f89b73,99,,0.473,0.053
8ac93636e705,100,,0.076,0.848
141959693e15,46,,0.11,0.781
0e211377ba4e,89,,0.11,0.781
b280ceeb8ec9,0,,0.14,0.72
21e8cbd82f00,0,,0.171,0.659
2ffb4b778e21,20,,0.171,0.659
93616d45c8ad,98,,0.171,0.659
b4a879f9f172,0,,0.204,0.592
e1e8e36dc221,3,,0.204,0.592
d1831588bec6,46,,0.237,0.525
d6e87afbc32f,8,,0.237,0.525
b62c97781898,100,,0.237,0.525
f035b9fa88ed,38,,0.237,0.525
add87c382602,90,,0.926,0.852
1ec61c454e49,24,,0.271,0.459
1db4ca04edd4,1,,0.271,0.459
b57e98730d2f,92,,0.307,0.386
443acb321ea9,100,,0.307,0.386
4437af7f9a55,31,,0.343,0.314
4c2b8f04e2b3,100,,0.343,0.314
4efd9eee6813,85,,0.343,0.314
5131e9a48bca,100,,0.382,0.237
5eea173fbc1f,0,,0.382,0.237
7cfafb04ab4f,0,,0.418,0.164
d4128b917bd4,37,,0.457,0.086
a77922ce5ed6,0,,0.457,0.086
6f6ed3ed946d,0,,0.457,0.086
b0f991e61f24,99,,0.496,0.009
71f0f01d912e,89,,0.496,0.009
a66f875f21de,33,,0.573,0.147
1db40f1953e5,33,,0.573,0.147
c87480c28e3e,33,,0.573,0.147
908986bdb35b,83,,0.573,0.147
050997412aa5,73,,0.648,0.297
ef6b8086198c,0,,0.685,0.369
bbc4585b7b66,0,,0.685,0.369
83b0881dabe4,2,,0.685,0.369
e90f62293399,100,,0.718,0.436
9748c2bcdcc8,44,,0.718,0.436
65fe219cef1b,93,,0.718,0.436
1ca43134dbdc,75,,0.718,0.436
c805e29ef6c9,5,,0.751,0.502
a6556ef07935,71,,0.751,0.502
824a6e00045f,5,,0.751,0.502
817392000774,70,,0.751,0.502
a87b5dac064b,0,,0.751,0.502
0ccde6bc5526,12,,0.751,0.502
d470230cd24b,11,,0.751,0.502
c0bc2fc78cbd,87,,0.751,0.502
39bfd82953fb,0,,0.751,0.502
dbf8c59aeda4,0,,0.751,0.502
3b86d1d524d5,100,,0.751,0.502
d4cd74515d70,84,,0.751,0.502
8765f4ce800b,1,,0.751,0.502
e966b8b0ff54,100,,0.751,0.502
d7d82a495a86,74,,0.751,0.502
7ba43eefd2a0,56,,0.751,0.502
9126c8656f13,0,,0.751,0.502
7021a0cf4d84,0,,0.751,0.502
a840967b182a,0,,0.751,0.502
0d969a446c05,100,,0.751,0.502
4e73dc92e666,47,,0.751,0.502
04d0bb8d6258,97,,0.751,0.502
8a7e99946724,73,,0.751,0.502
92e505d11fa3,20,,0.751,0.502
7cb06ac3f943,53,,0.751,0.502
2231a0299571,0,,0.782,0.564
fb1d5a0c5f31,1,,0.782,0.564
c54d557cbfe8,0,,0.782,0.564
aca08a488347,0,,0.782,0.564
ed3bf0bb859d,0,,0.782,0.564
1fe7682a3c30,0,,0.782,0.564
27ac23ff6017,0,,0.751,0.502
bf77fa98459f,0,,0.782,0.564
b50897bfa61a,0,,0.782,0.564
37a73ee4ed19,0,,0.782,0.564
a8b0f3699037,13,,0.782,0.564
7df4407ca992,13,,0.782,0.564
0dd8f05e7dc6,16,,0.782,0.564
2abf8edf6ef8,0,,0.782,0.564
a3dd9c148a6f,0,,0.782,0.564
6adbc5305439,0,,0.782,0.564
3f7cf9f79d0d,16,,0.782,0.564
845f8c5414b6,11,,0.782,0.564
43cc54f5d986,0,,0.782,0.564
fbece7a53f96,0,,0.782,0.564
d4d82413fce4,9,,0.782,0.564
935dc864409a,25,,0.782,0.564
4447d8ed3609,23,,0.782,0.564
6cad5fb90193,89,,0.812,0.625
0d321da5066e,19,,0.812,0.625
b07acce3ae7a,2,,0.782,0.564
0aa975f1812b,100,,0.812,0.625
b109c1675e6d,16,,0.843,0.686
847358ec58e7,7,,0.843,0.686
e923546e740d,97,,0.843,0.686
938cc72337a2,74,,0.873,0.747
27b5cb247c5a,17,,0.873,0.747
712b86bee1a8,95,,0.873,0.747
eed3c7819162,0,,0.873,0.747
23e7ae78a9b9,32,,0.873,0.747
c18fd9752e12,98,,0.873,0.747
da12e6724257,15,,0.873,0.747
20acac218f72,27,,0.873,0.747
c0b7b4df4078,31,,0.873,0.747
fe9b5cf44295,77,,0.873,0.747
e3568767741e,36,,0.873,0.747
d13eb386ce85,14,,0.873,0.747
32827f8c96f9,10,,0.873,0.747
d6c789e4147c,14,,0.873,0.747
0816512affd8,56,,0.873,0.747
613ab6d9a557,15,,0.873,0.747
56204693a99f,45,,0.873,0.747
ce6d4b514188,81,,0.873,0.747
495837fc180f,26,,0.873,0.747
8de14154550d,39,,0.873,0.747
f4bf5f22fb75,67,,0.873,0.747
ce9136b8fd94,94,,0.873,0.747
c99258ab0009,87,,0.873,0.747
6ba2e310d915,0,,0.904,0.808
f5de6d2d918e,44,,0.904,0.808
cfc1b3bbed51,80,,0.904,0.808
dabcd2930bb3,43,,0.904,0.808
478d3c46943d,100,,0.932,0.863
3447f9ab33f6,27,,0.932,0.863
f48f22d5614c,0,,0.932,0.863
087345691e36,0,,0.932,0.863
77870d54bd13,0,,0.932,0.863
cf448917a2d3,0,,0.932,0.863
1359f0b8d8c8,60,,0.873,0.747
b9fb98a4a570,50,,0.932,0.863
5009ddd824e2,45,,0.932,0.863
9dba63d462f1,61,,0.873,0.747
bd78d112c5d9,0,,0.962,0.925
9b48d7e9c2a9,0,,0.962,0.925
831b0b67d032,21,,0.962,0.925
354ca831d628,0,,0.962,0.925
8389d0a7d31f,8,,0.962,0.925
723077e9a1f8,0,,0.962,0.925
7ae1a19bd9ab,1,,0.962,0.925
8be1a9894e2c,60,,0.962,0.925
7d6b1de275ea,1,,0.962,0.925
de9256ea4732,1,,0.962,0.925
a401b11e9811,0,,0.962,0.925
fd438a96b560,43,,0.993,0.986
cb740834a24b,61,,0.993,0.986
1e41d397aef6,13,,0.993,0.986
7766f426cde7,94,,0.993,0.986
a018c13e6f2f,93,,0.057,0.886
22e4c5b46ebb,1,,0.057,0.886
6808699ab742,0,,0.057,0.886
848e4a5d41ce,27,,0.057,0.886
4b93cb058e42,1,,0.087,0.825
d3b853b25bbe,0,,0.057,0.886
35ec0108a57f,58,,0.087,0.825
a31a20b1650b,17,,0.087,0.825
3c16248bd596,0,,0.087,0.825
1ac3fa4fa151,67,,0.087,0.825
7c963cf8917b,90,,0.121,0.759
2a26d274ad0e,100,,0.121,0.759
160660adba09,0,,0.121,0.759
1dcb43cfaa3f,86,,0.154,0.692
8e3826f1565b,1,,0.154,0.692
a2ac2e9e49c9,82,,0.154,0.692
5de967241b8b,84,,0.187,0.625
36b2f249c32f,70,,0.154,0.692
8c23962904ff,100,,0.223,0.553
7bec613d1eb1,1,,0.223,0.553
4695805000c8,99,,0.223,0.553
28280ad49d8a,0,,0.223,0.553
f8f72ebeafbe,91,,0.223,0.553
b9c3cb06733d,100,,0.223,0.553
b78b62de2d76,100,,0.257,0.486
642966abdf8c,2,,0.329,0.342
84249511c476,89,,0.554,0.108
d89ffae3805b,49,,0.593,0.186
4fd7a3ff2182,49,,0.593,0.186
3b808cc10f93,100,,0.593,0.186
01a78f926800,23,,0.593,0.186
d4d84fc98748,13,,0.593,0.186
43eb4fc357c1,91,,0.593,0.186
169cf7886643,28,,0.626,0.252
66ed89661207,100,,0.626,0.252
a51e0a02930a,0,,0.662,0.325
ef31332254cd,0,,0.662,0.325
c0b7ec83c0cf,0,,0.662,0.325
830b621aa90a,53,,0.662,0.325
72c30c018fbe,0,,0.696,0.391
0803184fa390,0,,0.696,0.391
984d4b52fc04,65,,0.696,0.391
4072e74744f3,90,,0.757,0.514
c7a293eae895,85,,0.757,0.514
d3fce1a3e60e,62,,0.787,0.575
fa132d1524c8,57,,0.787,0.575
ca074daa0860,100,,0.787,0.575
fc074a460d95,0,,0.787,0.575
4203cd4e9305,0,,0.818,0.636
d5653e814f55,100,,0.818,0.636
3894c42866d4,1,,0.818,0.636
77a312e3ea53,92,,0.818,0.636
1788499cb27c,0,,0.818,0.636
4eabe0239499,0,,0.846,0.691
e518f04ed923,0,,0.846,0.691
6972f8edfbc7,100,,0.846,0.691
fdc6409a76b5,20,,0.846,0.691
bcec46787a9a,0,,0.846,0.691
ec80529de504,0,,0.846,0.691
957a7d65640b,91,,0.846,0.691
75a7842f7cb3,0,,0.846,0.691
5abe4a3bda4c,0,,0.846,0.691
e40efbcbdf95,100,,0.846,0.691
7f6d68bb8020,100,,0.846,0.691
343abbc1190e,99,,0.846,0.691
b92d07f38a87,97,,0.846,0.691
fe51ae8d7a5e,100,,0.846,0.691
caeaf59825ba,37,,0.846,0.691
7ed40e76beb1,7,,0.846,0.691
18ea81ee7e22,0,,0.846,0.691
542c731b5d35,0,,0.846,0.691
6b9653e7f930,8,,0.846,0.691
c68e55ebaa59,85,,0.876,0.752
79db6dbf264e,100,,0.846,0.691
0366e25b92fe,100,,0.846,0.691
369020d3259a,100,,0.876,0.752
0e91e0be17bf,45,,0.876,0.752
111a111f1db1,0,,0.876,0.752
e5f1faf1116b,78,,0.876,0.752
32b2e0f6bf60,1,,0.876,0.752
5e0bafd6235d,100,,0.876,0.752
764249168c16,29,,0.907,0.814
d2ac863525f5,3,,0.907,0.814
b6043f752794,2,,0.907,0.814
6ecbb1546191,0,,0.907,0.814
65a0ff160280,0,,0.907,0.814
ee873088b0f1,41,,0.907,0.814
2a303d3f5163,98,,0.907,0.814
3b7bafde0627,90,,0.907,0.814
d5da77848437,19,,0.937,0.875
63fbbaac4a22,0,,0.937,0.875
be5ea3704b3e,94,,0.937,0.875
be84e13d4511,6,,0.937,0.875
d84eef287c6d,34,,0.971,0.941
48511096f003,94,,0.937,0.875
70f90c0c0979,55,,0.971,0.941
d3f4469176e4,35,,0.971,0.941
0cb5c669de19,99,,0.001,0.998
48a27bcc661b,98,,0.971,0.941
73e105b79b74,0,,0.001,0.998
4c4dd23d8622,1,,0.001,0.998
48b6557ea757,1,,0.001,0.998
d084642fff09,70,,0.001,0.998
abf4fc16e40e,100,,0.001,0.998
59c02b50db50,1,,0.148,0.703
be67169ce4a6,92,,0.487,0.025
d15968cbfc17,0,,0.221,0.559
eb7705d495fd,0,,0.812,0.625
c554f22d1818,41,,0.068,0.864
f46dea6d1ae9,60,,0.068,0.864
9b903f05bd3f,100,,0.104,0.792
d94f4d2c9f9f,9,,0.104,0.792
efe8ce0a2819,45,,0.104,0.792
556ef00196eb,53,,0.104,0.792
a38abb93bdd6,32,,0.104,0.792
15d2e2987aae,94,,0.104,0.792
b9d0bd427736,54,,0.104,0.792
e0e642030ce5,98,,0.104,0.792
7277004df6b7,46,,0.104,0.792
b400ab280b33,98,,0.104,0.792
aec5ed327d4a,93,,0.104,0.792
8c7c8f00cb68,11,,0.104,0.792
9a060d4a1edf,92,,0.104,0.792
9c9b09df8cf2,48,,0.104,0.792
e7a8ccf6655c,100,,0.137,0.725
c8c1964a9d56,63,,0.137,0.725
286b8f150f9a,37,,0.137,0.725
473f414b30d8,51,,0.173,0.653
47e00201c141,94,,0.21,0.581
b04e0f240773,100,,0.21,0.581
f1496ae86806,0,,0.243,0.514
7c8c9ff62747,100,,0.279,0.442
9d551463f10f,100,,0.279,0.442
e77c1518b709,100,,0.279,0.442
08cbc3b764b8,93,,0.318,0.364
6890150e5d7a,2,,0.318,0.364
c283cd917b08,35,,0.318,0.364
f878ecfb5573,42,,0.318,0.364
dc13776e63c7,0,,0.318,0.364
cf889a1dadf5,73,,0.318,0.364
aa067dba0391,88,,0.318,0.364
31901112ae63,18,,0.318,0.364
6df7a93a5ed8,100,,0.318,0.364
f58f3c870e4b,1,,0.318,0.364
1483ae4fc667,80,,0.318,0.364
4dd366273505,97,,0.318,0.364
95b5cb0f1b94,94,,0.318,0.364
dd6e055bc35b,22,,0.318,0.364
3a862186da03,100,,0.318,0.364
383a80eb37bc,100,,0.318,0.364
e47e97a4481b,12,,0.318,0.364
c387fb20e0c8,42,,0.318,0.364
02e0bfb5a306,8,,0.318,0.364
2f58aaeb09b8,1,,0.318,0.364
568799c855b8,16,,0.318,0.364
8ed1004b41db,29,,0.318,0.364
0e985ece209b,44,,0.354,0.292
b340a0be855a,43,,0.354,0.292
f68a111f29ce,89,,0.354,0.292
b44713f6fc2e,99,,0.354,0.292
3ca982ad2451,89,,0.354,0.292
8b8fd4775339,100,,0.354,0.292
d653ceaf6c43,55,,0.354,0.292
ea6a03178799,99,,0.354,0.292
dbb92ac21879,98,,0.354,0.292
3e514cef7589,12,,0.354,0.292
0a555de415f5,1,,0.354,0.292
f75f190bfc18,79,,0.354,0.292
0f09e6e0b016,0,,0.318,0.364
ecfd65e8b1e2,85,,0.354,0.292
7dfb383f8537,2,,0.354,0.292
b1ee82d0b5e2,5,,0.318,0.364
21f5a56c4c63,0,,0.354,0.292
9f4b52e2dd90,42,,0.318,0.364
d2c7f306ca00,16,,0.39,0.22
b7f1d248d586,81,,0.39,0.22
a7980617138b,1,,0.426,0.148
47147bbe52d6,100,,0.462,0.075
d81a30f9bbfd,30,,0.462,0.075
61571288bd1f,30,,0.462,0.075
39fa413e6e8c,23,,0.535,0.069
876c708f1d3f,73,,0.535,0.069
7a2e282d6970,81,,0.535,0.069
cdb230715d5b,96,,0.535,0.069
3fee30b7a3ef,65,,0.535,0.069
7c3f51b51f25,0,,0.535,0.069
ce77fdb59b4c,100,,0.535,0.069
be5fc2d0495a,61,,0.571,0.141
099b36afd93b,99,,0.535,0.069
b512c2cc38df,88,,0.604,0.208
43b56cf6f1f9,29,,0.637,0.275
4870a79f9ee6,0,,0.637,0.275
3ca95c740617,93,,0.604,0.208
cc25d66cad81,100,,0.668,0.336
ddd1e389fcce,0,,0.698,0.397
2287a5d119d7,100,,0.698,0.397
4a80e9a74306,21,,0.698,0.397
c76832a2b80e,98,,0.698,0.397
6850b5f88e92,0,,0.698,0.397
9f2e8f249597,0,,0.698,0.397
aff5037c981d,0,,0.698,0.397
a9c8c84d6b5d,0,,0.698,0.397
70856e4d3a43,62,,0.668,0.336
bba0f0648b07,4,,0.698,0.397
b7e9a6fe2b4b,99,,0.698,0.397
15d53b1414a7,100,,0.698,0.397
3dafd848cdac,100,,0.698,0.397
8fafd20cb11c,68,,0.698,0.397
0a81d68c9b67,94,,0.698,0.397
7e9b42b895d0,34,,0.729,0.458
323ed680a88a,93,,0.698,0.397
86417ab15d5c,0,,0.729,0.458
91cae7e4e851,17,,0.698,0.397
74efa872dbcb,0,,0.729,0.458
c9e6ddb5e18e,0,,0.729,0.458
10b2fec76edf,0,,0.729,0.458
22d4f3bb3367,4,,0.729,0.458
d2ad8d24a5b1,0,,0.729,0.458
7b4c18ca8f39,22,,0.729,0.458
227cfe131837,0,,0.729,0.458
9e7c3a354459,4,,0.729,0.458
6b7ad3460d91,5,,0.729,0.458
2b11a1db4073,100,,0.729,0.458
c7419b087ff2,71,,0.729,0.458
2180be7dd774,100,,0.729,0.458
e45b5c8e960e,0,,0.76,0.519
4156d260771f,0,,0.76,0.519
4bee2ef33eb4,32,,0.79,0.58
5cfdf7c78c06,0,,0.79,0.58
b1376c0697f0,38,,0.79,0.58
91224cda3ee9,0,,0.79,0.58
32b36c618d11,100,,0.79,0.58
4fdfa1ba3f82,100,,0.79,0.58
8ef6eeeddf0a,100,,0.79,0.58
45364819ae3c,96,,0.79,0.58
baf343704ec6,84,,0.79,0.58
358f93974d5c,80,,0.79,0.58
11055ef513e1,4,,0.729,0.458
6193f1bd9c25,42,,0.821,0.641
6aec8270936b,96,,0.821,0.641
abec611d584c,88,,0.821,0.641
d82a1dfbbc02,32,,0.848,0.697
5bc815480d68,95,,0.848,0.697
90f0cb0dfba9,43,,0.848,0.697
f52539ebbe2d,40,,0.848,0.697
d3cd19f91619,0,,0.882,0.764
15704aaf8c21,96,,0.848,0.697
4396922ba02c,27,,0.882,0.764
8dd849ad52e5,38,,0.882,0.764
c85c63fbcc9b,0,,0.882,0.764
422d1e8bbc2c,30,,0.882,0.764
a63451ffb656,37,,0.882,0.764
5c7fa41dcd09,0,,0.882,0.764
ec0fbb0b7bcb,82,,0.882,0.764
044322fa09cd,8,,0.912,0.825
ace18d061d97,1,,0.912,0.825
5bc2fca4e86c,65,,0.912,0.825
c08609087f82,1,,0.946,0.891
ad5a72d35291,0,,0.946,0.891
751472ac0d31,100,,0.698,0.397
db575d2cd148,74,,0.946,0.891
e2d7b153b0a9,58,,0.979,0.958
2231bb500a41,3,,0.979,0.958
2ae9c747bd3e,100,,0.015,0.97
a4cfb7c8207b,14,,0.015,0.97
b7383c7b6562,93,,0.015,0.97
6f0663b08f9d,99,,0.015,0.97
26fdd468925f,3,,0.048,0.903
30a7538323d6,37,,0.048,0.903
edd8037b12bf,11,,0.085,0.831
99256a2ab530,42,,0.048,0.903
179a262521c9,98,,0.085,0.831
680012da8a13,78,,0.121,0.759
289cc4bafc88,99,,0.121,0.759
a1b168ac5a7d,76,,0.121,0.759
bfaaf93150c8,2,,0.121,0.759
9a8e08c6455a,17,,0.196,0.609
61017ae75ae8,100,,0.232,0.536
99c7c8b0d89b,61,,0.232,0.536
9d7769d7b356,65,,0.232,0.536
0b1aea197197,3,,0.268,0.464
96a07e26013b,72,,0.268,0.464
814912b30bcc,100,,0.304,0.392
3320191ca22d,42,,0.304,0.392
aa50af0bd36e,98,,0.304,0.392
2b49fa152484,13,,0.34,0.32
9debc8625bd5,0,,0.34,0.32
6f476219511f,0,,0.34,0.32
5c0035cfa380,0,,0.34,0.32
135baf941673,0,,0.34,0.32
dc3214fdde19,0,,0.34,0.32
ea71f9b5ff87,100,,0.34,0.32
b60bf75061e8,1,,0.34,0.32
654839d38c42,0,,0.34,0.32
ccf2207d47fe,1,,0.34,0.32
79a933ada06c,0,,0.34,0.32
720fb394d597,97,,0.376,0.248
182554fb5d2d,91,,0.376,0.248
b4adc07798c2,85,,0.376,0.248
37f785759dbe,100,,0.376,0.248
b6f9df2f60e9,67,,0.376,0.248
f6089e6afa62,63,,0.376,0.248
5762adee81f1,99,,0.376,0.248
7b3d5737b282,0,,0.376,0.248
12094440efa4,56,,0.376,0.248
776cab2d0c77,0,,0.376,0.248
7c787275922e,100,,0.376,0.248
ad29ef239c84,1,,0.376,0.248
89267858a423,93,,0.376,0.248
8bc4dbdeaebc,36,,0.376,0.248
f04a6d15c9b6,75,,0.376,0.248
6552f5c6a63c,65,,0.41,0.181
da8181d3ddbe,71,,0.41,0.181
a97040d550bf,44,,0.41,0.181
c8ebbf937fe1,90,,0.41,0.181
f097ba2faa9b,6,,0.41,0.181
362b9ace587c,12,,0.41,0.181
c41ab44f4980,0,,0.41,0.181
fc9e50196dfd,71,,0.41,0.181
504d8ac2d944,90,,0.41,0.181
69f2bb6d0f1c,31,,0.41,0.181
be4fc955826a,7,,0.41,0.181
0ea987b1cc9c,98,,0.41,0.181
8c2558b1c8d6,24,,0.41,0.181
3bd9bf5c7950,100,,0.41,0.181
4e4bcb35546d,14,,0.41,0.181
0c4142875af7,83,,0.41,0.181
49067fdb3443,98,,0.41,0.181
5d1d77295d8d,91,,0.41,0.181
97df38563b28,57,,0.41,0.181
e9993737777a,35,,0.41,0.181
e89f8e43e499,7,,0.41,0.181
82a7aea00896,8,,0.446,0.109
878defa93873,100,,0.479,0.042
0a8a013bfa80,80,,0.548,0.097
f84371dfd621,0,,0.548,0.097
b85b14dd596c,95,,0.579,0.158
d67741e95cdb,95,,0.579,0.158
5bb0abe31987,58,,0.673,0.347
54edd59f1bd2,3,,0.673,0.347
34989621c899,100,,0.673,0.347
06b9e1c54bca,100,,0.673,0.347
54d3fb4e9634,0,,0.701,0.402
52c1efeb8862,0,,0.701,0.402
7d83ea1e1f7e,0,,0.701,0.402
043402f72aac,99,,0.673,0.347
970c40419364,24,,0.732,0.464
f89c3b1a527f,99,,0.732,0.464
95af05f39fe4,72,,0.732,0.464
12783bf80221,72,,0.732,0.464
8e6a1e71e785,100,,0.732,0.464
5762455cbda0,8,,0.732,0.464
311a53283341,0,,0.762,0.525
2adc857ec1bb,25,,0.762,0.525
274ba37db57b,24,,0.793,0.586
72abf837d689,38,,0.823,0.647
4cd59782ff9c,38,,0.823,0.647
aba177ff5f0c,0,,0.823,0.647
38ae693a20b3,1,,0.823,0.647
d5707353875c,84,,0.823,0.647
c294e76b0998,60,,0.823,0.647
4c75a277bcbd,0,,0.823,0.647
e92d247b1719,1,,0.823,0.647
ede3b79ccd7a,0,,0.823,0.647
ce4479fb1650,55,,0.823,0.647
e6f5e93acbda,62,,0.793,0.586
f1cbf7ea9b6b,0,,0.823,0.647
d9f41d5adafa,94,,0.823,0.647
e5746aefa191,0,,0.823,0.647
a4f240d23841,10,,0.823,0.647
c103fea3f952,0,,0.823,0.647
629f5f1b7237,100,,0.854,0.708
994d1f3c8c30,93,,0.887,0.775
80849a3f5d3c,78,,0.887,0.775
dbe86851ba91,9,,0.887,0.775
a917e61f047b,81,,0.887,0.775
0b9cf17752e0,0,,0.887,0.775
7d4b9bb6d966,87,,0.887,0.775
80669ed49015,91,,0.887,0.775
6c75abbaf460,68,,0.887,0.775
482140bf31ff,99,,0.887,0.775
4bce50ec2d2c,13,,0.887,0.775
460b3841b602,100,,0.923,0.847
03d9b8024698,13,,0.993,0.986
ebb4c11efe88,81,,0.993,0.986
b3109955e4eb,61,,0.993,0.986
079812899c56,1,,0.993,0.986
c725440bd7cb,2,,0.993,0.986
298853105a08,52,,0.993,0.986
efda5bdc0d5b,3,,0.993,0.986
7a689d7fdd66,14,,0.993,0.986
0bc44b9459af,0,,0.993,0.986
cfad1270dbb7,56,,0.993,0.986
f4132ef2cf5a,1,,0.993,0.986
56997637124a,9,,0.993,0.986
8f30a15fc1f6,100,,0.701,0.402
96a31088055b,100,,0.732,0.464
b948d40c20ee,24,,0.993,0.986
386edc24f581,85,,0.993,0.986
ad60d1c7ac48,85,,0.993,0.986
345b5bd2b137,0,,0.993,0.986
6e36db6e451a,0,,0.993,0.986
550be8d86eb3,0,,0.993,0.986
ee63eb245160,25,,0.032,0.936
86110feaab23,99,,0.032,0.936
6ae132951a61,64,,0.032,0.936
90dba92c98a5,96,,0.032,0.936
2078f3eaa5c0,68,,0.032,0.936
4409c75f2903,2,,0.068,0.864
3e50f40a1172,61,,0.068,0.864
5073b4060fef,0,,0.107,0.786
2b067cbd672b,0,,0.107,0.786
210001699539,32,,0.107,0.786
f97ebbf73f2a,27,,0.107,0.786
adb16e6cbca3,0,,0.143,0.714
402bf0bed427,100,,0.143,0.714
95dc7f2195dd,98,,0.218,0.564
df49017fbd9c,100,,0.218,0.564
0f7c94f56ec1,24,,0.218,0.564
883377efe3b6,42,,0.218,0.564
b3b19cd2c2ff,63,,0.218,0.564
1c9b8e6f8f99,9,,0.218,0.564
838b6757084f,80,,0.218,0.564
3f291e1d020d,0,,0.218,0.564
a2866f2391d0,68,,0.218,0.564
458439e2ee5c,9,,0.218,0.564
2de6693aeef3,8,,0.254,0.492
a68fd1300d0a,0,,0.254,0.492
9eb60eea0e13,0,,0.254,0.492
b98798780c7a,3,,0.254,0.492
cb2702d38c72,0,,0.254,0.492
b059f74cd7a0,0,,0.254,0.492
a9a8e07d8e3f,0,,0.29,0.42
9d3a70ed2c10,3,,0.29,0.42
f8c8903ba654,3,,0.29,0.42
c0db953c2028,0,,0.29,0.42
0b78d785c0d0,15,,0.29,0.42
ed3de4e4f372,87,,0.29,0.42
541ea61336b0,88,,0.29,0.42
af00e3ba2816,1,,0.29,0.42
4198d1555a9a,73,,0.29,0.42
3cd0f483947f,42,,0.29,0.42
3a486e41efca,26,,0.326,0.348
34223663f33f,31,,0.326,0.348
378cb01ae26e,0,,0.326,0.348
4e18f2bf3166,66,,0.326,0.348
685ed9ccf044,92,,0.326,0.348
2d6ccd7a444e,0,,0.36,0.281
383307bd71ea,94,,0.36,0.281
508ec30d1425,7,,0.36,0.281
89981d1ab3b6,100,,0.36,0.281
6083025a4a81,100,,0.36,0.281
07bab23b783e,0,,0.36,0.281
7f356f873236,0,,0.36,0.281
ebcb99b09bd4,4,,0.36,0.281
ddf61c35f5fa,4,,0.36,0.281
6013d78f79b2,36,,0.326,0.348
0ffbf67b5c37,0,,0.36,0.281
58cf7b83c7ae,0,,0.426,0.148
ac11d6866c55,0,,0.426,0.148
6d54a2f7774c,44,,0.393,0.214
405d4fdcfdea,0,,0.523,0.047
4d7a86f3958c,10,,0.523,0.047
6664439bb77c,100,,0.523,0.047
6e29ff4a0683,5,,0.523,0.047
de5272a2e5c6,80,,0.554,0.108
969cff17c580,0,,0.554,0.108
0fb9c33914de,42,,0.646,0.291
0af951b9c71e,76,,0.646,0.291
c6a04cfe9118,40,,0.646,0.291
32b4d2e7c14e,11,,0.646,0.291
b94bd2828973,11,,0.646,0.291
1d5c28f339b1,47,,0.676,0.352
229fc6881837,0,,0.676,0.352
b97ea98147e6,100,,0.707,0.414
d8f9f1c4990a,76,,0.707,0.414
e189c1a1de10,99,,0.735,0.469
efba46186deb,83,,0.707,0.414
7eae455f6f61,19,,0.768,0.536
2b80496b81ab,61,,0.735,0.469
201316061a47,86,,0.768,0.536
45a06b642ca6,100,,0.768,0.536
4096a4ec821f,100,,0.768,0.536
728837b25831,97,,0.798,0.597
d824e57369b5,97,,0.798,0.597
e6cd5fb9f161,100,,0.768,0.536
00df018792c7,98,,0.798,0.597
acf69a9834ca,89,,0.865,0.73
ce51ba280cb8,100,,0.865,0.73
7b182d0d1e4d,100,,0.865,0.73
e30b3e02d994,25,,0.901,0.802
34140a4663db,28,,0.901,0.802
69c8040b2136,46,,0.901,0.802
a4154a5778a5,25,,0.901,0.802
7c6a190b650d,56,,0.901,0.802
61e235c76936,44,,0.901,0.802
75f452f577e6,60,,0.901,0.802
d07595eb04e6,98,,0.901,0.802
c552558f2dfa,6,,0.901,0.802
baeecbf728f8,11,,0.901,0.802
df0b0a49b871,47,,0.937,0.875
c494f8fe3a33,19,,0.937,0.875
bffc1a138eb1,82,,0.937,0.875
8b8112d2fa9e,88,,0.937,0.875
7d5eb5a60169,100,,0.937,0.875
ae00406b5cdf,42,,0.937,0.875
970dcaca29fe,18,,0.937,0.875
617c4b371da3,42,,0.937,0.875
d55ba96f5695,100,,0.937,0.875
6757d6ffacac,0,,0.937,0.875
d2cb76159dbb,100,,0.937,0.875
03297c6c87d2,49,,0.901,0.802
d25c88935605,72,,0.937,0.875
24c46769129e,25,,0.937,0.875
062629232488,27,,0.937,0.875
55e0b9af3b51,20,,0.937,0.875
59a554f8c2a4,100,,0.976,0.952
ff2eb1ed39d5,41,,0.901,0.802
5722b82aee30,1,,0.976,0.952
37f9e6d1a165,41,,0.901,0.802
15417bd7edf0,86,,0.976,0.952
5351273981ed,90,,0.976,0.952
03faa13c0d19,1,,0.015,0.97
693815bd81d8,0,,0.015,0.97
fa221bc3ac7d,0,,0.015,0.97
9abe00afd970,0,,0.901,0.802
92a376c4d8a1,24,,0.015,0.97
426c754ccbd1,99,,0.015,0.97
6280076e6f12,51,,0.901,0.802
d48e3c710fe2,100,,0.054,0.892
ff6ce1e52ea9,0,,0.937,0.875
a93fd8ac35be,58,,0.785,0.569
02d4f3be4e18,46,,0.054,0.892
25d912e4a978,92,,0.093,0.814
566b4b8659c8,100,,0.093,0.814
87af6276dd90,0,,0.093,0.814
9c73e397aa19,0,,0.093,0.814
3fafd6fa26ac,5,,0.093,0.814
b532d68e78a3,0,,0.093,0.814
0f6241807f4c,0,,0.093,0.814
74004a9154e2,4,,0.093,0.814
bfcf73ed3c59,31,,0.093,0.814
2fbcb281ec19,3,,0.093,0.814
ebb2991c658c,0,,0.093,0.814
11d71b06b86b,54,,0.093,0.814
02fc5da20ac2,0,,0.129,0.742
f2466c04e2d7,0,,0.129,0.742
49ad08c0c78c,100,,0.129,0.742
9d1c256979f6,100,,0.129,0.742
7beedff85c43,9,,0.129,0.742
cda3f8ea9c99,0,,0.129,0.742
e317eaa9e819,72,,0.129,0.742
3d9ef6242fa8,0,,0.129,0.742
3226160987ec,3,,0.129,0.742
094e51570c42,46,,0.168,0.664
62304ddcd6df,97,,0.168,0.664
c36983194730,3,,0.129,0.742
e8e25a5f63c9,14,,0.168,0.664
c50cf67bea98,33,,0.168,0.664
75ca2575b17f,93,,0.168,0.664
6478929cf0e0,96,,0.168,0.664
bda0e3010945,88,,0.129,0.742
b3a9686ef350,48,,0.093,0.814
ba55af740677,93,,0.204,0.592
932cef8659fe,93,,0.204,0.592
d0f37e048887,15,,0.204,0.592
323d8c532fa2,83,,0.204,0.592
1478c50ebe2f,8,,0.204,0.592
59021d4e1642,48,,0.204,0.592
6973a3c10a12,63,,0.24,0.52
2abfe617e79d,6,,0.24,0.52
9dcb8b5f6601,99,,0.24,0.52
27508a1675af,96,,0.24,0.52
75f7956c3482,14,,0.24,0.52
771ead7c025b,87,,0.24,0.52
25b5f2a363c5,98,,0.24,0.52
8a6d2c39d58c,28,,0.24,0.52
fa2b528e3631,98,,0.24,0.52
2cc0380a2093,75,,0.24,0.52
dfb11e05676f,93,,0.24,0.52
4287ea52ec1b,98,,0.24,0.52
28797073d6bf,6,,0.24,0.52
f2d6b6634a23,96,,0.24,0.52
5e2d35299e5e,15,,0.24,0.52
5ae1c357ffc0,29,,0.24,0.52
6670ae3b1cc3,73,,0.24,0.52
ba09bcffa546,80,,0.24,0.52
de1b8f4a5406,0,,0.24,0.52
caf5a30afffe,0,,0.24,0.52
3232fc349f06,49,,0.24,0.52
b0a04b3d167e,0,,0.24,0.52
2fe8c0e80e96,2,,0.24,0.52
3e649a7056eb,0,,0.24,0.52
3a8aee0498cd,25,,0.24,0.52
6e71e2477b2d,3,,0.276,0.448
2b00cfc608b1,1,,0.24,0.52
350c08a71ab6,97,,0.276,0.448
bd2ae98430bb,97,,0.276,0.448
3dde0fbc0825,98,,0.276,0.448
a6ae769dc4f3,38,,0.276,0.448
d8572f835964,39,,0.276,0.448
425d6291b776,66,,0.24,0.52
65ff8eb7e05f,99,,0.24,0.52
a84a78867d01,19,,0.276,0.448
e550bc618342,28,,0.276,0.448
8b2b1fea28b0,3,,0.276,0.448
8ba8b8fe9e2b,63,,0.276,0.448
745d1ae110eb,16,,0.276,0.448
4e61e51ee485,32,,0.276,0.448
e60c14c80b59,0,,0.31,0.381
fcf01cc6318f,16,,0.31,0.381
f0bba9e0b15c,100,,0.31,0.381
f829211ddf7e,100,,0.31,0.381
09d9d20841b5,1,,0.31,0.381
fe53590a7515,0,,0.31,0.381
75a47d3c280d,51,,0.31,0.381
b8620ae517a7,0,,0.31,0.381
230d4025ce86,2,,0.24,0.52
7d1d88e0dfc3,20,,0.31,0.381
e6a6d9684bd1,0,,0.31,0.381
1c4a4d587689,2,,0.24,0.52
b31575ac2fed,1,,0.276,0.448
77a35c740cb6,12,,0.31,0.381
ff410cd9a9c6,2,,0.343,0.314
dab1578f2f86,0,,0.343,0.314
3c2a8e8d882f,97,,0.343,0.314
33fd238ebef7,48,,0.343,0.314
d3a8ff2e87e4,3,,0.343,0.314
c625356d0858,17,,0.343,0.314
d622d0f75783,3,,0.343,0.314
7157be4c46ae,0,,0.376,0.248
05d4be180f44,0,,0.376,0.248
89ccd65e8deb,83,,0.376,0.248
c5459e726a35,21,,0.376,0.248
83f8c1b88486,74,,0.376,0.248
e0fede391e9c,98,,0.376,0.248
785076b96dd0,10,,0.376,0.248
2684f70e5ff8,99,,0.376,0.248
040d72c8b6de,96,,0.376,0.248
eca7681b5562,36,,0.376,0.248
e972f425c18c,96,,0.376,0.248
2f9921d2ceeb,58,,0.376,0.248
ffb82f9b840c,71,,0.376,0.248
2052fd2f15ac,38,,0.376,0.248
b17a8e9c0e9b,24,,0.376,0.248
405b5e492eff,13,,0.376,0.248
c39e29f5fabe,20,,0.41,0.181
e95f51c558c0,100,,0.41,0.181
872710fdde7c,97,,0.41,0.181
4f47eabf1d18,1,,0.41,0.181
c009fcf128e6,0,,0.41,0.181
226cd88054f4,45,,0.835,0.669
56729626ff05,0,,0.885,0.769
ab6590473d83,15,,0.41,0.181
d27bb6a9e5c6,10,,0.41,0.181
2e504b1ea4b9,6,,0.41,0.181
53e67ddb8c6c,99,,0.44,0.12
3679543d57b2,27,,0.376,0.248
d6136cafa980,67,,0.901,0.802
a8ba3e5d8d07,98,,0.501,0.002
4e31af6b8bc2,100,,0.501,0.002
3b28b4b5b137,100,,0.501,0.002
ff0fc1d858fa,95,,0.501,0.002
3146b52ee303,40,,0.532,0.064
8670f0517f31,31,,0.532,0.064
57ebfe84c647,95,,0.621,0.241
2ce11f29f43e,0,,0.621,0.241
edcce4c5dbe1,95,,0.651,0.302
3254e3c4db08,52,,0.651,0.302
d1017bb5c28e,100,,0.651,0.302
88dfa3b00c8e,54,,0.651,0.302
968fa61ae0d9,86,,0.651,0.302
f8b76494ccf8,89,,0.651,0.302
dc8b68eb1a30,91,,0.651,0.302
66a671e90201,98,,0.651,0.302
1a937291a96f,9,,0.651,0.302
dcb52fdf51ee,98,,0.682,0.363
da726a92f1ee,77,,0.682,0.363
51a0c03ad72a,0,,0.682,0.363
90a3da2b9b11,4,,0.682,0.363
d1aac8eab25e,0,,0.682,0.363
7139117d4f8a,26,,0.682,0.363
d10602a548db,22,,0.651,0.302
8dc273e472d9,89,,0.651,0.302
3bfb9e360181,100,,0.682,0.363
6cb0fe17518d,100,,0.712,0.425
7b5d755ba84f,24,,0.712,0.425
80959280f3c2,9,,0.712,0.425
b6ef376f0300,15,,0.746,0.491
00f9c2b4e5ac,53,,0.779,0.558
9c112306d032,10,,0.779,0.558
349de3455fb5,0,,0.812,0.625
0ea7ea563b8a,0,,0.812,0.625
46f46da37a42,0,,0.812,0.625
549fe7f575f3,0,,0.812,0.625
4d229ce8dd13,79,,0.812,0.625
097fa3ac07d2,100,,0.812,0.625
86e531116c17,100,,0.812,0.625
ba1c4b75ac9b,35,,0.812,0.625
1c313da8aa62,60,,0.779,0.558
b728122dfde8,100,,0.812,0.625
4654837205d4,99,,0.812,0.625
9b71e01b97f8,23,,0.812,0.625
225e751827bb,100,,0.812,0.625
6016648f57c2,84,,0.848,0.697
d07f196ea35e,24,,0.848,0.697
0421f8a53c87,11,,0.848,0.697
23d00efb38f0,100,,0.848,0.697
4296d78fcab7,0,,0.848,0.697
a2ea08365b41,5,,0.848,0.697
81ac8e003c90,0,,0.848,0.697
bc0118a155e8,5,,0.848,0.697
7f5b07993e96,0,,0.848,0.697
a09d7a62c559,0,,0.848,0.697
63daa462acf0,8,,0.848,0.697
ebd00efb644f,34,,0.848,0.697
1490edcbe7fb,9,,0.848,0.697
5e955f5fd357,38,,0.848,0.697
0737df7b5f7e,19,,0.848,0.697
974426ad0f3e,73,,0.848,0.697
7c6840762d57,14,,0.848,0.697
24fbe1696939,16,,0.848,0.697
9f84418ed88f,37,,0.848,0.697
6ad0e4708d33,33,,0.848,0.697
7a94f5ff0fc5,27,,0.848,0.697
12606b6ebf90,13,,0.848,0.697
953ec32ede33,38,,0.848,0.697
85aa439cf65b,1,,0.885,0.769
df7e4a057866,91,,0.885,0.769
ebfce99b1efe,0,,0.885,0.769
b9e0ff6f54b8,8,,0.921,0.841
17a856859efe,97,,0.885,0.769
978b1bdf8f0e,17,,0.921,0.841
fd0de796ecde,100,,0.96,0.919
c68f45b7f1ce,96,,0.96,0.919
d09a792e30d9,16,,0.998,0.997
22242f00d418,79,,0.037,0.925
f7ef2229b2b7,78,,0.998,0.997
675e4ce12b17,4,,0.998,0.997
028ca77d5359,69,,0.998,0.997
6a15cdf6b1e7,45,,0.998,0.997
e53141f44b26,2,,0.998,0.997
ac4349ace501,0,,0.998,0.997
5c825334fd84,56,,0.998,0.997
995302570722,10,,0.998,0.997
e9380c520373,78,,0.998,0.997
f26c15d21ceb,0,,0.037,0.925
3ba049d1d619,6,,0.037,0.925
637593da041e,6,,0.037,0.925
84baa5e23573,1,,0.037,0.925
de03f4c4e129,1,,0.037,0.925
a9c7adf60ea3,0,,0.037,0.925
8ff07ba88340,0,,0.037,0.925
32e113e4153e,0,,0.037,0.925
a27e0077ae88,1,,0.037,0.925
dce68b38e742,39,,0.037,0.925
8dbd1b6eccdb,24,,0.998,0.997
e93fc45a509b,24,,0.998,0.997
38e66fb4f9ee,36,,0.998,0.997
aa6632606dd2,0,,0.115,0.77
229ee298be7e,0,,0.154,0.692
070d7db167c8,16,,0.154,0.692
aaa67f07f609,0,,0.154,0.692
3a61391d052b,8,,0.19,0.62
84e24bc71180,0,,0.19,0.62
605ed863dc1c,14,,0.19,0.62
30d46386bc03,0,,0.19,0.62
8e2221994969,0,,0.19,0.62
83178efe5d62,100,,0.19,0.62
182d0b568023,5,,0.19,0.62
d1b93de71d1e,100,,0.19,0.62
5a49db2c2562,17,,0.19,0.62
39ced74979f6,25,,0.19,0.62
c7389c9e5cf4,73,,0.19,0.62
ee8d28fca619,20,,0.19,0.62
96d874709eeb,7,,0.19,0.62
6d25ab9815e2,10,,0.19,0.62
26c6bfcb1095,4,,0.19,0.62
519ff871bf1d,0,,0.226,0.548
16b01293b419,15,,0.226,0.548
bc3d1d4ad4d2,0,,0.226,0.548
af2ce2218b9e,100,,0.226,0.548
9a0b51cd7cd5,74,,0.226,0.548
6cd3270f4107,83,,0.226,0.548
5d854676ab22,35,,0.226,0.548
1f87a4adf262,87,,0.226,0.548
e6f2d5478634,77,,0.226,0.548
3d3a22107b18,0,,0.226,0.548
2d23ab493fc4,81,,0.226,0.548
6921f269f448,61,,0.226,0.548
a3bbc4cd6a3c,85,,0.226,0.548
95d4a6f2efff,65,,0.226,0.548
fe2631829324,0,,0.226,0.548
ed6c4632c28c,40,,0.226,0.548
fd021f6235fb,10,,0.226,0.548
2fffd340537a,15,,0.226,0.548
aa7d5842ca45,16,,0.226,0.548
7627679b5070,92,,0.226,0.548
04c1dd89398f,18,,0.226,0.548
f06968efd475,0,,0.226,0.548
0ce1ff16bd85,99,,0.226,0.548
85a3c3e05163,2,,0.226,0.548
02444e7720bc,0,,0.226,0.548
cde25f35fa7f,2,,0.226,0.548
c79911e24a14,2,,0.226,0.548
69eec190fae8,95,,0.226,0.548
38320facb83c,1,,0.226,0.548
aa957daa4c70,10,,0.26,0.481
ebdda09da9aa,4,,0.26,0.481
d2ccdca0951e,10,,0.26,0.481
8a8d59a1cf5b,0,,0.26,0.481
ee360bfc49f6,63,,0.26,0.481
afc33be11365,0,,0.26,0.481
5c4dfc0b675b,96,,0.26,0.481
b05b43ccc953,44,,0.26,0.481
ba975c694bbd,0,,0.26,0.481
3af3432d9d5e,0,,0.226,0.548
be23fd2923e5,2,,0.19,0.62
f5939a9305c9,72,,0.26,0.481
bc0aff440158,0,,0.26,0.481
ae848eb2be65,62,,0.26,0.481
d5cd755b8a42,1,,0.26,0.481
3538e05ffed8,1,,0.26,0.481
b131f68bfdd0,19,,0.293,0.414
e7e9c5dcb35c,97,,0.326,0.348
49efaaf6d8ba,90,,0.326,0.348
d92b12d15488,79,,0.326,0.348
ad3896454e49,90,,0.326,0.348
5de51b9de967,68,,0.326,0.348
ea268fcc8a62,88,,0.326,0.348
447e4b70e9bb,26,,0.326,0.348
667dcff5b457,59,,0.326,0.348
f405e9acecd6,50,,0.326,0.348
9f63893e52c4,4,,0.326,0.348
de3eead6f34f,3,,0.357,0.286
1f91924db4fa,94,,0.357,0.286
1ccdbbfe0da6,0,,0.357,0.286
3a48d5acd901,57,,0.357,0.286
20819c5e43c9,0,,0.357,0.286
db584728473e,25,,0.357,0.286
ba9b63c02710,0,,0.357,0.286
89a26d6e991e,24,,0.357,0.286
184c2051d114,100,,0.357,0.286
acb2442864ba,91,,0.357,0.286
f6541188b877,99,,0.357,0.286
8d3afc0382c5,94,,0.39,0.22
ad6dabbc27e2,30,,0.885,0.769
95142d09e8b4,54,,0.421,0.159
7ecc8da1aabd,26,,0.421,0.159
4efdac8bece4,5,,0.448,0.103
79177ee70392,18,,0.479,0.042
89abdb853b74,0,,0.479,0.042
a93a7db5de64,27,,0.373,0.253
bf0e5d1c776c,5,,0.51,0.019
264c00976278,97,,0.51,0.019
2b182b4705f2,0,,0.51,0.019
465e5f896a8e,2,,0.51,0.019
5db53e51f13b,2,,0.51,0.019
8fe74cf3a8a9,10,,0.51,0.019
2daf3bebb745,32,,0.54,0.08
7484391da91d,57,,0.54,0.08
f64c9b939456,82,,0.54,0.08
805325fdaeab,0,,0.571,0.141
1ab8f109f245,34,,0.571,0.141
d4d0770ede96,100,,0.601,0.202
db5d8e864c94,0,,0.762,0.525
57e6f16a3a7c,1,,0.762,0.525
51013fb13025,95,,0.762,0.525
806f7256898d,1,,0.762,0.525
38a492460a0f,1,,0.762,0.525
8f3b39dc2ab3,0,,0.762,0.525
fd2fadb66215,0,,0.796,0.591
de5ae041fe58,87,,0.796,0.591
5fa7c681aa06,36,,0.796,0.591
d31cd1349d7a,0,,0.796,0.591
048e8fef82df,42,,0.796,0.591
4fd3955042e0,15,,0.796,0.591
98bf0cdb6e41,6,,0.796,0.591
d16d43630b17,94,,0.796,0.591
e5b2cff46e58,95,,0.796,0.591
5ac8c4b3beb9,72,,0.796,0.591
733487f7d651,49,,0.796,0.591
b84271768dbb,0,,0.796,0.591
3e5e1fa1eed5,6,,0.796,0.591
794c4c71a3ab,100,,0.832,0.664
e98b6b9a8448,100,,0.832,0.664
f18a719e7f22,97,,0.832,0.664
3960d1246a29,100,,0.832,0.664
41319585a675,0,,0.832,0.664
3f216ed08803,97,,0.832,0.664
57716ebdad5f,96,,0.832,0.664
008d63ee5e7b,17,,0.832,0.664
5fd1187e9df6,2,,0.832,0.664
9d7dd221a125,100,,0.832,0.664
26d90ab03fdd,99,,0.832,0.664
04727ccb3b21,99,,0.832,0.664
a6a16565573f,99,,0.832,0.664
3ac92997a1a2,100,,0.832,0.664
acae652d2295,0,,0.868,0.736
b55cdd6cb38c,68,,0.832,0.664
593538b83ca9,0,,0.832,0.664
b6deb5a2b75b,99,,0.832,0.664
7ae9b936a9ad,0,,0.832,0.664
4d7f44629068,53,,0.832,0.664
5570a8afaaf1,97,,0.832,0.664
fed71e6fb395,53,,0.832,0.664
768f2724f70e,0,,0.832,0.664
d7d38a1e919b,55,,0.832,0.664
419321a46bc3,0,,0.832,0.664
dcd92641108c,0,,0.832,0.664
8c3ba055735f,1,,0.832,0.664
94702861fa3a,0,,0.832,0.664
cc228d14192f,8,,0.832,0.664
f8c8a4e0ae8d,34,,0.868,0.736
7c6fcd7959ce,0,,0.868,0.736
5ffce8c60366,14,,0.868,0.736
fa291a9eeeb6,69,,0.868,0.736
253f3a877561,84,,0.868,0.736
73052e6d8972,5,,0.868,0.736
e595a167499d,11,,0.868,0.736
1862a1a5e2d1,25,,0.868,0.736
2c95e73a262b,77,,0.868,0.736
d061ae7a7710,30,,0.868,0.736
402258f25dc4,100,,0.868,0.736
ed7980081306,90,,0.868,0.736
1fc9ac8d6a99,42,,0.868,0.736
dc3cbbe9d5b7,83,,0.868,0.736
9f7745b6153d,14,,0.832,0.664
e7d86184ea38,98,,0.868,0.736
0f7e980d01e3,56,,0.868,0.736
9a9f7ca7fbda,1,,0.868,0.736
f21a6b1a3ab7,0,,0.832,0.664
d9935213dad9,42,,0.868,0.736
5274bdd4482a,0,,0.868,0.736
1b62c9f7ea54,94,,0.832,0.664
eed9f0892045,1,,0.832,0.664
41dc1dacd09a,4,,0.868,0.736
0449a9e422f6,0,,0.946,0.891
f43de98716e5,95,,0.985,0.969
dff2cb0ec4e0,53,,0.985,0.969
46eed6d76f69,99,,0.023,0.953
f75d91857c18,78,,0.023,0.953
bb40129390c5,97,,0.062,0.875
b8e13f0fd455,63,,0.062,0.875
8434c70a38ec,0,,0.062,0.875
4d22c4c40b67,18,,0.062,0.875
2ec2b3bc047a,24,,0.062,0.875
b31224dd01f4,0,,0.062,0.875
bef9e6ee5d5f,0,,0.062,0.875
de7643d70020,0,,0.062,0.875
45ca9df47634,0,,0.062,0.875
31f0d466ee8c,0,,0.062,0.875
dab798048d91,85,,0.062,0.875
e38a79ef393d,90,,0.062,0.875
830df31a304a,0,,0.062,0.875
3271172f7e98,0,,0.062,0.875
46af0985e1db,0,,0.062,0.875
614e0bf5441a,6,,0.062,0.875
37b1d9bbf5e0,0,,0.062,0.875
2c0414108a3a,0,,0.062,0.875
fe1d3bbe3d75,0,,0.062,0.875
f1ba30a846b3,0,,0.062,0.875
7f5b2fd77170,14,,0.062,0.875
22ea216d2c26,68,,0.062,0.875
dfc048bfbd7b,10,,0.062,0.875
6221aae3ecdf,70,,0.062,0.875
f9740f8915d7,0,,0.062,0.875
cd936974355a,0,,0.062,0.875
67ba8d7d68da,0,,0.062,0.875
24258bef345b,0,,0.062,0.875
eb27ddbae242,12,,0.062,0.875
2f6147844a23,0,,0.062,0.875
829405a854f8,21,,0.062,0.875
082721a60253,3,,0.062,0.875
a4779baa327b,0,,0.062,0.875
c0aa937e621b,0,,0.062,0.875
3028c362f9ab,91,,0.062,0.875
207e59bb97c4,27,,0.062,0.875
93f05ed3f72e,27,,0.062,0.875
f9fb90293892,0,,0.062,0.875
eda899f13a50,81,,0.101,0.798
be78d15a7696,0,,0.062,0.875
e458b4f28ad6,8,,0.062,0.875
4f6463be2c56,35,,0.062,0.875
e5d0c8c6f076,13,,0.062,0.875
c3ecef495dd9,44,,0.062,0.875
d66f55aca073,0,,0.062,0.875
e13bd1fe8ebf,35,,0.062,0.875
43f6ab7ea244,13,,0.062,0.875
abb32cb1f244,0,,0.062,0.875
17cf87f36c1c,7,,0.062,0.875
96c4137e6686,11,,0.062,0.875
3e6449bbbc56,0,,0.062,0.875
3dc87e62185e,2,,0.062,0.875
f0aa06d906d6,35,,0.062,0.875
b81fa28393da,2,,0.062,0.875
1a747e86083f,35,,0.062,0.875
d38fb1b51760,0,,0.101,0.798
f0c43efae278,0,,0.062,0.875
6b4c66a2c0ad,0,,0.101,0.798
aebceaf2749f,3,,0.062,0.875
495926e6736b,0,,0.101,0.798
61cdecf61273,1,,0.101,0.798
bd2f69847682,0,,0.101,0.798
8bdb88d416dc,0,,0.101,0.798
a28d423ce6fe,95,,0.101,0.798
92ba47c543cb,0,,0.101,0.798
b24a9f4a53a4,0,,0.101,0.798
00821d4c0e4a,12,,0.101,0.798
0392cbcd6467,17,,0.101,0.798
1d4ef8ed377d,0,,0.14,0.72
43c3a828483d,20,,0.101,0.798
05b7a6a4d081,97,,0.14,0.72
6fb8d71fe372,1,,0.176,0.648
39c69fdf413c,0,,0.14,0.72
8d3f89b450f0,65,,0.14,0.72
c75002a91b11,0,,0.062,0.875
ce5a1263f76f,100,,0.14,0.72
9a0f699165b8,0,,0.062,0.875
d33ce1b9a912,100,,0.243,0.514
227e76a090d7,12,,0.276,0.448
0a28db4b1436,39,,0.276,0.448
0a3ce57ab61c,7,,0.307,0.386
cc2056b4fb4a,70,,0.307,0.386
bb50b55762b5,1,,0.101,0.798
e15bf503137a,100,,0.398,0.203
66ce484fd775,100,,0.398,0.203
81d02881ebbe,1,,0.521,0.041
9ff81af14c2a,100,,0.551,0.102
efce9ae79f7f,76,,0.646,0.291
6230f02ca213,19,,0.679,0.358
8fc3bc46b12f,21,,0.715,0.43
87519ee78d4a,31,,0.785,0.569
e91305b052f8,1,,0.785,0.569
d6cff3136d41,32,,0.785,0.569
1e5597147dff,0,,0.785,0.569
5fc6bbebc011,100,,0.821,0.641
09744db977c9,25,,0.821,0.641
bc40e4fe11e4,100,,0.821,0.641
3aec4ab42740,5,,0.857,0.714
3bbcf9ca0979,100,,0.896,0.791
0e3ec3b4e20f,100,,0.012,0.975
8427b3ef04b3,14,,0.012,0.975
536266ea6313,63,,0.012,0.975
35fcd2b91977,1,,0.012,0.975
f6afaccf3087,4,,0.012,0.975
4b9296110421,0,,0.012,0.975
3f5adba71c73,50,,0.048,0.903
25dc40352fa0,66,,0.048,0.903
714c59a49305,15,,0.048,0.903
d4c6998f2051,19,,0.048,0.903
e2086c409bc4,9,,0.048,0.903
50ee60b4314c,71,,0.048,0.903
b9cf7d67f71f,10,,0.048,0.903
10aab6f856ce,31,,0.048,0.903
f49beaafeb44,10,,0.048,0.903
055c57aa0a45,81,,0.048,0.903
ea5d5f988ec0,13,,0.048,0.903
7fb9d16f242e,1,,0.048,0.903
7eff551820ee,61,,0.226,0.548
6ff7eec5e7c1,61,,0.226,0.548
dfd780b6d90d,2,,0.257,0.486
29576baa9377,0,,0.287,0.425
f281cc3fb0b8,5,,0.635,0.269
6144413ebf43,0,,0.635,0.269
6930852c63e6,41,,0.635,0.269
88e3a7ee7eec,100,,0.635,0.269
8dc3b129a0d4,19,,0.635,0.269
e0492cca9f7e,19,,0.635,0.269
1836bc3df7fc,100,,0.74,0.48
355dea1894f3,99,,0.776,0.552
15e6c5caa2c5,100,,0.776,0.552
2f865dce56e2,0,,0.887,0.775
82e381cfd350,8,,0.887,0.775
29af05a57126,8,,0.962,0.925
bf4f2fdafb6d,90,,0.962,0.925
69a2a11756f9,81,,0.107,0.786
dcc3f1068386,7,,0.107,0.786
695ba13cb334,32,,0.173,0.653
39d3aa2c1c37,53,,0.173,0.653
88bc92ae9baa,82,,0.173,0.653
3155c295c9b4,98,,0.265,0.47
31820ecff8b6,97,,0.265,0.47
79611979a1bf,32,,0.265,0.47
24b1b3a90588,11,,0.326,0.348
039b0c1e9336,53,,0.357,0.286
9227e772c2ec,100,,0.387,0.225
39560c981d39,17,,0.451,0.098
dfba401cc71d,10,,0.451,0.098
74b4e60faf16,0,,0.485,0.031
a01b6f260153,87,,0.518,0.036
84dbe0b80e5d,0,,0.518,0.036
ae96b6303d9d,20,,0.518,0.036
b7fc85b89389,2,,0.518,0.036
b1376b83e3e2,13,,0.518,0.036
08ce517d15c9,0,,0.518,0.036
be0e9b7633a7,2,,0.518,0.036
9be351c3a09e,0,,0.518,0.036
1562de6c0456,5,,0.518,0.036
b2105ce60829,0,,0.518,0.036
2934a25f2d68,14,,0.518,0.036
8c1343e6553b,51,,0.518,0.036
bc3f989ca9b3,29,,0.518,0.036
7353f4660ae0,97,,0.551,0.102
fd12e628b65e,100,,0.587,0.175
80125d956dab,78,,0.623,0.247
4bfbb8792da8,53,,0.66,0.319
dfb8ecd5b492,0,,0.696,0.391
35220fd9744c,0,,0.696,0.391
dd119038fc99,0,,0.696,0.391
450c7c1963f2,31,,0.696,0.391
4dbfb3a21044,0,,0.696,0.391
bad4dcc6901d,0,,0.696,0.391
0017d96d7146,30,,0.696,0.391
5b7003d45980,0,,0.696,0.391
405b5ecbb903,10,,0.732,0.464
f6e43c191863,97,,0.804,0.608
18cabcc167de,1,,0.804,0.608
f7c34f42e1ad,1,,0.84,0.68
c4f872e7b55e,63,,0.84,0.68
06355affc6f4,55,,0.84,0.68
b4559aec2daa,1,,0.84,0.68
3afce74315c4,5,,0.84,0.68
0baad77e2244,45,,0.804,0.608
61b8d3f2e00e,47,,0.84,0.68
a7bf0575d7c5,22,,0.84,0.68
e8fc1abb2d6e,97,,0.84,0.68
a5d789a8989d,4,,0.84,0.68
7863fbe78788,57,,0.915,0.83
62d4eb36ec89,17,,0.915,0.83
e667c273c0e5,100,,0.951,0.902
532336181200,100,,0.951,0.902
7660532900d7,0,,0.985,0.969
bebc75606c85,77,,0.985,0.969
0c59a80687a4,1,,0.985,0.969
62918a063905,0,,0.021,0.959
1f9740bfddeb,0,,0.985,0.969
2dbfed6eff7f,1,,0.021,0.959
297931c6e4ab,2,,0.021,0.959
aa128bfe8893,85,,0.021,0.959
b38d71203b7c,7,,0.021,0.959
d4f898b0de4b,0,,0.021,0.959
312bdac3fb10,0,,0.021,0.959
4aaee66b1ba7,0,,0.021,0.959
4f588a270ffd,22,,0.021,0.959
a2ff5b9188c6,0,,0.021,0.959
f565e7b88f7e,2,,0.021,0.959
6b6d15670aaf,0,,0.021,0.959
141ea9e34ea2,63,,0.021,0.959
fa2c9b8a9d8a,8,,0.021,0.959
3c4ac8d01fc6,23,,0.021,0.959
87b9ac990a09,16,,0.021,0.959
5bd37c2cbd79,0,,0.021,0.959
d21332eccd08,2,,0.021,0.959
0c6ed25c3027,13,,0.021,0.959
67fde3d1c4a9,98,,0.021,0.959
bc1e37cd0e00,27,,0.054,0.892
4c54f4f57457,21,,0.054,0.892
50b4c9990bc3,0,,0.054,0.892
dd7eee19ff2c,79,,0.054,0.892
03f4c1e74d29,11,,0.054,0.892
62dee2343938,44,,0.087,0.825
ff00f3bdc4a3,12,,0.087,0.825
e215e10456f1,14,,0.087,0.825
ec0f0bfe67fd,41,,0.087,0.825
e29b1bcaeecf,3,,0.087,0.825
08cb21effa82,6,,0.087,0.825
509f0228b695,65,,0.087,0.825
b469005bd740,0,,0.087,0.825
35990b641f27,13,,0.087,0.825
699b85a4b240,44,,0.087,0.825
cf6727b6cdf0,99,,0.121,0.759
f8befb96d4c0,99,,0.121,0.759
82135937f048,1,,0.121,0.759
a2834d4405f8,42,,0.151,0.698
71220a992baf,22,,0.151,0.698
2dc3177ebf77,10,,0.185,0.631
05738d1a0d1c,78,,0.185,0.631
ba48155bebd3,17,,0.185,0.631
75e44fdde19c,98,,0.243,0.514
048ea436e5a4,8,,0.243,0.514
fadfda0bbfa3,100,,0.273,0.453
cf29507e2ba8,20,,0.304,0.392
8c219468fff2,10,,0.304,0.392
9b9a90be9592,19,,0.304,0.392
2f2b7be33343,73,,0.304,0.392
7b13f0e246d0,20,,0.304,0.392
12f9a5e5cca4,16,,0.335,0.331
25221135dd41,12,,0.335,0.331
30b7c1ac0716,37,,0.398,0.203
61510d237eed,0,,0.468,0.064
6a7f8dd119f7,1,,0.501,0.002
a588fd1c60cf,0,,0.501,0.002
99e436ad8a4e,0,,0.54,0.08
6823ee7a6c58,90,,0.612,0.225
3cbb5bf3e557,4,,0.651,0.302
de2f1cc30ebc,1,,0.651,0.302
e0fa5f47ec85,53,,0.651,0.302
4d6820edd39e,5,,0.687,0.375
2ad5c0a9b196,0,,0.687,0.375
0e0809aa1794,0,,0.687,0.375
aef368fad502,49,,0.687,0.375
13c309de83fa,14,,0.687,0.375
448951e31bfd,28,,0.687,0.375
c3a5ff55ade3,91,,0.687,0.375
6617ac6e5c5b,26,,0.687,0.375
c492d42d346d,0,,0.687,0.375
c38052b81667,26,,0.723,0.447
af0fc574053b,36,,0.723,0.447
a95649bc6243,89,,0.723,0.447
70c679f89126,36,,0.723,0.447
4ebe381e8033,89,,0.723,0.447
8071044f3019,10,,0.723,0.447
7546989707a4,80,,0.723,0.447
dddf36ca2b54,58,,0.723,0.447
4ea1e59d0c42,0,,0.651,0.302
17c88e6c8b32,51,,0.723,0.447
b0c8d49326ef,0,,0.723,0.447
6681379ec50e,42,,0.723,0.447
5b745bedb80c,54,,0.723,0.447
defabc01f147,88,,0.687,0.375
5948a826ba5c,1,,0.723,0.447
5f3efa82b371,61,,0.723,0.447
b1fdf8c6096d,0,,0.723,0.447
b854fb8ab7af,50,,0.723,0.447
2af7c0c3316a,67,,0.723,0.447
a0368c91b25e,0,,0.723,0.447
552c1f9f8d2f,63,,0.76,0.519
2b772fcd3ab2,2,,0.76,0.519
de8995c8fec2,9,,0.76,0.519
1f0eefb2925c,23,,0.76,0.519
3832e53e8743,13,,0.796,0.591
ca2a71a20979,10,,0.796,0.591
699d878bed16,14,,0.796,0.591
98f042f393e9,5,,0.832,0.664
778183214fad,77,,0.832,0.664
dc6fadcb9a3f,0,,0.885,0.769
2b8acf5b6101,21,,0.904,0.808
e8ff476c8388,4,,0.937,0.875
47ef7cb2faa6,87,,0.937,0.875
d59745586c9f,0,,0.937,0.875
e03a68373a0f,0,,0.937,0.875
c89fa9b213b9,100,,0.937,0.875
ffd8da8950b0,14,,0.937,0.875
d8dd1ba93bd1,31,,0.937,0.875
e9706a9e0755,93,,0.937,0.875
2b34cd2eda64,19,,0.937,0.875
f67790cdb07a,30,,0.937,0.875
64abfbf31749,0,,0.937,0.875
abda58419d22,51,,0.937,0.875
ddc55224859c,5,,0.937,0.875
4e6c1950c366,11,,0.937,0.875
fbf8097f4e1a,89,,0.937,0.875
0f8b3132822c,87,,0.937,0.875
b81e969dd9cb,23,,0.971,0.941
38f6508b503b,5,,0.971,0.941
37e7ebfd1a9b,0,,0.971,0.941
ca5e0994f6f8,0,,0.971,0.941
d328b4ac0622,62,,0.004,0.992
5b5375b275e0,86,,0.004,0.992
b3504a21bb7b,86,,0.004,0.992
1f7f78fa5f10,0,,0.004,0.992
d03dcc8d1a70,0,,0.004,0.992
03f923dafda3,91,,0.004,0.992
5b4e466ee0eb,52,,0.004,0.992
5700efed1302,91,,0.004,0.992
97263fd460f9,7,,0.004,0.992
9b1bf5f89c00,0,,0.004,0.992
51d013af7a66,0,,0.004,0.992
db31721e2681,24,,0.004,0.992
677032e044ee,0,,0.004,0.992
77beebc693f4,1,,0.971,0.941
09ad015d9e07,76,,0.004,0.992
b1905ae54c8c,63,,0.004,0.992
ea1dc252644a,99,,0.004,0.992
9d12d8f9748c,48,,0.004,0.992
26b61275fdbc,96,,0.004,0.992
ee6b4b64df17,63,,0.037,0.925
752067c0bd36,57,,0.037,0.925
60eb16b2f174,7,,0.037,0.925
8a282a52fd6d,0,,0.037,0.925
d187b2213d92,43,,0.037,0.925
6b01afab8507,24,,0.037,0.925
a74630f6db54,0,,0.037,0.925
8a32bc3538c4,9,,0.037,0.925
e61a0bfd382d,16,,0.037,0.925
2522e6e5d337,0,,0.037,0.925
f18d29e65add,4,,0.037,0.925
dd085c3dba95,1,,0.037,0.925
ea762cf0ada0,100,,0.037,0.925
26b8f229d55a,0,,0.037,0.925
303a4f9091bd,13,,0.037,0.925
d9be9bff3926,100,,0.037,0.925
209ed9fea917,100,,0.037,0.925
62d79b97a700,61,,0.037,0.925
c078f5a888fa,60,,0.037,0.925
143897e6ec5b,88,,0.037,0.925
8dee5d1f275e,0,,0.068,0.864
5f189f4093f7,40,,0.068,0.864
40e27f53e9e3,0,,0.068,0.864
42cb576f831e,17,,0.068,0.864
1c4c93e37789,18,,0.068,0.864
9e745a8f826e,0,,0.068,0.864
37d1b369a1d5,8,,0.068,0.864
778cb4384271,6,,0.068,0.864
5fda3feedda0,3,,0.068,0.864
a9dd786847aa,3,,0.068,0.864
1a4c02a023f2,37,,0.068,0.864
087464bc7adf,0,,0.068,0.864
f9f4d897e569,0,,0.068,0.864
b75de8d84eab,11,,0.068,0.864
6bd8ca8c8881,26,,0.068,0.864
b5183159149c,7,,0.068,0.864
308a90612361,15,,0.068,0.864
d5c5b5b42794,25,,0.068,0.864
bd7c877ff54a,0,,0.068,0.864
820b0a43bfab,0,,0.068,0.864
52b5c8f10f16,38,,0.101,0.798
04ddd626a53b,30,,0.037,0.925
3f1d59bd3ea5,0,,0.101,0.798
20151f372b72,0,,0.101,0.798
7b16c9c23ce6,0,,0.101,0.798
b249a6c59095,0,,0.101,0.798
1ab272077a87,45,,0.068,0.864
10e0f18471c0,5,,0.101,0.798
89b4ddc6b49d,40,,0.101,0.798
a94de6b40e4a,0,,0.101,0.798
46818613166e,5,,0.101,0.798
f22d2249f60a,2,,0.101,0.798
728142bac740,2,,0.101,0.798
aa17e2513d1c,0,,0.101,0.798
a2728cea8cd0,31,,0.132,0.736
7383f94027bb,67,,0.132,0.736
3521aa413ead,67,,0.132,0.736
476c73acf8f3,14,,0.132,0.736
68d60adb1630,47,,0.132,0.736
b045dac79fea,86,,0.132,0.736
2a882c11d433,3,,0.132,0.736
d017842324d0,86,,0.132,0.736
488680cfc08d,61,,0.132,0.736
835f400c1122,18,,0.132,0.736
8451432126ef,74,,0.132,0.736
26d7508f09a7,39,,0.132,0.736
0409498eef8f,50,,0.132,0.736
98511256d8a1,33,,0.132,0.736
f7fcd106dbc8,1,,0.132,0.736
f52ada5c4cb1,36,,0.132,0.736
36b33f7c42b4,6,,0.132,0.736
18a5ac91a39d,0,,0.162,0.675
62d87b8867d0,97,,0.162,0.675
8ccd75916aa3,55,,0.162,0.675
e67618f41bac,51,,0.162,0.675
b7dc111290cb,97,,0.162,0.675
eadacde84225,81,,0.19,0.62
dde0a4b7d433,36,,0.19,0.62
4bbc13eaa1c0,0,,0.19,0.62
5a4120d44229,63,,0.19,0.62
4afc22c02cd6,0,,0.19,0.62
9372b7d80b10,1,,0.221,0.559
864d86d16a34,75,,0.221,0.559
08d34190f57e,79,,0.221,0.559
8b1a9c7e9fe4,7,,0.221,0.559
a02de28d13c9,11,,0.221,0.559
b55c968448df,0,,0.221,0.559
12e1f4ff21b7,0,,0.221,0.559
1ab996056764,1,,0.221,0.559
693752ed9e41,9,,0.221,0.559
9e325d89f9cd,0,,0.251,0.498
77ef3de9eda2,75,,0.251,0.498
5e49a356d578,0,,0.251,0.498
a06e402168a1,7,,0.037,0.925
143e399558f9,98,,0.068,0.864
a8acbdbc4887,86,,0.312,0.375
72a306b6a51c,61,,0.312,0.375
9f7234cc7e63,27,,0.312,0.375
c39493246b15,19,,0.312,0.375
1a4180098696,23,,0.346,0.309
16b9e9714fd4,7,,0.346,0.309
8a58ba9acc41,0,,0.346,0.309
66d120e0b02f,7,,0.068,0.864
4597b4b9026a,2,,0.379,0.242
4e931ac48ae1,10,,0.379,0.242
183b2546c872,0,,0.379,0.242
1c228b5c2e83,0,,0.415,0.17
dd0a7df57242,11,,0.415,0.17
d0a6bb6f6479,0,,0.415,0.17
0605522bd1fe,0,,0.415,0.17
00250f5abed8,1,,0.415,0.17
ca467c692094,5,,0.451,0.098
87d5763de64d,4,,0.451,0.098
551157f8a634,30,,0.451,0.098
bd4fef6f7d55,64,,0.451,0.098
6b6ad87354fd,12,,0.451,0.098
88ae507486fc,70,,0.487,0.025
bbcf9015fc6d,89,,0.451,0.098
c449c94c0bda,6,,0.601,0.202
2085fef1ac3d,99,,0.64,0.28
526be2674a48,0,,0.64,0.28
df47d2d5e031,5,,0.64,0.28
3061b8bd6f00,20,,0.64,0.28
be43f515d424,3,,0.64,0.28
ec97e92c36a3,0,,0.64,0.28
45083ff71672,0,,0.64,0.28
08d7cca26f42,0,,0.64,0.28
8122ec7f9c77,0,,0.64,0.28
33b60b87f044,96,,0.64,0.28
de481c394aec,5,,0.64,0.28
7659fc4ebd71,80,,0.64,0.28
5a943052b932,96,,0.64,0.28
220be5227576,0,,0.64,0.28
01b0e5a20ae8,38,,0.64,0.28
5ceefa3dcb15,89,,0.64,0.28
aa9c78183d2c,0,,0.64,0.28
48e582af518b,36,,0.64,0.28
adddedddece7,19,,0.64,0.28
745d91934a9f,65,,0.64,0.28
c8f16b792cbd,65,,0.64,0.28
f25b18cbe641,56,,0.676,0.352
ade3211052a8,100,,0.715,0.43
f475e91fa0df,33,,0.715,0.43
b979543f04f7,6,,0.751,0.502
29086ff51ff5,4,,0.751,0.502
b4dc4e4c2093,11,,0.787,0.575
2bd15cb8e237,67,,0.787,0.575
558a1033b1be,67,,0.787,0.575
d9a981feb8d8,0,,0.821,0.641
06cea8d30b5e,1,,0.821,0.641
0d6fd7bd289f,0,,0.821,0.641
76d62159a43a,75,,0.821,0.641
78492f92e61d,0,,0.821,0.641
bc67b3585d14,2,,0.821,0.641
7ac99c536fa7,0,,0.821,0.641
2532754688ea,24,,0.821,0.641
ad397115b8ab,0,,0.821,0.641
1441fd7eb2f4,0,,0.821,0.641
2fcad9df569f,20,,0.787,0.575
509281f694a2,34,,0.821,0.641
67288c7fe2e1,2,,0.821,0.641
10445e613b0b,48,,0.821,0.641
c32ab9f63487,69,,0.821,0.641
6bee16098bad,12,,0.821,0.641
56f16b7ca718,0,,0.821,0.641
7acbbac1cc91,28,,0.821,0.641
f99a97ef73b2,32,,0.821,0.641
c1d419594894,9,,0.821,0.641
37b924fca168,95,,0.821,0.641
c29956cdbd37,93,,0.821,0.641
de335958fcbd,81,,0.857,0.714
029472d05689,43,,0.857,0.714
f8904b2745d5,0,,0.857,0.714
b7081e272e5c,1,,0.857,0.714
597371af54bc,5,,0.857,0.714
d3b99f050d99,6,,0.857,0.714
12bb89b20af5,3,,0.857,0.714
edce74fc5660,0,,0.857,0.714
2e0a8e04721c,2,,0.857,0.714
83818f725851,0,,0.857,0.714
7234de8745d0,0,,0.857,0.714
b745378ca221,0,,0.857,0.714
e310644c776d,0,,0.857,0.714
f795add565c8,100,,0.857,0.714
019f55f3e40d,61,,0.857,0.714
754405374d01,1,,0.857,0.714
dca2293a47b8,91,,0.857,0.714
bec2e85a4773,97,,0.857,0.714
1f41e1155675,71,,0.857,0.714
04ec6b7a3acb,0,,0.89,0.78
61cb89d060a5,1,,0.89,0.78
3c3ddbc51425,14,,0.89,0.78
7d3c62b28bc0,0,,0.89,0.78
9e869dd27e2f,0,,0.89,0.78
2c28c78997fb,12,,0.89,0.78
3543ad5b55c5,3,,0.89,0.78
40735767cdf3,1,,0.89,0.78
fbe99b59e4ae,27,,0.89,0.78
d9bbdbb15caf,77,,0.89,0.78
85f18075d8ef,81,,0.89,0.78
af9f799a11ff,48,,0.89,0.78
8d5afa3b4847,13,,0.89,0.78
08d3da913518,30,,0.89,0.78
70afeb9a9397,0,,0.89,0.78
c38327f806ba,35,,0.89,0.78
be05ee6f44ac,70,,0.89,0.78
464074cb1a50,0,,0.921,0.841
e5e8491c8e31,1,,0.921,0.841
485eee9a3fe8,0,,0.89,0.78
ce181ba4c170,0,,0.921,0.841
ca090edda970,0,,0.921,0.841
ba11b2fa3401,22,,0.921,0.841
6395e87cf099,0,,0.921,0.841
42e494548290,0,,0.921,0.841
9df337e1dd4f,0,,0.921,0.841
8fc3d6d17411,0,,0.921,0.841
d50bb3ff151a,1,,0.921,0.841
7c415e8ec44b,0,,0.921,0.841
b28bc2cbe901,0,,0.921,0.841
f427afdad74e,0,,0.921,0.841
66327d1c9566,24,,0.921,0.841
9bf7df0af5f6,60,,0.921,0.841
18b94d2b4b5d,0,,0.921,0.841
44226849995b,12,,0.921,0.841
3e9140e9aac7,45,,0.921,0.841
932a91d576e1,92,,0.921,0.841
ce083a43feeb,0,,0.921,0.841
e9612075a41c,77,,0.921,0.841
3c37637a6c11,77,,0.921,0.841
d1f046ce1b1c,57,,0.921,0.841
9ca632ab17a5,99,,0.921,0.841
9e3e2383ab0c,100,,0.921,0.841
295dcc427a2f,52,,0.921,0.841
db8104778a84,14,,0.954,0.908
1b090913e997,0,,0.954,0.908
10f27c7daa28,47,,0.921,0.841
f3fa409891ec,1,,0.954,0.908
4c5fd22afecb,26,,0.954,0.908
196110f98552,0,,0.954,0.908
b5eef1f882f5,1,,0.954,0.908
24449fd4d797,0,,0.954,0.908
4811e2fc82cc,1,,0.954,0.908
8608174c8393,3,,0.954,0.908
290c4169ac3d,0,,0.954,0.908
14ab8f98bf94,0,,0.954,0.908
851d710ea70e,0,,0.954,0.908
d8f8daf54c92,58,,0.954,0.908
7e7ec653a52a,0,,0.954,0.908
316ba92e55ce,31,,0.954,0.908
069369cb39df,1,,0.954,0.908
5c686f1b4b62,50,,0.954,0.908
74952bff2c1f,0,,0.954,0.908
fc280aa198ad,0,,0.954,0.908
8b9fd5d9a92a,84,,0.954,0.908
c9b13f804e5a,13,,0.954,0.908
cd75cfec2cf0,0,,0.954,0.908
f06945fb882c,0,,0.954,0.908
7e75c22246e2,98,,0.921,0.841
99fe29cab7d6,2,,0.954,0.908
48c32e134401,10,,0.954,0.908
2f2b6eedaa8d,97,,0.954,0.908
f79777f8aa99,13,,0.954,0.908
816638b03018,12,,0.954,0.908
87c5c3feb696,55,,0.954,0.908
ace634991bc9,3,,0.954,0.908
00d0cd045b76,32,,0.954,0.908
663b7465f849,0,,0.954,0.908
4ac83f104eee,87,,0.954,0.908
8a7099403571,22,,0.954,0.908
68d6de5c48a3,95,,0.954,0.908
47f5b32b6982,0,,0.985,0.969
fa3ce794a238,89,,0.985,0.969
b28f7552d16a,92,,0.985,0.969
1b6e9d21bfc7,88,,0.985,0.969
5e73342c2e53,3,,0.985,0.969
c8c25e4d1770,2,,0.985,0.969
3ef74dee36f6,19,,0.985,0.969
cf75a684039a,24,,0.985,0.969
7e50233efcf0,19,,0.985,0.969
68b93dd519b6,63,,0.954,0.908
fd4ee2c0be37,0,,0.985,0.969
50e8f821f4b2,19,,0.985,0.969
0d029455a3ef,82,,0.985,0.969
e5e47ecbe681,43,,0.985,0.969
9a7a1b38de3c,34,,0.985,0.969
95986b9a5a1f,98,,0.985,0.969
754cbbbd613c,14,,0.985,0.969
8db5bdb72ab9,35,,0.985,0.969
fdc83145a8d8,68,,0.985,0.969
186ab2b1baea,99,,0.985,0.969
26dacc5b283a,0,,0.018,0.964
faaef1a79500,0,,0.018,0.964
67699f79ab7e,100,,0.018,0.964
8193a2e604b4,0,,0.018,0.964
ce4a0740c188,100,,0.018,0.964
0aead16286ad,20,,0.018,0.964
d3a9a66aef14,52,,0.048,0.903
60301e23aabe,100,,0.048,0.903
4fd6dec65e03,75,,0.048,0.903
6fb361dc933c,100,,0.048,0.903
fff56bfb7c06,98,,0.048,0.903
2b50d7a07783,0,,0.048,0.903
6b0cbec93d15,1,,0.048,0.903
b38b77adfacb,0,,0.048,0.903
0aee2283c0d5,21,,0.048,0.903
f75061a2f18c,99,,0.079,0.842
3b4063144170,41,,0.079,0.842
bed56d9b4a56,41,,0.079,0.842
c75da3444bc5,1,,0.079,0.842
7bdd8d0bf185,0,,0.079,0.842
7b095e093ed9,0,,0.079,0.842
54e7d297991e,55,,0.079,0.842
d837abea1255,0,,0.079,0.842
fc5bb8c89720,2,,0.079,0.842
f3aae1a21f16,90,,0.107,0.786
5a45713434e6,86,,0.107,0.786
a8c12e728a61,93,,0.107,0.786
f78bdfe2b0dc,100,,0.107,0.786
e52ed03abda0,99,,0.107,0.786
4eea355ad0d1,80,,0.107,0.786
4a5fd0fd1b60,100,,0.107,0.786
fafb24f4a4c6,45,,0.107,0.786
0dfb5ab9f20e,72,,0.107,0.786
e9d018a2dac7,8,,0.107,0.786
d560bbea27ce,100,,0.107,0.786
e439d3e3c7c6,100,,0.107,0.786
97e25910582a,100,,0.107,0.786
0653aabec150,38,,0.107,0.786
3357a7f598a7,56,,0.137,0.725
9d0549a48d56,0,,0.137,0.725
c2c53680a1e3,80,,0.137,0.725
3a6c8289b89f,0,,0.137,0.725
0f050987ede6,65,,0.137,0.725
79ff0fb28e8f,53,,0.168,0.664
acce38fcf231,39,,0.168,0.664
b10ab295d77b,39,,0.168,0.664
21def5249e4f,94,,0.168,0.664
809fa7305d36,0,,0.168,0.664
c8e257d4c0ee,0,,0.198,0.603
bd1caa2cd600,1,,0.229,0.542
36c4645e909e,24,,0.229,0.542
c207ee4842b6,6,,0.26,0.481
1db909c2e009,6,,0.26,0.481
70784192c8f9,100,,0.26,0.481
7ba5fc56b653,90,,0.26,0.481
befb30993f45,100,,0.293,0.414
cf1fa3f2edd6,100,,0.293,0.414
b4a069d16775,44,,0.293,0.414
dfdac26cf1f7,58,,0.293,0.414
3bbdebb37ede,5,,0.293,0.414
0ba53a93d972,16,,0.293,0.414
2e00838ed435,0,,0.293,0.414
a3b3be27930f,100,,0.36,0.281
b406c86be9f3,82,,0.396,0.209
71ab7a46c1dc,67,,0.396,0.209
b0fc2306aa0c,0,,0.396,0.209
d7c05458228a,84,,0.396,0.209
fe4380012fa9,0,,0.396,0.209
c412497665de,0,,0.396,0.209
4b48bc3a9bce,0,,0.396,0.209
e4d7ff4ea3c3,0,,0.396,0.209
ea17d9805154,0,,0.396,0.209
edb6d99e6ff2,68,,0.396,0.209
e28f74cee85c,61,,0.396,0.209
942088a81fb7,55,,0.396,0.209
395fb1b1d658,37,,0.396,0.209
185d7d3c037b,0,,0.396,0.209
bfb8e2cf410b,81,,0.432,0.136
26acfe81274f,87,,0.432,0.136
43b55f7eef23,0,,0.432,0.136
6c68c05c62bb,24,,0.432,0.136
e0870eae8716,33,,0.432,0.136
e20e47097ca4,92,,0.432,0.136
df6a70e2b3b2,6,,0.432,0.136
05da7f0cdb74,20,,0.432,0.136
049deb80ffe1,67,,0.432,0.136
86a6bc8e94fb,87,,0.432,0.136
8f46e672ceb6,8,,0.432,0.136
af5f06172b32,0,,0.432,0.136
7a7275fa8f28,42,,0.396,0.209
20c6790f8cff,0,,0.432,0.136
054911fcf3bd,14,,0.432,0.136
48e5ad1cf4b5,94,,0.471,0.059
e7af3e5f1c54,10,,0.471,0.059
75a004ab7687,96,,0.471,0.059
8eee48b5d847,40,,0.471,0.059
12be1bc1275d,18,,0.471,0.059
b2bebcab954b,82,,0.471,0.059
4a47ff834db3,3,,0.51,0.019
0b0bc3f8e9ed,0,,0.715,0.43
365024d02912,0,,0.51,0.019
a76e9d4ed603,24,,0.51,0.019
ce1a3dbcd104,69,,0.51,0.019
11b4f1df7961,10,,0.51,0.019
169ca6b48a09,88,,0.51,0.019
dafaf41d4fba,15,,0.548,0.097
c92ec57ff05d,43,,0.548,0.097
b325979ec0a5,84,,0.548,0.097
72308a73b539,91,,0.548,0.097
3b62a9d2fcc8,49,,0.548,0.097
4ecbfdf93697,54,,0.548,0.097
0c0420574b82,40,,0.587,0.175
fda7084c766b,55,,0.587,0.175
0f1ccb96b444,83,,0.587,0.175
fd3b2d99ea8d,63,,0.626,0.252
6302eb3d4427,36,,0.626,0.252
23bb665b6f6e,0,,0.587,0.175
a1815ac68258,23,,0.626,0.252
8b2615a7deda,68,,0.665,0.33
0a6ba1e5df10,34,,0.665,0.33
838d871dc6b1,61,,0.701,0.402
635de3ef6bdb,59,,0.701,0.402
2b6baeb69ed6,48,,0.737,0.475
6531b8d51a97,23,,0.737,0.475
f0f5c51aa19b,75,,0.737,0.475
cb12041cf204,63,,0.737,0.475
f284f1699ba6,1,,0.737,0.475
9575f48f75c9,0,,0.773,0.547
c7675d49aa33,0,,0.773,0.547
d1689b8a6907,0,,0.773,0.547
3441194591f2,58,,0.773,0.547
1a98478869d2,100,,0.773,0.547
c4e5eab992e0,1,,0.773,0.547
2df5fe2697bb,15,,0.773,0.547
169e588e80b1,99,,0.773,0.547
e90cb4b61b24,52,,0.773,0.547
190a295337c4,90,,0.807,0.613
b29876236afa,21,,0.807,0.613
d0ce95c29951,44,,0.807,0.613
d6b1c63a2ddc,98,,0.807,0.613
f3fa882eadb9,9,,0.807,0.613
4b7021fa8690,98,,0.807,0.613
80aac22213bd,90,,0.84,0.68
109c17629fb4,84,,0.84,0.68
f6d0243e7841,46,,0.84,0.68
ceecfae8ced9,0,,0.871,0.741
81696bc53ba9,0,,0.871,0.741
c6c544130a38,54,,0.871,0.741
1622b8068e15,1,,0.871,0.741
5d3e3cd29e42,1,,0.871,0.741
6c4f88d75747,100,,0.871,0.741
54b64fcbb5f5,57,,0.871,0.741
ede5bffceff9,84,,0.871,0.741
783e8b2bfe3a,22,,0.871,0.741
03fc181cc5b5,97,,0.871,0.741
a8f785aeb0c1,65,,0.871,0.741
c8751534eafe,52,,0.871,0.741
bac7ae07fe51,59,,0.871,0.741
63b0b8d9cfb7,75,,0.871,0.741
f66f7256cf7a,0,,0.871,0.741
fd5a9a1e83ab,19,,0.904,0.808
2b703cee1afe,71,,0.904,0.808
d56fcb79f356,99,,0.904,0.808
4a1d0a47653f,0,,0.935,0.869
bd10f245ab01,0,,0.935,0.869
977c95b3166c,11,,0.935,0.869
cbf4188c4941,11,,0.935,0.869
4ee41c831eb5,41,,0.965,0.93
62b57619d141,66,,0.965,0.93
148183469108,100,,0.965,0.93
93fa88d84d57,27,,0.965,0.93
ac0541656d88,7,,0.965,0.93
fb775f05c054,78,,0.965,0.93
c4c96d71bde5,95,,0.996,0.991
bc2377bbee71,95,,0.996,0.991
16eac0745044,100,,0.026,0.948
13d3ac8b0963,63,,0.026,0.948
3045e023a32e,65,,0.054,0.892
27af5061bf88,93,,0.085,0.831
f1c69c9f025a,0,,0.085,0.831
6041be2f1b40,50,,0.085,0.831
993e7c34c871,11,,0.115,0.77
88450c95ba5a,2,,0.115,0.77
ce9114aa3ef6,86,,0.115,0.77
ef4cde705f2f,29,,0.115,0.77
4db16ae351d3,29,,0.115,0.77
059162a6a251,100,,0.115,0.77
ffb1240a5323,63,,0.115,0.77
f96f4e508ad9,63,,0.115,0.77
df94deebb10b,100,,0.115,0.77
fe54ecc36ab4,73,,0.115,0.77
bc7172674274,77,,0.115,0.77
b0ab5af5d2a5,58,,0.115,0.77
13325b8418ed,100,,0.115,0.77
10d79c162059,58,,0.115,0.77
7ed01747d600,23,,0.146,0.709
6f4843dcfe2e,44,,0.146,0.709
da6e3d619f0e,0,,0.146,0.709
a1aff1637ddf,95,,0.146,0.709
3fc19f45c776,97,,0.146,0.709
d0417040cd3d,93,,0.146,0.709
3a35203bbbea,100,,0.207,0.586
938ad652def2,88,,0.24,0.52
df09ce24d722,53,,0.273,0.453
cb132a127f32,65,,0.273,0.453
8039fdf19a30,16,,0.343,0.314
0a1dfc7d80f6,76,,0.343,0.314
9b0cf6be9e01,98,,0.343,0.314
7d30aefc28c6,0,,0.343,0.314
8fe40bc2e944,6,,0.343,0.314
1b76f063f0c2,15,,0.454,0.092
d54b83297477,97,,0.454,0.092
dfe0d2769a8e,5,,0.532,0.064
6696b4241326,16,,0.571,0.141
20c059f6d1e8,87,,0.61,0.219
78ed56cfb66f,100,,0.685,0.369
86ed01ac8f61,0,,0.721,0.441
177a0b52c72a,37,,0.787,0.575
db3f6ddd89b1,100,,0.821,0.641
50247df43bba,0,,0.821,0.641
7900682aee41,89,,0.821,0.641
a91666737a64,0,,0.821,0.641
db8fb3185420,0,,0.821,0.641
5ef34f949d43,66,,0.821,0.641
66261b7604a6,9,,0.821,0.641
a1f1f1400267,24,,0.851,0.702
88eb95316730,80,,0.851,0.702
11e7ea6e6073,0,,0.851,0.702
5da8592deb70,93,,0.851,0.702
b93bfeb2477d,0,,0.851,0.702
37d4c4f5a08a,14,,0.851,0.702
f7232ef7a3a5,11,,0.882,0.764
be44e61e030e,0,,0.882,0.764
e2def0d01ea2,97,,0.882,0.764
33fc89bd41f0,100,,0.882,0.764
3c75688a2349,100,,0.882,0.764
32586b0fd4ae,15,,0.912,0.825
d56fdf8a9211,96,,0.912,0.825
537112535617,10,,0.912,0.825
ce5374099a59,0,,0.912,0.825
f3f12500ed59,0,,0.912,0.825
2180ea55e509,0,,0.912,0.825
7196c603dce2,62,,0.94,0.88
1f7daabf0182,100,,0.94,0.88
cd546ee3af50,0,,0.971,0.941
d3367cb71bcc,0,,0.001,0.998
eafc6e511803,65,,0.001,0.998
413b48116115,2,,0.001,0.998
31902fd3e327,47,,0.001,0.998
df9fd60e89a6,84,,0.032,0.936
9c708c1d4ded,72,,0.093,0.814
cdccc2db59fd,1,,0.154,0.692
f712fb100727,0,,0.154,0.692
ee42de7358ca,0,,0.187,0.625
2f28a9c8ac89,91,,0.187,0.625
89925616af64,47,,0.221,0.559
cb1979759b72,94,,0.221,0.559
f92d17f942b9,65,,0.221,0.559
fc6741ef6d25,74,,0.254,0.492
250405d10680,33,,0.29,0.42
b984f37febdf,100,,0.29,0.42
b8abdb19ca21,94,,0.326,0.348
7ce66bc5e810,53,,0.326,0.348
249d4ae0d350,0,,0.362,0.275
b7fa5ed08b2d,75,,0.362,0.275
d2435a0e7302,4,,0.362,0.275
9192f1006b4c,73,,0.362,0.275
1704703a7e78,73,,0.362,0.275
a9296639e631,100,,0.062,0.875
94b063c38b7d,100,,0.398,0.203
a55b1b19e4ef,66,,0.629,0.258
bb793e10e7a5,95,,0.665,0.33
0740bb602c56,38,,0.698,0.397
124119d43c69,99,,0.698,0.397
f29cb2b170c3,0,,0.732,0.464
afdf01b139e4,51,,0.732,0.464
c9f7c3ad9242,0,,0.732,0.464
944210b574ea,55,,0.732,0.464
8515b098f870,95,,0.765,0.53
0c977134e3ac,94,,0.765,0.53
e7f67883983d,100,,0.765,0.53
12242480c461,99,,0.765,0.53
6804344867b3,76,,0.765,0.53
0b1b0734288c,99,,0.765,0.53
16048ce539da,1,,0.765,0.53
e3faf98c3930,19,,0.765,0.53
373528abb1ee,73,,0.796,0.591
8e3f0bfea5dd,91,,0.796,0.591
2456ac989c57,0,,0.826,0.652
f9a22ac0b4f3,35,,0.826,0.652
3e461dcee67f,5,,0.826,0.652
2fd82c88bfca,99,,0.885,0.769
5efab2e06ec7,63,,0.885,0.769
ce99dab3796f,75,,0.885,0.769
01e0d3df6595,0,,0.915,0.83
3b3f41558932,27,,0.915,0.83
b24a673e3153,30,,0.915,0.83
c3d0edacc5ff,15,,0.915,0.83
36ba0a37c5fc,96,,0.915,0.83
924a6f7b6fe1,26,,0.946,0.891
6ac5dfe79520,59,,0.946,0.891
d464b0ad9deb,99,,0.946,0.891
ebb2e4967e07,97,,0.765,0.53
eb3bfd3216b6,81,,0.976,0.952
df6edf188d04,34,,0.976,0.952
fbd9ae9986db,0,,0.068,0.864
358b7f843043,8,,0.007,0.986
1caae599c850,15,,0.91,0.819
d108e76fd755,54,,0.751,0.502
330afdbcf076,0,,0.037,0.925
176b16e48517,73,,0.037,0.925
a4ef39a1e027,92,,0.071,0.859
4ad7d8c09543,100,,0.071,0.859
89f84ad646b5,32,,0.071,0.859
eced59988586,10,,0.071,0.859
aa0b45ba9b4c,15,,0.071,0.859
e78fb69f08c4,80,,0.071,0.859
882a2918b824,100,,0.071,0.859
08d42dd1af2c,10,,0.071,0.859
42aeec3ba78c,96,,0.071,0.859
d2da90c2d431,0,,0.071,0.859
377d5134d392,90,,0.104,0.792
5d86d0d0366a,23,,0.104,0.792
2d7baadb1b47,1,,0.104,0.792
91814dd218ac,97,,0.151,0.698
41098a4559d2,100,,0.071,0.859
85f1cc46c3dc,100,,0.104,0.792
435430f06e70,100,,0.104,0.792
d6d820104395,44,,0.004,0.992
d0b8c34c2a1b,3,,0.068,0.864
37664dd632a6,6,,0.835,0.669
0aef80e403fe,5,,0.518,0.036
1ea58ab54fc3,27,,0.171,0.659
21648df9e402,96,,0.24,0.52
8cb85bb78fef,50,,0.171,0.659
92aabcd4a193,25,,0.171,0.659
69f7c25d7b85,0,,0.171,0.659
4ce31a556525,0,,0.171,0.659
d6930e7bf123,1,,0.204,0.592
d708fcc75da1,0,,0.204,0.592
03d1b85141a3,38,,0.204,0.592
6160846f0af8,11,,0.068,0.864
7df04a198503,25,,0.204,0.592
13e2fac3f606,39,,0.918,0.836
2d7f0b9a6e0b,8,,0.204,0.592
c49fddc89a7d,0,,0.237,0.525
b5d8866c582c,7,,0.237,0.525
f42324b14ce7,57,,0.237,0.525
d2505d7152b9,0,,0.204,0.592
3233d5fbe10d,16,,0.237,0.525
71ace52f7de8,0,,0.237,0.525
6e32cff6bb8c,0,,0.237,0.525
93f185202d39,79,,0.237,0.525
731ff6384d42,2,,0.273,0.453
b6661cafe3ae,3,,0.273,0.453
b6277ed1132e,98,,0.273,0.453
db8269497df8,70,,0.273,0.453
58d632f24d7b,76,,0.31,0.381
aa529e1c0958,93,,0.31,0.381
f83932971e60,35,,0.31,0.381
c2e039f72e6c,100,,0.31,0.381
a0301484ea1c,0,,0.31,0.381
2d7d17a06f31,0,,0.31,0.381
2d43d8e09193,39,,0.31,0.381
e52d4aa56024,100,,0.348,0.303
e3217aa8382e,84,,0.348,0.303
06b707124660,100,,0.348,0.303
90c6fc79694f,61,,0.348,0.303
b5d0abf331b5,94,,0.385,0.231
8f0b972da6c2,13,,0.423,0.153
f3f60f12c742,99,,0.46,0.081
c77c6aba4501,100,,0.498,0.003
43680b1b4412,0,,0.498,0.003
48a51e10d6a0,31,,0.498,0.003
32bc783887fd,77,,0.498,0.003
587314b13a0e,0,,0.498,0.003
4484616f1b46,96,,0.535,0.069
42513a0e6226,0,,0.607,0.214
eacc540f048c,1,,0.643,0.286
562d37b21e51,44,,0.643,0.286
5672dd3456ae,31,,0.643,0.286
8d6d8e595e3e,90,,0.676,0.352
3d85c2899a3f,100,,0.707,0.414
aa18ea76a318,0,,0.707,0.414
7a52bdec2af5,100,,0.707,0.414
bd49e33c7c78,0,,0.74,0.48
eaa18271b9ad,0,,0.74,0.48
3155f90192bd,99,,0.74,0.48
42aec451fa58,8,,0.74,0.48
69f2f8791f5a,14,,0.74,0.48
f7eb54ed26ba,8,,0.74,0.48
0e9cadaf2dff,29,,0.74,0.48
28441fb7eb57,0,,0.74,0.48
46105e9fdf11,3,,0.771,0.541
6ba8a931c873,0,,0.771,0.541
e2715daa588c,94,,0.771,0.541
ea340481777c,89,,0.771,0.541
f59572b8523b,31,,0.798,0.597
24d78134dec3,3,,0.829,0.658
0d4e3a4f1bf2,58,,0.829,0.658
87638b2d29fb,100,,0.86,0.719
af3a28a909ae,100,,0.89,0.78
da1b54008578,36,,0.89,0.78
2d4a3230dd6b,31,,0.89,0.78
dd25610fba9d,100,,0.89,0.78
fea7e4790cf8,100,,0.921,0.841
cd763c2a5060,0,,0.951,0.902
69b2cec1a801,32,,0.951,0.902
d4ce851d8eb0,7,,0.951,0.902
96ebf140507d,88,,0.951,0.902
33a8e6cc2fbe,0,,0.951,0.902
54c7b0de8f06,7,,0.982,0.964
df438cd97ddc,2,,0.982,0.964
9aed757786f9,77,,0.982,0.964
b412d52e1781,0,,0.982,0.964
94743e7c2346,95,,0.982,0.964
47df64127c19,62,,0.982,0.964
fe7ba88a6b8d,98,,0.982,0.964
b3e5334b45ee,0,,0.982,0.964
f478f385866a,0,,0.982,0.964
b681199ff98a,98,,0.982,0.964
5c2f5f89cb14,26,,0.982,0.964
269b5af9617d,0,,0.982,0.964
8b1e7da55bc0,78,,0.982,0.964
4aadddfd7623,67,,0.015,0.97
c83c04755b0c,95,,0.015,0.97
f2a7c5df740c,97,,0.048,0.903
e0dd4f73628c,19,,0.048,0.903
49328c206d4d,50,,0.085,0.831
03e4b43b5a64,73,,0.085,0.831
daa10ecef95f,0,,0.085,0.831
c92950aa2b53,45,,0.118,0.764
69003c1c4fa0,100,,0.118,0.764
77a2dc29cb16,98,,0.118,0.764
3855e75c4094,36,,0.118,0.764
9ecd0a7c3839,36,,0.118,0.764
20ef3aeb297f,21,,0.118,0.764
2b2272b372eb,32,,0.118,0.764
f2a974928c4a,0,,0.154,0.692
15043b2a4b30,0,,0.154,0.692
fdc676a6a972,37,,0.154,0.692
2df29658e21a,37,,0.154,0.692
792e2b99fb74,1,,0.154,0.692
8145b9b15f6a,4,,0.154,0.692
b9794e0211ed,3,,0.154,0.692
1d6248dc3e6c,31,,0.154,0.692
bd1caed27521,30,,0.118,0.764
c4faa740e33b,0,,0.154,0.692
3aad0f7a5c97,2,,0.154,0.692
901b1c8664c9,99,,0.154,0.692
bcd52de14cbd,55,,0.154,0.692
81581c6b2feb,0,,0.19,0.62
e45e83e882f9,0,,0.19,0.62
5f6438b0ac83,0,,0.19,0.62
92165d414e8d,100,,0.19,0.62
b61a80fe4707,95,,0.19,0.62
3c28e04cd90e,100,,0.048,0.903
2aaa656fe39e,79,,0.19,0.62
9f180a02e362,100,,0.19,0.62
5dff4fb7287a,99,,0.19,0.62
f8e20debfae8,4,,0.19,0.62
6592163277a1,42,,0.223,0.553
629262653d46,3,,0.223,0.553
acac5947a58c,89,,0.223,0.553
9b11aab6e764,20,,0.223,0.553
4bac6094ba5a,19,,0.223,0.553
ae0178d016d7,100,,0.223,0.553
05b885893c6b,82,,0.223,0.553
698b7994b7a8,96,,0.223,0.553
5d6a2b59b663,0,,0.26,0.481
843ef1cc55f1,0,,0.26,0.481
c313893bd6fe,1,,0.296,0.409
a5ca0fde18a8,2,,0.296,0.409
1dae52a4d380,2,,0.296,0.409
0c933250ac4a,5,,0.296,0.409
67947b31c771,91,,0.335,0.331
9c81592ac650,0,,0.335,0.331
9e6bf48bfc29,0,,0.335,0.331
95dd84978a5b,100,,0.371,0.259
63728d4e133b,58,,0.385,0.231
e5be89cb5659,1,,0.371,0.259
5e45b2c5ba92,39,,0.407,0.186
19756165f591,100,,0.407,0.186
5fa1abefe1d8,0,,0.443,0.114
72de7c7eacb0,32,,0.479,0.042
10fb8a53e30e,97,,0.479,0.042
16f5479c8c1e,45,,0.479,0.042
39eaac3b2400,100,,0.515,0.03
fd4cb9b5ef5c,36,,0.551,0.102
03e7cfb908e0,7,,0.551,0.102
91cc9942cdb3,4,,0.551,0.102
7ce4ea0add70,100,,0.585,0.169
5afa62c64d47,0,,0.585,0.169
2e824cea7ffa,1,,0.585,0.169
55c09dffb26d,0,,0.585,0.169
ab9c79406678,90,,0.585,0.169
e8a74ee8a041,0,,0.618,0.236
7c0ae49755e7,21,,0.618,0.236
09fa8b7fcabc,0,,0.651,0.302
a2cb7d211a93,0,,0.712,0.425
2625ccbe530b,0,,0.712,0.425
48eb25da39e4,1,,0.712,0.425
41b66ab810f6,0,,0.712,0.425
28ffa9a7004c,36,,0.743,0.486
455db740dc2b,0,,0.743,0.486
11dca3d7a7fb,0,,0.743,0.486
0986874c7ec6,99,,0.743,0.486
51a6c6eb7616,0,,0.743,0.486
4ff4945b90db,99,,0.743,0.486
c1b558bf5378,0,,0.743,0.486
34706222aa14,91,,0.743,0.486
9c0076b9955a,0,,0.743,0.486
37ea0dac544d,46,,0.771,0.541
746acc7ec42a,96,,0.743,0.486
a8f978e0d542,96,,0.771,0.541
e1fc8593917e,98,,0.771,0.541
cb893f104a97,95,,0.771,0.541
1747b66ec34d,94,,0.771,0.541
d80024f19d49,95,,0.771,0.541
6a6720209e3d,100,,0.801,0.602
5c882c97d221,100,,0.801,0.602
5528e6174490,62,,0.801,0.602
bdd0280671ad,92,,0.832,0.664
496447642244,51,,0.862,0.725
cf107e591cb8,39,,0.862,0.725
230b15f33b42,92,,0.862,0.725
d3f10a6ff7a9,26,,0.862,0.725
d7fd7dec603a,82,,0.896,0.791
24ef28679734,54,,0.896,0.791
0a211eecbe2b,93,,0.896,0.791
833bc006039d,54,,0.896,0.791
cf5d9f6c571d,0,,0.926,0.852
08086f702c2b,73,,0.896,0.791
a94197fb0fdd,100,,0.926,0.852
bd042263cc2b,61,,0.926,0.852
068baeeb5c72,53,,0.926,0.852
c3be257ff148,0,,0.926,0.852
f49d77d0f6b4,58,,0.926,0.852
6aafbf7dbbe9,0,,0.926,0.852
52d019c01818,100,,0.96,0.919
4204cdbeffcd,12,,0.96,0.919
f552c8fcae1f,73,,0.96,0.919
c3aaad729bba,0,,0.96,0.919
2bf4db404ca3,23,,0.029,0.942
192f82c98dff,4,,0.029,0.942
ffa7a4c81bc4,0,,0.029,0.942
645ae9f4f417,0,,0.029,0.942
4175044a682a,92,,0.029,0.942
914075c172b4,6,,0.065,0.87
09ef1d095841,79,,0.065,0.87
67b6a2bc1f22,99,,0.065,0.87
31ba2d329472,4,,0.065,0.87
4490862f2e76,86,,0.101,0.798
c89dd04104a8,0,,0.101,0.798
e5baa2e426a3,22,,0.101,0.798
874f4b869bb2,99,,0.101,0.798
5ea08c3646f4,0,,0.101,0.798
1689c2935fb5,5,,0.101,0.798
956b92e95ad0,62,,0.101,0.798
2e76d279bfaa,87,,0.101,0.798
0f0284822426,8,,0.101,0.798
918229bb530f,2,,0.101,0.798
dcf1913ae37e,90,,0.101,0.798
e4e676063c71,100,,0.101,0.798
e97214d1186a,16,,0.101,0.798
1b8c1d0bdac0,16,,0.101,0.798
fedc8fee8155,98,,0.101,0.798
34244600d1c9,40,,0.101,0.798
9140d28e4bb5,36,,0.14,0.72
0df4f344f0da,27,,0.14,0.72
f850318e1937,0,,0.14,0.72
e9d8a7d94989,14,,0.14,0.72
a2b6ae8ef8ac,100,,0.101,0.798
fe5d13630707,97,,0.14,0.72
f38163f822cf,98,,0.14,0.72
b6e481b7be2c,25,,0.14,0.72
e88ebd346ff1,29,,0.14,0.72
bbd5be2b6ed5,20,,0.14,0.72
0fd582f784aa,82,,0.14,0.72
c20a816fa2ff,94,,0.14,0.72
3565875dce47,0,,0.14,0.72
a17ba6620078,92,,0.14,0.72
bb015a503930,8,,0.14,0.72
f9c9b8033f37,9,,0.14,0.72
7c5ec49fc685,0,,0.371,0.259
a11acb04c4f7,0,,0.14,0.72
957064aafe23,13,,0.14,0.72
0d3ceb3f6f16,1,,0.101,0.798
64e6888ab270,88,,0.14,0.72
2b5eb5552c44,0,,0.14,0.72
44466e9211c1,0,,0.176,0.648
7ccb05a47074,0,,0.176,0.648
7429147c5202,0,,0.176,0.648
8fe22d6c350f,53,,0.176,0.648
ac5e4a9fa7cc,0,,0.176,0.648
1579d24b56ef,0,,0.176,0.648
eb87058401cc,0,,0.176,0.648
d71968a3a2f2,0,,0.176,0.648
44f4599159a4,0,,0.212,0.575
21a5ccf37eb5,0,,0.212,0.575
febdca238af7,41,,0.212,0.575
afa349eddc41,100,,0.212,0.575
05ff557de800,16,,0.212,0.575
cf5e495aa21c,4,,0.212,0.575
b6369e1e5b2f,0,,0.212,0.575
04367dd252d2,18,,0.212,0.575
7807d98673cc,75,,0.212,0.575
71aede688d4b,88,,0.212,0.575
fdf80ad99b7b,2,,0.212,0.575
14ba8e5bc276,55,,0.212,0.575
e28611dab36d,90,,0.212,0.575
d6d89d962a87,0,,0.212,0.575
140421d9d54c,1,,0.248,0.503
94e75ffdd9ae,0,,0.248,0.503
bafb2f00ba36,0,,0.248,0.503
6fafdedc5902,1,,0.248,0.503
536842f7d697,0,,0.248,0.503
13c0b239a6b7,28,,0.285,0.431
e681c1273cc7,1,,0.285,0.431
d738310f61bb,0,,0.285,0.431
ef3f35ca6e84,38,,0.14,0.72
3d363698653d,90,,0.285,0.431
67cd707f2601,12,,0.285,0.431
823339126df4,94,,0.285,0.431
450ba0606ccc,0,,0.321,0.359
6080e699f3ac,0,,0.357,0.286
6bca37620bbc,100,,0.357,0.286
0a8f82df01ce,6,,0.357,0.286
aba94f7bf71c,37,,0.393,0.214
b3ab42f1ef75,99,,0.393,0.214
37f3f76329d9,0,,0.393,0.214
f714fd12ba36,100,,0.393,0.214
6857338d560b,0,,0.426,0.148
00c38804402d,0,,0.426,0.148
be3e70ca338e,13,,0.426,0.148
665d83ac05cf,90,,0.426,0.148
63a1d8ca30bd,55,,0.426,0.148
c5c42eb8a764,92,,0.462,0.075
4540944dbc3f,0,,0.496,0.009
4e2882b0a80d,91,,0.496,0.009
8396831222b1,91,,0.496,0.009
60811b03bc43,88,,0.496,0.009
cd77e26fe845,21,,0.529,0.058
d4ca95a03748,97,,0.529,0.058
1e207ab1e483,82,,0.562,0.125
5fe79bcb1523,72,,0.593,0.186
342ee54ac287,34,,0.593,0.186
d96f7503cbd2,0,,0.176,0.648
62651954f016,0,,0.176,0.648
3b156e2201a5,0,,0.626,0.252
2df78bc71255,85,,0.626,0.252
b926172fa404,100,,0.657,0.314
951c3dcfa5cd,18,,0.657,0.314
f4e0294a7d98,10,,0.901,0.802
14111b33bacc,0,,0.776,0.552
7a01c002186a,39,,0.776,0.552
26f584f0b022,0,,0.776,0.552
88f1b9132c0c,95,,0.776,0.552
e7a90835fb35,100,,0.212,0.575
cedd29841df1,98,,0.776,0.552
5cc56bea1981,97,,0.776,0.552
68527702cff3,93,,0.776,0.552
a0136f77f482,11,,0.776,0.552
eeece4b59e71,12,,0.776,0.552
e4c6d91af62d,29,,0.14,0.72
10aa95d887a1,0,,0.776,0.552
2089fcf91dc9,0,,0.776,0.552
07af3b6b9395,66,,0.807,0.613
06d466ccf8c7,83,,0.807,0.613
404f7fc9ddec,88,,0.807,0.613
694b627562c9,81,,0.807,0.613
5ed04164be3b,39,,0.807,0.613
1e716f5d18cc,0,,0.776,0.552
b0963ee608db,47,,0.776,0.552
763447cf4c1d,0,,0.807,0.613
53ae22cfaff3,13,,0.776,0.552
3f78c4ad731d,0,,0.807,0.613
84fc452d4b37,0,,0.807,0.613
b1bd628298fc,0,,0.837,0.675
43bf7b664cf0,0,,0.837,0.675
c84d24e74ef4,0,,0.837,0.675
9d85f53717a2,53,,0.837,0.675
b4419c8c59f1,0,,0.807,0.613
8579dcd1e344,100,,0.837,0.675
94c1c4606370,0,,0.837,0.675
a916dbd35441,74,,0.837,0.675
aee9f00bf0e0,0,,0.837,0.675
a7c23e490c0c,23,,0.837,0.675
6a0e55d91a89,0,,0.871,0.741
d8f2655a117a,0,,0.904,0.808
3231144d3b11,92,,0.94,0.88
b15a039863e2,1,,0.976,0.952
c8dbb0d662a6,0,,0.976,0.952
962e9a60d8ed,18,,0.976,0.952
9551d0fec4e1,0,,0.976,0.952
3e98ffe4008c,0,,0.976,0.952
c38f51241aa9,0,,0.976,0.952
1825be9d4ece,0,,0.976,0.952
687ef567a172,47,,0.976,0.952
03cbba6e936f,0,,0.976,0.952
ac9224e07328,84,,0.976,0.952
484156892c82,0,,0.976,0.952
cb5a257cf84d,93,,0.976,0.952
310826b9a65c,6,,0.976,0.952
294d11619a21,59,,0.976,0.952
f851dc5dab6c,23,,0.976,0.952
efc649f73081,11,,0.976,0.952
b49b3b746174,100,,0.976,0.952
8cbcbc143b56,18,,0.012,0.975
b8ae311678ec,1,,0.012,0.975
122643d81507,86,,0.976,0.952
d25310bfa3fb,99,,0.012,0.975
875da46aec77,9,,0.012,0.975
36127e8ca4c5,29,,0.012,0.975
909ba9d4661d,40,,0.012,0.975
3aadd3b374e0,22,,0.012,0.975
099a4ccde7ab,0,,0.976,0.952
595e95025826,99,,0.012,0.975
7ef9b43e8eea,0,,0.051,0.898
de63b8e5bc8a,54,,0.051,0.898
6f74795c9914,97,,0.051,0.898
0dfff52214e7,0,,0.051,0.898
97300a2fc0dd,100,,0.087,0.825
3b1b390862ac,98,,0.087,0.825
18e211f56ca6,99,,0.087,0.825
20c724e379b7,47,,0.087,0.825
bc08c222a9b8,2,,0.126,0.748
182dd1a59ca2,100,,0.126,0.748
313ea0d3cb4d,6,,0.126,0.748
4d94becec6dc,0,,0.126,0.748
efc80976deb4,52,,0.126,0.748
0b1b5324f2b5,3,,0.126,0.748
d5649e2fefdc,54,,0.126,0.748
eca0f5aeecb8,6,,0.162,0.675
96ab55d1ba8b,0,,0.126,0.748
5444d9676fd4,69,,0.162,0.675
42a00bb04c8d,82,,0.162,0.675
17e6549b8c1e,69,,0.162,0.675
9e51402ac72d,0,,0.162,0.675
40cd49a36e4a,63,,0.201,0.598
bc05c00f2229,0,,0.201,0.598
9bb264cb9c2f,17,,0.201,0.598
d7e2781b5cf4,0,,0.273,0.453
e9a332ab0a15,0,,0.273,0.453
869ce74bd76a,2,,0.273,0.453
87c62eda88c4,46,,0.273,0.453
907a5f30e1e8,0,,0.273,0.453
e10ab3d8a997,20,,0.273,0.453
79835dc3e57d,26,,0.273,0.453
8e81c2877ab0,0,,0.31,0.381
e095fada3772,99,,0.31,0.381
a1eaffcc9311,85,,0.343,0.314
204d6cef3669,3,,0.379,0.242
61b560bf649b,3,,0.412,0.175
863189d1cfb4,0,,0.412,0.175
2ec7ff272fe7,0,,0.446,0.109
32ee6a52c360,100,,0.446,0.109
3c1b568afe28,0,,0.446,0.109
3a7a85e4ec9e,0,,0.412,0.175
2d897fbeed45,27,,0.476,0.048
37de545e20a9,62,,0.476,0.048
52e8089b2007,85,,0.54,0.08
92cb493336c5,0,,0.601,0.202
901eb79a75ab,93,,0.601,0.202
cf4ac4cc0a81,0,,0.601,0.202
8690aaf8a2b8,73,,0.601,0.202
92804ca07a8b,76,,0.601,0.202
bf7153f6d9bf,9,,0.601,0.202
b3c3f38176c9,0,,0.632,0.264
1c0f52ef7ce8,33,,0.632,0.264
b954a111266a,0,,0.69,0.38
24d096e8f465,0,,0.751,0.502
37c6c634099d,100,,0.751,0.502
efb8b083e610,0,,0.751,0.502
da014e34eed6,36,,0.751,0.502
41d09ab74517,8,,0.785,0.569
bf5425e27c77,8,,0.785,0.569
fad51d71ae9a,5,,0.785,0.569
1b881fb0d0a6,24,,0.785,0.569
5e702e723da4,59,,0.785,0.569
9afcc3a7b85f,24,,0.785,0.569
fcb5ebd2b1a7,61,,0.785,0.569
2c45e08ac121,26,,0.785,0.569
38e781a4557b,94,,0.785,0.569
25b6fcdcbccb,82,,0.785,0.569
05a13b3431fc,49,,0.785,0.569
a0c2ee36d391,7,,0.785,0.569
9733987d7502,60,,0.785,0.569
7b3acd798a66,18,,0.818,0.636
e332230ea704,13,,0.818,0.636
a1de9a10168e,0,,0.818,0.636
9628c6165cf5,100,,0.818,0.636
8b948434826f,0,,0.851,0.702
fa267c99d721,0,,0.851,0.702
9f1331c7b263,97,,0.851,0.702
d211bab9ee5f,61,,0.851,0.702
0d3f059be681,7,,0.851,0.702
13f8954e9967,0,,0.851,0.702
dea5360c1c39,97,,0.851,0.702
0ff383e94215,22,,0.851,0.702
1a4d32c8f603,0,,0.851,0.702
675d32a2b0e0,0,,0.851,0.702
bec1d5b8b7ec,97,,0.851,0.702
b8a8ea4a7a59,61,,0.851,0.702
3a0767c0c8f3,47,,0.851,0.702
2439d69092ad,99,,0.851,0.702
23ac1fe4f594,0,,0.851,0.702
b7593e095426,0,,0.851,0.702
03ca7aa6bd4a,20,,0.851,0.702
1fa9eb98af74,6,,0.851,0.702
c795b95e0d68,94,,0.851,0.702
8d523853b746,14,,0.851,0.702
5ffa165c102d,74,,0.885,0.769
0b524829c3cb,75,,0.885,0.769
a7c55d83643b,0,,0.851,0.702
abf6b2af9cb1,0,,0.851,0.702
e0142c90954f,0,,0.885,0.769
e8ae655fbf24,0,,0.851,0.702
eb27d556a879,63,,0.785,0.569
9312287bfd64,3,,0.885,0.769
70d6ea3a8c67,0,,0.885,0.769
802f927b1b4e,0,,0.851,0.702
470451afc30b,47,,0.923,0.847
3a55cb1d2f7c,15,,0.921,0.841
7f34fdc3fd43,69,,0.851,0.702
b05748b24ce4,100,,0.921,0.841
eee1c26d313f,52,,0.921,0.841
d3c824cd59aa,26,,0.923,0.847
cdad98a8769a,99,,0.923,0.847
a0539ab77ba3,0,,0.885,0.769
8f58c72ae70e,100,,0.96,0.919
39deaf033f62,100,,0.998,0.997
04da507130cf,82,,0.068,0.864
c4d65da55f48,100,,0.471,0.059
84f6bbb6fd71,0,,0.037,0.925
0f39ac515aa6,94,,0.898,0.797
21782696f97d,100,,0.076,0.848
6bed52b0eb09,100,,0.946,0.891
505bd8f80b98,68,,0.946,0.891
9a45041553dc,1,,0.151,0.698
9d441e9972ab,36,,0.785,0.569
e2e8cd6cf25f,0,,0.19,0.62
68a09754f540,53,,0.19,0.62
005754afc5dc,0,,0.062,0.875
bdb771fd2a1e,0,,0.062,0.875
4da622aaa464,44,,0.296,0.409
ab5cd9818e7b,1,,0.426,0.148
7c17e9316bcf,4,,0.49,0.02
93d6da38e8a1,50,,0.521,0.041
0ef1267f0547,33,,0.521,0.041
54a1dfb9fdbe,97,,0.548,0.097
880f44f3979e,4,,0.579,0.158
ec11ee6a2c41,40,,0.61,0.219
f31acdaf1bc6,28,,0.885,0.769
6020e7d481d5,98,,0.671,0.341
ae2e51bfb107,96,,0.701,0.402
dbf0b24b9c28,85,,0.701,0.402
2c3cdde3cb3e,96,,0.732,0.464
4bab61fed329,80,,0.732,0.464
33db7553deec,80,,0.732,0.464
a391a3cf7226,35,,0.732,0.464
0d2608735c40,0,,0.732,0.464
0745e310a0eb,34,,0.948,0.897
95851012058a,95,,0.732,0.464
5293a8fbd17c,95,,0.798,0.597
af632fece847,83,,0.798,0.597
ad721b1ff6c2,4,,0.798,0.597
7b39427695c1,1,,0.798,0.597
57a9fcc74d6b,92,,0.798,0.597
11628f6d3638,3,,0.798,0.597
10aad12f8005,7,,0.798,0.597
4aef4872d09c,10,,0.798,0.597
a0fee42741f0,0,,0.798,0.597
f70e95ca46b4,65,,0.798,0.597
6f851706cf1c,6,,0.798,0.597
dbafaa202d67,0,,0.798,0.597
808aad358798,16,,0.798,0.597
8935ad08490c,49,,0.798,0.597
5467e9372e98,0,,0.798,0.597
99b6efa13441,12,,0.798,0.597
3b7cb5d93b9c,2,,0.798,0.597
dd3e4acda89b,95,,0.871,0.741
195eb165531b,0,,0.871,0.741
e34216e048c0,77,,0.871,0.741
1fb318e090f5,89,,0.907,0.814
c2cfb501a574,63,,0.946,0.891
9cd6ed5f25b7,0,,0.985,0.969
1f88cd35e4d1,0,,0.985,0.969
77fb3cc0e06f,0,,0.023,0.953
49368bfe04c3,83,,0.798,0.597
ae57a7d9f964,94,,0.062,0.875
b176ab31e15f,96,,0.062,0.875
6d3a028aed9b,98,,0.062,0.875
ceaff5f7af2d,1,,0.101,0.798
656f5fb17748,4,,0.101,0.798
5121f47710f6,0,,0.101,0.798
fb9e117658dc,3,,0.101,0.798
ec77ff6e2664,4,,0.101,0.798
ce861d742585,0,,0.101,0.798
3b45dec9dadd,5,,0.101,0.798
13f50f4a5c89,2,,0.101,0.798
c441f7708cbb,4,,0.101,0.798
d96a6eb5a7ff,1,,0.101,0.798
dc352e66c9eb,10,,0.101,0.798
c2851b2f2af1,8,,0.101,0.798
7e743b316d86,7,,0.101,0.798
f1f7295d2e4f,3,,0.101,0.798
acb000b5cd9d,100,,0.101,0.798
c7a77f182479,0,,0.101,0.798
c7cbf76ec5fd,0,,0.101,0.798
b2ea7f64cf62,86,,0.101,0.798
89231d634a04,0,,0.101,0.798
143c215b25cf,16,,0.101,0.798
7fc855e06a8e,0,,0.101,0.798
e2ce36004b30,0,,0.101,0.798
9bfacec91822,92,,0.101,0.798
7667cd38f838,28,,0.101,0.798
ef75203cdb4e,6,,0.101,0.798
505e2742c491,74,,0.101,0.798
74c03ccd6cca,28,,0.101,0.798
a6dd650e7c4c,23,,0.101,0.798
5db6281bae94,31,,0.101,0.798
b35b94e245c0,5,,0.101,0.798
eb5aca4225ef,99,,0.101,0.798
e36ff6ccda04,5,,0.101,0.798
e3125a3dd0c2,0,,0.101,0.798
ea0a970cbd48,0,,0.101,0.798
951a78ee4a3f,0,,0.062,0.875
a45c92d92446,0,,0.101,0.798
f5353cbc0e0e,53,,0.101,0.798
890d8bbd1c67,2,,0.101,0.798
439bb7aa0fd3,0,,0.101,0.798
194a3dec38a1,0,,0.101,0.798
d4d436baf40f,10,,0.101,0.798
1a6bbbb2e010,0,,0.101,0.798
013f9e068133,3,,0.101,0.798
596e18531f23,0,,0.101,0.798
f46bedf9698f,0,,0.101,0.798
5e7c5034d909,0,,0.101,0.798
9f190d214ea6,99,,0.14,0.72
f846365c7725,0,,0.101,0.798
e9e681a11d12,0,,0.101,0.798
35628ac2c245,100,,0.101,0.798
23aed79c75e3,100,,0.101,0.798
0bbf3cc7e344,53,,0.101,0.798
52a05e658b4e,21,,0.212,0.575
eb663e0d7dfc,1,,0.248,0.503
61f7be2f3338,10,,0.101,0.798
ad0906db33e6,53,,0.248,0.503
6e80ce0a6d75,99,,0.282,0.436
c4bd7ba926c1,56,,0.282,0.436
f89486139cae,98,,0.062,0.875
de7f121ea6ae,100,,0.315,0.37
1521c80814ca,99,,0.41,0.181
cb2086228b9f,38,,0.44,0.12
2bb7470bd985,0,,0.101,0.798
0cf7b1560128,92,,0.471,0.059
38ca5b8a71a2,0,,0.471,0.059
f107aee81182,100,,0.498,0.003
7aa07d3c9072,27,,0.56,0.119
ac0a51cc84ab,78,,0.101,0.798
7f8ae4130914,50,,0.621,0.241
62164030b77f,0,,0.621,0.241
6f81e71db3a8,0,,0.651,0.302
8d34b21a25ef,41,,0.651,0.302
78fb876b85db,0,,0.651,0.302
50a75b371437,44,,0.685,0.369
3bc33df9dcbd,100,,0.785,0.569
7417ce6b9e42,13,,0.785,0.569
16a1e532cf76,1,,0.101,0.798
8baf0ee19d89,2,,0.821,0.641
f3b1c112e9d3,16,,0.821,0.641
bcd34c72a986,15,,0.857,0.714
bfd6c746ae13,0,,0.857,0.714
0bcc8c43cecd,47,,0.896,0.791
107d29602525,32,,0.896,0.791
2dc069c77adb,84,,0.935,0.869
bd4712894b60,1,,0.051,0.898
e21cab15ba2c,6,,0.051,0.898
91235ff647be,0,,0.051,0.898
864c517e181d,37,,0.09,0.82
67b573340507,5,,0.09,0.82
a81db00664df,96,,0.09,0.82
65fea7a19132,100,,0.126,0.748
522adaf276bf,0,,0.165,0.67
f2646c6a3361,36,,0.298,0.403
e74b8569d525,1,,0.298,0.403
a838dd985730,7,,0.329,0.342
d001947a2e37,15,,0.36,0.281
59b5095ab3f2,35,,0.39,0.22
687e205010a8,51,,0.39,0.22
d59b60514473,6,,0.421,0.159
fd64b260c09d,76,,0.451,0.098
73481beb6b1c,16,,0.51,0.019
8eef895aeace,100,,0.51,0.019
340905bf62d9,63,,0.543,0.086
ad2fcca06f28,100,,0.543,0.086
0d937c15075a,72,,0.637,0.275
6401085a8c72,0,,0.51,0.019
1197ea7e9d99,31,,0.704,0.408
558afd50730e,0,,0.737,0.475
6e61464a1300,0,,0.737,0.475
2000d0a14821,0,,0.737,0.475
1ad3939c175c,0,,0.737,0.475
e552551ca6ac,0,,0.737,0.475
d439fb908bf9,0,,0.737,0.475
f073347f9287,0,,0.737,0.475
ffc5d108fc07,0,,0.737,0.475
909fb2225904,0,,0.773,0.547
d6df8dbac335,0,,0.737,0.475
49b46c5af217,35,,0.773,0.547
f03bf68d374e,97,,0.773,0.547
16bdfa86bfd9,97,,0.773,0.547
51cac920c146,36,,0.773,0.547
73940845d52c,80,,0.773,0.547
02a0a01abf0d,3,,0.773,0.547
907a98a96ea6,100,,0.737,0.475
e420dc1945fc,100,,0.737,0.475
1ed07ab3427b,70,,0.773,0.547
d020d442b75a,4,,0.737,0.475
282c5e764030,38,,0.773,0.547
59c18b1e4905,1,,0.81,0.619
23e560f1e11d,0,,0.773,0.547
1055147438d7,52,,0.81,0.619
6c53804be658,55,,0.773,0.547
ca627b83fc4b,0,,0.81,0.619
e78c28bb4388,73,,0.81,0.619
4da4d1a19c93,99,,0.846,0.691
867a1a08e452,0,,0.81,0.619
40f9eccafb67,0,,0.81,0.619
f357743ad485,32,,0.923,0.847
b31e9c8346d2,38,,0.923,0.847
eef52b0ebfe9,0,,0.81,0.619
ef77c97202e4,6,,0.962,0.925
4bc9a77537ce,46,,0.001,0.998
432a2caa7a2c,58,,0.037,0.925
56c0cc647889,100,,0.037,0.925
7e0040e6e515,5,,0.076,0.848
122499f1e0d9,35,,0.112,0.775
8c8ac8b81b2a,75,,0.112,0.775
b42aa673e918,16,,0.112,0.775
1fb3fa83c4d9,81,,0.148,0.703
97eedd7a5822,11,,0.248,0.503
2692d852bb52,86,,0.279,0.442
d26a7f2444a3,69,,0.279,0.442
fca98de42c64,0,,0.279,0.442
287810146bfc,99,,0.31,0.381
13eb92573ea4,27,,0.368,0.264
fc6e2c763466,17,,0.773,0.547
5e355c321560,0,,0.773,0.547
cecd3d2833dc,100,,0.718,0.436
0293314ec8a4,78,,0.718,0.436
8c62fb44c9d7,0,,0.398,0.203
3877590758a6,100,,0.398,0.203
2fa8629feb35,7,,0.398,0.203
cb4b26f3df45,5,,0.429,0.142
45b8a8f86abd,7,,0.429,0.142
59f0fe7fc9be,52,,0.429,0.142
dc8275293d9d,36,,0.429,0.142
915163bf7492,15,,0.429,0.142
097b1a97060f,0,,0.46,0.081
6bcead7b6f59,24,,0.493,0.014
b53a37716429,99,,0.807,0.613
09c1814f262c,61,,0.557,0.113
9ea46d8ce5b2,84,,0.623,0.247
3e9bbbeac01e,84,,0.623,0.247
77ed6674ca3c,38,,0.66,0.319
0d42319629d6,0,,0.66,0.319
f5688a433508,58,,0.693,0.386
7754d91d6946,28,,0.693,0.386
237f69852e5b,0,,0.693,0.386
8f35a40c038e,0,,0.66,0.319
8ffacbecad13,71,,0.729,0.458
548ffa66374b,41,,0.729,0.458
14417c943824,47,,0.729,0.458
5430afd5a866,46,,0.765,0.53
ac19f129880c,99,,0.801,0.602
49ceef0abe29,85,,0.801,0.602
da45496ae0bc,65,,0.801,0.602
87958fd82fd2,99,,0.837,0.675
3f1b8585255e,0,,0.837,0.675
75496a084051,21,,0.837,0.675
06ef05cc9ae4,70,,0.837,0.675
65fcb108e7bd,70,,0.837,0.675
f724632df8d8,32,,0.837,0.675
609dfc75a583,100,,0.837,0.675
e881a24a34fa,27,,0.876,0.752
711661215950,0,,0.912,0.825
fc85e4478be7,9,,0.912,0.825
6c8971a5c935,0,,0.912,0.825
57b431da5159,0,,0.912,0.825
620ffe39517b,97,,0.912,0.825
f76784a69d2a,6,,0.951,0.902
6e7a2c95ab3c,2,,0.951,0.902
f449ca7d9e3a,0,,0.951,0.902
2f312e15be9e,3,,0.912,0.825
4f818ba3e202,18,,0.951,0.902
60bcf8aab6a8,0,,0.951,0.902
055d4fe25452,0,,0.951,0.902
bfcf6d505ccb,9,,0.951,0.902
a307b1dc7462,93,,0.987,0.975
06bc8ec1c302,36,,0.987,0.975
337bf21610fd,57,,0.987,0.975
158c4972666f,0,,0.951,0.902
fabac0e8577f,12,,0.023,0.953
e7a434ad6a1e,21,,0.023,0.953
e1ef385010b6,27,,0.023,0.953
6cd94c52e04a,0,,0.023,0.953
7ca2fc0a2df1,4,,0.023,0.953
0b5fdab6b163,92,,0.023,0.953
fe9ff12b4743,100,,0.023,0.953
89073798a6cd,13,,0.023,0.953
caad86a201ec,85,,0.023,0.953
3a61a73e559c,8,,0.06,0.881
2e054fb2142d,2,,0.06,0.881
22426d7c0326,76,,0.06,0.881
78151226678d,0,,0.06,0.881
0b7d687749cb,79,,0.06,0.881
1339e6bff7fb,5,,0.06,0.881
504e5ecfa0d2,100,,0.06,0.881
5a7b75a1b6aa,5,,0.06,0.881
b2fc331ce996,97,,0.06,0.881
c6eef4b39233,3,,0.06,0.881
727a4438826c,5,,0.06,0.881
2115afaa9546,93,,0.129,0.742
05b5af89d549,36,,0.129,0.742
582d61738eaa,12,,0.196,0.609
45ea0dac9d17,0,,0.196,0.609
2e45f9fff55a,70,,0.196,0.609
3cfd52a6a827,49,,0.226,0.548
715ba482a487,14,,0.257,0.486
ae1e21f8a8a4,0,,0.257,0.486
c2cd956fb506,1,,0.257,0.486
3ec1b782b161,0,,0.096,0.809
50fc95cb659d,39,,0.287,0.425
bc2e6efb0d1b,47,,0.287,0.425
b667e17c1d67,99,,0.318,0.364
0a29a9e7dcbc,45,,0.318,0.364
b37af9bfd5c3,32,,0.318,0.364
2d294d0f8743,100,,0.318,0.364
66aba936074f,5,,0.318,0.364
d7d8bfe9b04a,95,,0.346,0.309
8e7d55e0b953,26,,0.346,0.309
53cdddcb2a76,3,,0.318,0.364
b6a05bd83c7e,21,,0.346,0.309
d41df119cdbe,29,,0.346,0.309
7bdeffd253a0,100,,0.346,0.309
f71cfc30825f,95,,0.376,0.248
c7d462b5469e,0,,0.376,0.248
3717833fcc0b,9,,0.376,0.248
b5a17cf7534c,82,,0.376,0.248
08bfca1d5c68,23,,0.376,0.248
8c16f419e7c2,14,,0.376,0.248
d797ddea8db2,2,,0.376,0.248
0f223047b434,3,,0.473,0.053
008ab9768bb2,55,,0.473,0.053
4f2939f25b84,0,,0.473,0.053
2eae9fcca426,0,,0.507,0.014
27e98d230115,49,,0.507,0.014
43579ed7f6be,68,,0.507,0.014
d2915e432ce2,0,,0.54,0.08
641f1fcb7a15,0,,0.54,0.08
2a7d8ff540f4,0,,0.54,0.08
f045968af7fd,0,,0.54,0.08
a71639e363d8,18,,0.54,0.08
d7d67d6f51dd,1,,0.54,0.08
426898d6ab5d,0,,0.54,0.08
b045f4d25232,97,,0.54,0.08
b363225364bc,97,,0.54,0.08
6075b3a89712,6,,0.54,0.08
ab1802254cfb,0,,0.54,0.08
cbd85bb8fe37,0,,0.54,0.08
c46efae37b5a,89,,0.54,0.08
c275a763d34e,69,,0.54,0.08
548dbac8d299,67,,0.54,0.08
38f7a21c8460,24,,0.54,0.08
837a34c73fa5,2,,0.54,0.08
c94efb9ca83a,50,,0.576,0.152
41b63b9ce6d9,67,,0.576,0.152
a3625f48c25c,65,,0.576,0.152
3508878e133d,67,,0.576,0.152
e8fc63265244,41,,0.576,0.152
d91bce406171,27,,0.576,0.152
3c47412ab798,0,,0.576,0.152
6a30e79c9587,66,,0.576,0.152
a50b778e9aa8,0,,0.576,0.152
7e8f757bf642,0,,0.576,0.152
88a0e48e66eb,87,,0.576,0.152
22beb1f17e52,0,,0.576,0.152
44da20cf5fef,0,,0.576,0.152
7348f4721348,0,,0.576,0.152
e54efcd44185,4,,0.576,0.152
97da4578c242,0,,0.576,0.152
6d5e016629a3,0,,0.576,0.152
b54e6158983a,100,,0.576,0.152
e55e43fb61bc,6,,0.576,0.152
777e786edc84,19,,0.576,0.152
a2438b558d8a,14,,0.576,0.152
723245243bf3,87,,0.576,0.152
78881d523f4e,100,,0.576,0.152
4b59e5eff832,100,,0.576,0.152
17e316f30781,2,,0.576,0.152
27777a3dae4f,1,,0.612,0.225
08ee9523c2a6,0,,0.612,0.225
6cecf923248d,0,,0.612,0.225
8709ce4f4f72,0,,0.612,0.225
0050ebac0e42,0,,0.612,0.225
d8a23d6c3f33,1,,0.612,0.225
a50d3bd2f419,10,,0.648,0.297
6d5b554fef62,38,,0.648,0.297
1b9385a0398c,0,,0.685,0.369
c67d0427ea67,1,,0.685,0.369
c705f9b56865,51,,0.721,0.441
6283a84811b9,20,,0.685,0.369
00cc1e3c9d36,51,,0.721,0.441
e3c4bcb511cc,40,,0.721,0.441
e49e3f296b98,24,,0.721,0.441
99f5dd4a195a,3,,0.721,0.441
08036ae34ca9,29,,0.757,0.514
d5711d6713c3,100,,0.757,0.514
49e9fd19ef7d,23,,0.793,0.586
ddc81dba5a14,100,,0.793,0.586
8b5977f2002a,96,,0.793,0.586
0c3c9a3339e1,24,,0.793,0.586
62b7b0219590,86,,0.793,0.586
b5600a38cb31,83,,0.793,0.586
6a44d735a8f3,21,,0.793,0.586
f12b0767a03b,71,,0.793,0.586
60714aec9dcf,42,,0.793,0.586
f1ce37ef8076,59,,0.829,0.658
0aff4add12f5,49,,0.829,0.658
425541d40360,37,,0.829,0.658
b5fcd5940258,48,,0.829,0.658
0c8d330d04bf,18,,0.829,0.658
536ce44b6fb6,10,,0.829,0.658
18ed7f133d1a,45,,0.829,0.658
9f1d8375dbc6,11,,0.829,0.658
dd9965e815c9,36,,0.829,0.658
747ac9185740,28,,0.829,0.658
2e71c13ed91e,1,,0.829,0.658
45e0d820c66d,0,,0.865,0.73
b7e3c88307f3,93,,0.865,0.73
ff14c2326d13,7,,0.865,0.73
63ba0e88051f,10,,0.865,0.73
9ade553c3238,3,,0.865,0.73
72bfac397c43,4,,0.865,0.73
f749dfee7d1c,0,,0.865,0.73
6ae979fd82d6,0,,0.865,0.73
c3d4ddb4287c,1,,0.865,0.73
dfd062e19588,3,,0.865,0.73
22115f93b764,6,,0.865,0.73
1cd1959bf6e0,0,,0.865,0.73
6b05f3b6192b,0,,0.865,0.73
485cec5de6dd,70,,0.901,0.802
054372018c55,87,,0.865,0.73
b846dfe324ce,70,,0.901,0.802
d23a3da2c2fc,58,,0.901,0.802
780aa16f1e2e,20,,0.901,0.802
1f6b03f5a9c2,15,,0.829,0.658
8d576a751271,100,,0.937,0.875
f5849b5e2f13,100,,0.937,0.875
d3d7de6c0911,83,,0.937,0.875
d96ce47810e0,3,,0.937,0.875
11119f36f99f,3,,0.937,0.875
6e0a1a63bedf,48,,0.937,0.875
abf77b65a54c,8,,0.937,0.875
a2712a5e652a,35,,0.937,0.875
09ecf515b179,0,,0.937,0.875
9f1992fef767,72,,0.043,0.914
f3b9e5fb0bcb,17,,0.076,0.848
ab66b6011161,10,,0.076,0.848
2d9dfb5b38e4,18,,0.076,0.848
a59eb2f13ad1,100,,0.11,0.781
bfa7f3a900bb,20,,0.11,0.781
8c48c521c190,0,,0.11,0.781
e92e9850596c,14,,0.11,0.781
764d32d9eb1c,0,,0.14,0.72
b970f0235b08,38,,0.14,0.72
592ea63e7778,34,,0.14,0.72
ead953bf3c07,93,,0.173,0.653
c645d2cc7c49,43,,0.173,0.653
23f2941728c5,96,,0.204,0.592
0849a3649115,93,,0.204,0.592
650a42771f42,79,,0.204,0.592
4e7c6a7db955,2,,0.204,0.592
a8527ffe2374,11,,0.232,0.536
1add361de3c4,6,,0.232,0.536
f90c66718d76,6,,0.232,0.536
1edef3c2e42f,10,,0.232,0.536
c47f094b3b5a,86,,0.232,0.536
18fc8f7313ff,13,,0.232,0.536
a07aec24d4e2,97,,0.262,0.475
b14719ccbb9e,57,,0.262,0.475
949cc9db613a,0,,0.262,0.475
173a80894585,91,,0.262,0.475
3fd700f622df,68,,0.262,0.475
776109d6c872,1,,0.232,0.536
f228971ac561,22,,0.232,0.536
1824ff5ebfdc,0,,0.262,0.475
2a97259370f5,27,,0.262,0.475
4d7a3091ab91,0,,0.262,0.475
7afb7b93fc6f,32,,0.262,0.475
9b377ea4984a,24,,0.262,0.475
3b774ff2d009,0,,0.262,0.475
5f575896b5c2,12,,0.262,0.475
820df97f56f1,98,,0.262,0.475
c5dd02bb87fb,0,,0.262,0.475
5cb0dc999f7f,32,,0.262,0.475
ab402f5045fb,61,,0.262,0.475
f538514a3b53,84,,0.262,0.475
0951c8b96d0d,19,,0.262,0.475
799ac11a5f3d,0,,0.262,0.475
dcc75f1231bb,9,,0.262,0.475
34d4e1afce3e,97,,0.262,0.475
3afa12c4bf0e,17,,0.262,0.475
6119a1d8273f,27,,0.262,0.475
5c815d7af4b3,28,,0.262,0.475
701e77b47619,4,,0.262,0.475
f61cf7fbf3be,8,,0.262,0.475
ed7a41e924fc,7,,0.262,0.475
37272610afb0,8,,0.262,0.475
920f1207aa3f,5,,0.262,0.475
86a5afc14a74,0,,0.262,0.475
09858bd37994,87,,0.262,0.475
381a63e0f20c,59,,0.262,0.475
ff73c94108f5,5,,0.262,0.475
6e0b3aabfebb,39,,0.262,0.475
da33058041bb,0,,0.262,0.475
b69766683449,94,,0.262,0.475
494306d5be26,90,,0.262,0.475
cf74266976c9,3,,0.262,0.475
815800f8d8e7,0,,0.262,0.475
fce1d613b09d,8,,0.865,0.73
b58579790f5c,99,,0.293,0.414
3025b9b19fd9,0,,0.293,0.414
9ce1025860c1,16,,0.293,0.414
a9b5b2c5d6de,31,,0.293,0.414
a199a0a886f6,1,,0.293,0.414
6d1ccc477cf9,100,,0.323,0.353
3418a27035fb,0,,0.323,0.353
1edface0eb70,0,,0.323,0.353
e873754be8a1,1,,0.323,0.353
903496dccb53,12,,0.323,0.353
aa1d4d22fae6,94,,0.323,0.353
a3caf87f313b,0,,0.323,0.353
8e33e5b9f2b0,0,,0.323,0.353
c50f084c6ebb,0,,0.323,0.353
99688182c9d6,0,,0.354,0.292
9f05467030fa,43,,0.354,0.292
1dbf7ffeefc3,16,,0.354,0.292
afddfc4ebcda,100,,0.323,0.353
f2bc67182696,98,,0.354,0.292
e9466b21e234,1,,0.354,0.292
d71c4a290c10,100,,0.354,0.292
131a01a0edbd,63,,0.421,0.159
0f5642346d6c,0,,0.421,0.159
e07d273aa141,70,,0.576,0.152
4a84b86c3243,54,,0.387,0.225
72a8353faac5,0,,0.421,0.159
ce24ac9935f1,37,,0.49,0.02
3a86505f02ad,100,,0.526,0.052
dc1139ccf1a3,30,,0.526,0.052
b9e2b3c4bbf9,0,,0.526,0.052
0ec096b7e751,0,,0.576,0.152
44c200fef496,92,,0.562,0.125
26b1234b7479,0,,0.262,0.475
501212259d44,0,,0.637,0.275
c6a9be3db22a,100,,0.637,0.275
096a581a46b5,29,,0.637,0.275
90547ea335b3,6,,0.637,0.275
2849e1078468,94,,0.673,0.347
f2629588c440,0,,0.71,0.419
80d401bcdd3c,0,,0.71,0.419
3ad315cdd6cd,10,,0.71,0.419
4ab8f5fbb85d,47,,0.71,0.419
5a621c313003,94,,0.71,0.419
1ef0dedf4238,33,,0.71,0.419
af557df4e704,52,,0.71,0.419
c2868817ceec,22,,0.71,0.419
0135193ac0e7,40,,0.71,0.419
5b7f965cb1fd,84,,0.71,0.419
843370b1e9fe,11,,0.71,0.419
ef1e610bbd18,37,,0.71,0.419
b129cefaf5ca,18,,0.71,0.419
78b7bf2ea1b1,79,,0.71,0.419
e2e9a3ce8061,41,,0.576,0.152
fc92743af859,32,,0.71,0.419
cc93101ce951,32,,0.71,0.419
be93a0aecc48,94,,0.71,0.419
f6db00458796,84,,0.71,0.419
24f9b13c2b1c,74,,0.71,0.419
cad304a47514,0,,0.746,0.491
6c072c68ef5e,0,,0.746,0.491
186a4aced35d,90,,0.746,0.491
63ee22344740,85,,0.746,0.491
c5b33ebfcd6f,94,,0.71,0.419
340cf0d6431a,97,,0.746,0.491
d6afe2b0e169,68,,0.746,0.491
31a0917f8520,1,,0.746,0.491
780f4ef42d6b,97,,0.746,0.491
eff68b0ea944,0,,0.746,0.491
15ebadc48ea9,60,,0.746,0.491
b5a740071473,12,,0.71,0.419
8b30cee446d6,71,,0.71,0.419
df145750f257,48,,0.71,0.419
a693a0ee1386,25,,0.746,0.491
51785b57d5e6,100,,0.746,0.491
4c988afc8dbd,99,,0.746,0.491
f6685f0db3cb,46,,0.746,0.491
78550aa45a81,0,,0.746,0.491
53e5546f5a19,1,,0.782,0.564
4766460d4bad,88,,0.782,0.564
23cea47191ca,69,,0.782,0.564
ae92da21a500,92,,0.782,0.564
65654aca605c,64,,0.782,0.564
1ce54446bf25,100,,0.782,0.564
9b61477c5147,58,,0.782,0.564
fc75eccfe139,95,,0.782,0.564
029bf313f3c7,100,,0.782,0.564
fefb100fa340,83,,0.782,0.564
0916f744a4d9,47,,0.782,0.564
fe4017b42ea8,2,,0.782,0.564
7723350c2b22,96,,0.782,0.564
b756c3d82663,29,,0.782,0.564
5bb67a7f20e3,43,,0.782,0.564
76bb297d7527,37,,0.782,0.564
b789368819d7,80,,0.818,0.636
fdf7b8888393,0,,0.818,0.636
a502cff823ce,39,,0.818,0.636
0239de139eab,0,,0.818,0.636
42166b9425cc,93,,0.818,0.636
3baa62da9cad,96,,0.818,0.636
c96c609063c5,78,,0.818,0.636
9793d5a489f5,85,,0.818,0.636
6f31d51f3c1a,15,,0.818,0.636
90ff50234950,1,,0.818,0.636
a22fd8d8dcbd,8,,0.818,0.636
a89c3abf3153,70,,0.818,0.636
0c8648f5e68b,52,,0.782,0.564
05f0eab75b5e,15,,0.782,0.564
ba09d5a225e5,100,,0.782,0.564
e4e81aa028b7,30,,0.818,0.636
337ab3133f91,0,,0.818,0.636
3ace53bf74d3,24,,0.782,0.564
c85d89ac3390,9,,0.818,0.636
bce35a956a8e,0,,0.818,0.636
d59b935adfa9,0,,0.854,0.708
31d71f243ce3,0,,0.854,0.708
41384c1f3c97,0,,0.854,0.708
f1d37d824f4f,0,,0.854,0.708
5ea85e92dfc6,42,,0.854,0.708
fe2ea041ee54,19,,0.854,0.708
3f241e21102d,97,,0.854,0.708
f97b6c6dc9d9,51,,0.854,0.708
c8cd520e3317,19,,0.854,0.708
f15138347ab6,2,,0.854,0.708
c476df817035,0,,0.854,0.708
79bb9530c790,15,,0.854,0.708
4a30a1bac2ff,1,,0.854,0.708
8e4d398ff69d,10,,0.854,0.708
9005e3554da0,44,,0.854,0.708
ee1bf7e2d092,63,,0.782,0.564
b72f7979124d,0,,0.854,0.708
3bc0f4f036a0,0,,0.854,0.708
0cbe54205d2e,55,,0.854,0.708
f25b4aa6ab3d,44,,0.89,0.78
4f7884bdb367,19,,0.89,0.78
f179394bfe1a,39,,0.89,0.78
93fcaabe0822,100,,0.89,0.78
cff62d3cdca1,100,,0.923,0.847
b44c71b3e0d9,59,,0.782,0.564
1bf39fbfee2d,87,,0.782,0.564
ec901e306ccc,87,,0.957,0.914
4157489f6f23,0,,0.99,0.98
c56e5078d506,2,,0.957,0.914
d008cb1608b4,97,,0.99,0.98
6fefdd2f2dba,41,,0.99,0.98
5b7438634f4b,85,,0.99,0.98
cecf8dd30809,39,,0.99,0.98
d1818aace980,51,,0.99,0.98
9b51808b90c2,1,,0.023,0.953
88989e2a3b5c,81,,0.023,0.953
ced1c8aef06e,98,,0.023,0.953
6d0c924fb694,0,,0.023,0.953
2cf84a3fb5be,87,,0.023,0.953
240c2a3babfc,91,,0.023,0.953
3ee0f63e6eb8,0,,0.023,0.953
811ed7842e6e,95,,0.057,0.886
05ea443e4172,0,,0.087,0.825
6a793bfbe069,0,,0.118,0.764
8c3b77fb246c,93,,0.118,0.764
9e5a7da1f080,98,,0.148,0.703
4a3db99e8e80,0,,0.148,0.703
59996f262458,6,,0.148,0.703
3ee4722996fe,5,,0.179,0.642
453fa312cb0e,33,,0.179,0.642
33c00ea36876,47,,0.179,0.642
9ed13b8a7c74,1,,0.179,0.642
49701b74ebaa,67,,0.179,0.642
712b987dca63,5,,0.179,0.642
a12444ef6c4d,0,,0.179,0.642
5be0cf9177a4,100,,0.179,0.642
cf102e65a4f0,100,,0.179,0.642
740f3dc7b1b3,74,,0.179,0.642
44c58eb4ff06,99,,0.179,0.642
886ad07ba764,78,,0.179,0.642
7205bae777b0,56,,0.179,0.642
a723dd547455,78,,0.207,0.586
e6c515d9420c,16,,0.207,0.586
e56922b706d6,17,,0.207,0.586
37f4df34f959,97,,0.207,0.586
a3416bc2ce4a,97,,0.179,0.642
8eb907a56512,34,,0.237,0.525
d068926864e3,49,,0.268,0.464
9f77960902d1,0,,0.268,0.464
646563c373ea,57,,0.268,0.464
137b96f5f93e,85,,0.332,0.336
3496d9b3a40d,88,,0.332,0.336
a639de2653a7,99,,0.365,0.27
20b70c7ccb70,14,,0.435,0.131
cd3c47751815,3,,0.471,0.059
f8d8aa5b2705,95,,0.507,0.014
def78ae8d54f,0,,0.507,0.014
89d518073ae8,0,,0.507,0.014
37f2101f8b34,43,,0.546,0.091
c1884cb88a17,23,,0.585,0.169
39d37994ac9d,0,,0.585,0.169
4da13a8d0d65,0,,0.585,0.169
b17c715b5e51,22,,0.623,0.247
4c6635135aae,0,,0.623,0.247
1e09f6e2b14f,0,,0.623,0.247
f650fefd7c5f,1,,0.623,0.247
3924240bd9d1,100,,0.623,0.247
554b2927cd54,0,,0.623,0.247
48b24eb4c7ab,40,,0.623,0.247
fe0455605b7f,0,,0.623,0.247
548060ad456c,96,,0.623,0.247
33fb6d588263,96,,0.623,0.247
3589b178bdae,29,,0.623,0.247
0a878258c54c,100,,0.623,0.247
c1d0efff4fc3,65,,0.623,0.247
8df2811cb7b6,100,,0.623,0.247
6540af5dedc2,48,,0.623,0.247
bb39991c3bd1,94,,0.623,0.247
e87ab6f2c4c8,0,,0.623,0.247
2c0c2dfd63fe,27,,0.623,0.247
f7597beab4ef,0,,0.623,0.247
f22fee3e4a3c,15,,0.623,0.247
16fa5166b17e,85,,0.623,0.247
78e77f231762,0,,0.623,0.247
8e42a166998e,98,,0.623,0.247
a03dcc55d020,11,,0.623,0.247
3388ada9185c,5,,0.623,0.247
20cc5cfd5e1d,12,,0.623,0.247
6326d24b337d,100,,0.623,0.247
850b92a15781,22,,0.623,0.247
962eff8c55d5,43,,0.623,0.247
18957b264ed5,2,,0.623,0.247
706b08629fba,11,,0.623,0.247
eb6bbefdf071,48,,0.623,0.247
343ddde13df8,27,,0.623,0.247
c04d05a3db2f,100,,0.623,0.247
f24411fb1300,9,,0.623,0.247
3cd95cb703cb,98,,0.623,0.247
92bc2890f3ca,100,,0.623,0.247
42be42bfb4ca,12,,0.623,0.247
9ea7f25121e1,17,,0.623,0.247
c57f861cbbec,0,,0.623,0.247
5172b415f90c,34,,0.623,0.247
49f44f49f504,89,,0.623,0.247
4189fa838d4b,9,,0.623,0.247
b22564137628,0,,0.623,0.247
9d0ad201272f,6,,0.623,0.247
e15c6e1d9019,0,,0.66,0.319
40d7e38dffc2,22,,0.66,0.319
4bf2d5ac2c82,95,,0.66,0.319
f1ddd6854cce,27,,0.66,0.319
50325630ea98,35,,0.623,0.247
965325ab28c6,0,,0.66,0.319
e8f333fb2c87,0,,0.623,0.247
f996dc3d8598,82,,0.66,0.319
4ffb83416f87,100,,0.66,0.319
e3d65147885d,65,,0.66,0.319
45fd524651bf,97,,0.66,0.319
c2a33a9e2570,0,,0.66,0.319
44f4e4a3754e,85,,0.66,0.319
3d72c135f664,85,,0.66,0.319
cb61ce78d3a8,82,,0.66,0.319
433d8a342096,2,,0.66,0.319
555ef215f8f9,17,,0.66,0.319
80cc21497168,72,,0.66,0.319
c4b056c22f0e,96,,0.66,0.319
a28263246f93,0,,0.698,0.397
1bc0312a1593,2,,0.698,0.397
442174c3651e,0,,0.698,0.397
ff38fe9e0cbf,42,,0.698,0.397
dcf7a4faefe6,31,,0.66,0.319
6cb17443476d,2,,0.698,0.397
da78bfc94301,88,,0.698,0.397
ef0d7364175e,88,,0.698,0.397
d52d5ba45f89,85,,0.623,0.247
62ac70bbdc52,67,,0.698,0.397
3c8debdc3a2c,15,,0.698,0.397
69637d38817d,1,,0.698,0.397
5063b2ca4bbe,2,,0.698,0.397
a06786542675,1,,0.698,0.397
048e7eb57a15,100,,0.735,0.469
64d087bdd3fd,99,,0.735,0.469
7d614ee48bdf,1,,0.623,0.247
1d174f411a87,26,,0.735,0.469
c890ead6a0db,36,,0.735,0.469
a9f34217ba2f,45,,0.735,0.469
fd8849a7c482,2,,0.771,0.541
8c61210121c0,0,,0.771,0.541
a96738011071,1,,0.771,0.541
8e3ac4a900ab,21,,0.771,0.541
2164668a074f,96,,0.807,0.613
4a9bee2fcfde,10,,0.84,0.68
7ba106e33d24,79,,0.873,0.747
0e0008a57b85,2,,0.873,0.747
20c51be84b47,28,,0.873,0.747
d2c50e67bb8e,7,,0.873,0.747
bd05bc01fb24,34,,0.873,0.747
fd49d4ededb6,10,,0.873,0.747
760a1cb9922a,22,,0.873,0.747
1b6f7a187385,0,,0.94,0.88
b78bf10ec784,5,,0.971,0.941
033398f0caf9,57,,0.971,0.941
0e5e538da96b,78,,0.971,0.941
62a4aaa8f775,80,,0.001,0.998
5cca4fd9eeb4,7,,0.001,0.998
20d9ffe18745,0,,0.001,0.998
22bf6fcb11f0,0,,0.001,0.998
40d366be4aeb,14,,0.001,0.998
6768348164d4,54,,0.032,0.936
22de0425e48c,0,,0.062,0.875
e53459b23705,1,,0.093,0.814
9c42f49ea785,0,,0.093,0.814
c44beb125633,0,,0.093,0.814
433b7d703f3a,67,,0.093,0.814
c12a84816089,0,,0.093,0.814
846d9d5e03ba,0,,0.093,0.814
277454237b2f,51,,0.093,0.814
ac3f8622e62e,100,,0.093,0.814
85155293e648,2,,0.093,0.814
8b23c3091bf7,0,,0.093,0.814
fea833519f29,0,,0.093,0.814
658fa329f488,95,,0.093,0.814
0b2146fc6e7c,68,,0.093,0.814
05967fdbbf95,100,,0.093,0.814
d6dd07a13cb4,1,,0.123,0.753
16774408095a,3,,0.123,0.753
b9ca463e2632,100,,0.123,0.753
ca27c3fc12d9,18,,0.123,0.753
08d071302fb2,44,,0.154,0.692
08f573f24ea7,16,,0.154,0.692
8d876d684c5d,63,,0.154,0.692
d5284e0197f4,0,,0.154,0.692
1970bca0f7c1,85,,0.182,0.636
3881a464f2b9,97,,0.182,0.636
90f2df0a01b1,32,,0.182,0.636
ed2b20950ea1,44,,0.182,0.636
212104e42037,69,,0.182,0.636
591cb3b27cac,0,,0.182,0.636
8dd79e005f37,3,,0.182,0.636
145d17cc7c6e,3,,0.182,0.636
f61aa7a2b9bc,5,,0.212,0.575
d032ca823b16,100,,0.212,0.575
1d512f5edfc9,0,,0.212,0.575
ddac8764114c,96,,0.31,0.381
ba1bf05836fc,46,,0.31,0.381
19a1897d0ce9,0,,0.31,0.381
89c8013cccd7,99,,0.343,0.314
9cae2adbd43f,4,,0.379,0.242
fede146c40f0,0,,0.379,0.242
2e4862e4dbc8,48,,0.451,0.098
e407cd0d0a91,100,,0.49,0.02
d85e08309126,82,,0.49,0.02
e9fd5a93b1b4,0,,0.529,0.058
972008144109,43,,0.529,0.058
b96d33f9bfac,43,,0.529,0.058
f20cc62a28e5,99,,0.529,0.058
c1a0a839051b,0,,0.529,0.058
05e39d810275,100,,0.568,0.136
068e499c6658,100,,0.568,0.136
7da151b25e6c,54,,0.568,0.136
e0680ee67b72,64,,0.568,0.136
f315c0c1fa5b,1,,0.568,0.136
97f6d15df9ea,2,,0.568,0.136
419fbe2899ac,0,,0.568,0.136
0bb554e456bf,99,,0.568,0.136
82c63caf67d2,100,,0.568,0.136
86d93cf6d0a2,1,,0.607,0.214
e277171ac034,93,,0.607,0.214
b10d48466856,10,,0.607,0.214
16f7c6ef4c20,99,,0.607,0.214
95b5a2907ffb,81,,0.646,0.291
8aa7ccbc6265,100,,0.646,0.291
c9e69fd84ba5,29,,0.682,0.363
f50642adca57,0,,0.721,0.441
9cd931a2ceec,59,,0.754,0.508
67608c995a70,99,,0.721,0.441
153a1d282661,11,,0.79,0.58
be25e5096355,71,,0.823,0.647
a41c6ace045d,71,,0.823,0.647
83c15a0abd5b,88,,0.823,0.647
a84e3470404f,40,,0.79,0.58
db9befe236b7,5,,0.823,0.647
a7a4156fff6e,0,,0.823,0.647
1bc7604c7b18,0,,0.823,0.647
01b21b66b5e6,30,,0.823,0.647
953fb9c3ad8e,10,,0.823,0.647
492e7819f322,0,,0.823,0.647
2767f0682fc3,0,,0.823,0.647
86774fc44b15,0,,0.823,0.647
f8fa15c19299,3,,0.887,0.775
e468c1c4456a,88,,0.918,0.836
abe331653804,0,,0.948,0.897
602b3e1ee70b,89,,0.887,0.775
056aa1f500b3,100,,0.979,0.958
28d4206560e5,100,,0.979,0.958
8f22b70144d5,0,,0.979,0.958
e085e6d5c5ef,93,,0.979,0.958
10653f4f1b2e,67,,0.979,0.958
59228c11eac6,95,,0.979,0.958
b53545466c8b,84,,0.01,0.981
d72e87d44dd4,12,,0.01,0.981
b83a96171fd0,94,,0.01,0.981
43eb74b00eec,100,,0.01,0.981
f4949f9f14c0,100,,0.037,0.925
4a686d983bda,100,,0.037,0.925
59fe71f04f98,16,,0.037,0.925
b0fb1bcf1250,33,,0.068,0.864
1906b720d723,100,,0.129,0.742
30f570062d15,23,,0.16,0.681
8a8ae530ba74,100,,0.16,0.681
62249b8f4028,36,,0.19,0.62
c1841428efed,2,,0.221,0.559
c7e3dbfadb32,1,,0.221,0.559
c106be21be32,1,,0.221,0.559
473f1c785deb,100,,0.221,0.559
f9df3f3cee2c,36,,0.254,0.492
efc6ecab789c,2,,0.254,0.492
7c1489010908,10,,0.254,0.492
992712a517e0,0,,0.254,0.492
4a1881c6e0ce,0,,0.254,0.492
cfa9633e79f3,3,,0.323,0.353
e1595e4a8750,45,,0.323,0.353
3d267e751a64,0,,0.323,0.353
1bd8ee531363,100,,0.36,0.281
c0518301e10d,0,,0.396,0.209
3fae44202afa,88,,0.435,0.131
9e704bd1f6b8,0,,0.473,0.053
c5e981140ac5,5,,0.473,0.053
06bfb231123f,100,,0.473,0.053
fa053ea2f9ff,100,,0.473,0.053
5ea67caed944,0,,0.473,0.053
b47dd9d9ad50,48,,0.512,0.025
ebff4358ad30,100,,0.512,0.025
34f27035bb97,100,,0.59,0.18
4336a088b60d,25,,0.735,0.469
db57f707940d,7,,0.768,0.536
376ed3443b64,55,,0.768,0.536
545ae4d9568a,12,,0.768,0.536
cebd93f43c1a,14,,0.862,0.725
f2bceb1faeb8,100,,0.893,0.786
2e80d2e52b64,96,,0.893,0.786
d8b0880685ea,7,,0.893,0.786
4951eeebdfb9,12,,0.923,0.847
f4b7819bb85d,0,,0.923,0.847
910daecc638b,96,,0.923,0.847
358778586eec,82,,0.923,0.847
6ef6ab8c95bb,99,,0.923,0.847
f148a9eec0e4,6,,0.923,0.847
8006469a5f70,100,,0.954,0.908
36dbd3820411,8,,0.954,0.908
c803e9dacd0e,99,,0.012,0.975
43582b9b8b2a,35,,0.043,0.914
1d0dfc595da2,28,,0.073,0.853
87bffc2d3f94,90,,0.073,0.853
e819681f7ad9,42,,0.073,0.853
e402f51d9aa6,83,,0.073,0.853
3507cc69bba0,95,,0.073,0.853
5e8154e9c2c6,100,,0.073,0.853
70227916f784,17,,0.073,0.853
c724dc365227,55,,0.104,0.792
0fdb89a70a5c,30,,0.104,0.792
cdabc4ccbf43,0,,0.104,0.792
ad048cf56fa2,3,,0.104,0.792
934d9b228100,18,,0.104,0.792
5babb81c85e7,15,,0.104,0.792
72455c96d70c,4,,0.137,0.725
ca77ace36c12,49,,0.104,0.792
3b4968c300a0,0,,0.137,0.725
b75a938a6c08,7,,0.137,0.725
e7f1e0ca9df3,32,,0.168,0.664
e40fb6267a48,100,,0.168,0.664
7359a7b91b6f,98,,0.168,0.664
2a7647712120,100,,0.168,0.664
1bc2146d8154,39,,0.201,0.598
b74b5ea3fbd6,23,,0.235,0.531
9f78587cbc19,15,,0.235,0.531
bb135a38ed39,96,,0.235,0.531
e189439d8e36,0,,0.271,0.459
85a4bcfabd58,0,,0.304,0.392
69b2f3a572ee,7,,0.343,0.314
4321d8817bb7,100,,0.379,0.242
35c6a436d3e8,27,,0.418,0.164
2920a387a78a,18,,0.457,0.086
15210718ba56,0,,0.496,0.009
9dd9c489f614,0,,0.535,0.069
f09bdc9a2e5b,0,,0.571,0.141
c2cc88c14589,83,,0.679,0.358
b8644fe1a80b,2,,0.679,0.358
395b07df505e,2,,0.712,0.425
b76efc4beed9,5,,0.746,0.491
88160922a020,94,,0.779,0.558
9fe0b6f90170,58,,0.779,0.558
5d0fac6e8751,0,,0.81,0.619
e0eda667cf84,100,,0.837,0.675
fdd0cf1beb85,100,,0.837,0.675
541df453698c,100,,0.837,0.675
c6f69fc40d1f,3,,0.868,0.736
9d22fec2aae8,0,,0.898,0.797
649de5acd6b0,0,,0.898,0.797
038f6f7d7bec,1,,0.929,0.858
d54bfddf972c,54,,0.929,0.858
d831c28ae9b4,0,,0.929,0.858
6100aa4d9fd0,0,,0.957,0.914
0af4f7de333c,21,,0.957,0.914
ba9d1816147a,21,,0.957,0.914
842dc7a06f50,78,,0.957,0.914
e79acec2a816,0,,0.99,0.98
2dc9a12ae844,1,,0.99,0.98
64a3bc528ec2,29,,0.99,0.98
275645920f42,0,,0.99,0.98
0f3e1f222614,0,,0.021,0.959
c141a5950a28,86,,0.021,0.959
4dfe3cd08953,2,,0.051,0.898
a5e71f652b8d,64,,0.051,0.898
617d50cda1a0,69,,0.051,0.898
0363269909a7,74,,0.051,0.898
5ea4c59e6d5a,80,,0.051,0.898
3a673d1487d2,6,,0.051,0.898
6d322b3aac1e,18,,0.051,0.898
8ba5ef012e12,0,,0.051,0.898
a0007e6785c7,0,,0.051,0.898
38a1f43c19e1,100,,0.085,0.831
c51023aafab5,77,,0.085,0.831
cf28609e890f,55,,0.085,0.831
1608d69ed847,23,,0.118,0.764
04625080862b,31,,0.118,0.764
2e1b58c607e0,0,,0.118,0.764
0df4609c765e,51,,0.118,0.764
4364ea83441f,13,,0.118,0.764
a2421109aba9,71,,0.118,0.764
1cde44fdea5a,13,,0.118,0.764
fca744b3106e,94,,0.118,0.764
02311859bf56,58,,0.185,0.631
2a59cf75e625,0,,0.221,0.559
06b7852bf79d,0,,0.221,0.559
f164517357db,6,,0.221,0.559
a053c767a294,74,,0.254,0.492
4f343fe2fb23,0,,0.254,0.492
ea8d8cb0ca81,0,,0.254,0.492
5fd3da44eef4,0,,0.254,0.492
c8c8b4309263,0,,0.221,0.559
d1276be94c6d,0,,0.29,0.42
41921de50aae,0,,0.29,0.42
7d2c5382ad9d,0,,0.29,0.42
cf5e7857453c,6,,0.365,0.27
e25b853208d5,53,,0.365,0.27
8f70d2ba8400,12,,0.365,0.27
62a64c7711dc,48,,0.365,0.27
184e36e470bb,68,,0.365,0.27
33abcbddfda9,9,,0.401,0.198
706b07bfe47c,0,,0.401,0.198
3b8536b62e7c,0,,0.401,0.198
3d0200e4fe4d,48,,0.401,0.198
fca830f6bdc3,22,,0.401,0.198
32d316beafaa,0,,0.401,0.198
2108c3428626,0,,0.401,0.198
50f90290f57b,0,,0.401,0.198
f4a98f437c5e,22,,0.401,0.198
0844eda9a26e,0,,0.401,0.198
17db30ee9107,3,,0.44,0.12
6487c224e23a,0,,0.551,0.102
c48c8ddd7ccb,0,,0.623,0.247
558387ee6abf,10,,0.69,0.38
4b8528b5c81c,4,,0.69,0.38
6b575e62447a,100,,0.721,0.441
b230e508c93b,73,,0.751,0.502
8f8c7194ade1,76,,0.751,0.502
e38d6481e00b,1,,0.782,0.564
f73bb9d994de,26,,0.782,0.564
1f17339d8f21,0,,0.782,0.564
ceb06f6aef39,0,,0.782,0.564
717c81e4a120,0,,0.782,0.564
a0c6e97629ee,91,,0.782,0.564
94c1e2cce216,0,,0.782,0.564
0e6bfc19bad8,14,,0.782,0.564
32bd09898581,36,,0.782,0.564
2318c5921d55,18,,0.782,0.564
ad93f006fd8d,0,,0.782,0.564
030e685b4ab2,17,,0.782,0.564
55093aed336b,6,,0.782,0.564
326ded45a073,33,,0.782,0.564
6263e6b393b6,22,,0.782,0.564
88326c257325,0,,0.782,0.564
8578e87236da,12,,0.782,0.564
66a941395193,31,,0.782,0.564
4b1f913828f4,1,,0.782,0.564
dc50dba0a18a,0,,0.812,0.625
ee768e3ce840,37,,0.812,0.625
bc04e22ec84b,0,,0.782,0.564
c96da4ede8bb,1,,0.782,0.564
91bbc4819570,100,,0.873,0.747
5fc6374abad3,0,,0.873,0.747
fecf7b8ffe48,6,,0.904,0.808
9392637a2e6c,67,,0.904,0.808
b21d8cdda045,90,,0.904,0.808
c63ba477b01a,50,,0.904,0.808
485b08629a00,0,,0.935,0.869
9ab27a354a49,91,,0.904,0.808
56832dd9930e,98,,0.904,0.808
208fca3ee2be,73,,0.068,0.864
f78ff5676477,73,,0.068,0.864
1fcf850afb13,91,,0.904,0.808
4001c3397386,95,,0.935,0.869
0c6708b00edc,78,,0.935,0.869
69f5a72b8055,0,,0.935,0.869
268d9354648f,0,,0.935,0.869
0787357233a2,0,,0.935,0.869
a1f89e31f076,0,,0.935,0.869
0418c6998956,5,,0.935,0.869
1143b17d74be,6,,0.935,0.869
b1d6eba2ab71,8,,0.935,0.869
8a7f48c52312,0,,0.935,0.869
d8e9afdd00c3,96,,0.935,0.869
ab36bf97cffc,78,,0.935,0.869
39acc094d2d8,96,,0.935,0.869
b4dd914fb90f,0,,0.935,0.869
a5e30ae22c7e,0,,0.935,0.869
58222e44a0c9,1,,0.935,0.869
de7387ddd702,77,,0.935,0.869
0dd324dc6b12,2,,0.037,0.925
334d3dbd725d,71,,0.096,0.809
f940350609c7,92,,0.935,0.869
b1f2a53de004,99,,0.865,0.73
57e17710a7b0,64,,0.935,0.869
87839e8ed0d4,0,,0.935,0.869
9b740090f900,6,,0.935,0.869
2c4467e105c0,63,,0.935,0.869
df5cb63d2708,0,,0.737,0.475
4e1de4c08825,1,,0.965,0.93
a6cdc230dd21,0,,0.865,0.73
98e1492eb385,0,,0.965,0.93
91e2b957b643,0,,0.965,0.93
5adad50b8b8f,0,,0.965,0.93
b30a0503edce,100,,0.965,0.93
a0dbdf452fb7,96,,0.935,0.869
1e2903cd8895,97,,0.029,0.942
bc5b7493c466,98,,0.957,0.914
66474373e307,4,,0.965,0.93
d76b1e9b50ff,0,,0.965,0.93
048ce2cfcd45,0,,0.965,0.93
3f0fdd067c6e,2,,0.935,0.869
d28a84cef666,0,,0.262,0.475
59da17be6654,97,,0.935,0.869
dfd69f39fbfb,98,,0.965,0.93
f606b33d6c95,100,,0.935,0.869
e0ed3755ad65,99,,0.998,0.997
ccca09628ee0,75,,0.965,0.93
4a9cf87a27ea,24,,0.965,0.93
d02cfd05daf3,37,,0.912,0.825
97b77d8757b9,2,,0.998,0.997
b24a2577176c,0,,0.998,0.997
281381ac8a7c,12,,0.998,0.997
ffc70e83973e,0,,0.965,0.93
e1feea600d14,44,,0.998,0.997
b79c8e05c513,61,,0.94,0.88
3d2d454dfdd7,0,,0.965,0.93
90d6b000b936,61,,0.737,0.475
9e265b05523c,97,,0.998,0.997
bd5599e09a06,0,,0.032,0.936
73793405d2ad,0,,0.032,0.936
5a617c6a0b59,4,,0.965,0.93
4b0cf8166f61,11,,0.71,0.419
9b711d6098bb,11,,0.71,0.419
8994c0b8be03,96,,0.032,0.936
6a6f0054a890,1,,0.851,0.702
3cebf8bf73cc,43,,0.032,0.936
265d62a888b9,0,,0.032,0.936
acc5defffe2f,25,,0.032,0.936
bad4386c6764,6,,0.032,0.936
d601e1623c8a,43,,0.032,0.936
926e07461272,31,,0.032,0.936
bde1e1469499,60,,0.032,0.936
4303502d4cc7,32,,0.812,0.625
95b2aa416f3b,0,,0.065,0.87
3d4697a4c93a,0,,0.065,0.87
4a7a319f9120,63,,0.032,0.936
cd8cebb3eb60,16,,0.065,0.87
aae33a3d5b79,0,,0.032,0.936
4f900bf67c47,19,,0.065,0.87
86eb897cba9a,90,,0.065,0.87
e5490e93287c,32,,0.032,0.936
ca0e0ca01bf2,4,,0.032,0.936
d4ae1872ab2e,32,,0.032,0.936
00040e38a4ff,38,,0.851,0.702
5eeb6503d4fe,83,,0.032,0.936
8f6e8bdcae0c,28,,0.965,0.93
9907bb98130e,98,,0.032,0.936
8359663f2089,85,,0.032,0.936
6a6ee97dedf4,3,,0.065,0.87
fdb2e3d60b42,64,,0.032,0.936
2963da378625,0,,0.782,0.564
77f612bcf34b,1,,0.065,0.87
f8e7a8906fb3,0,,0.032,0.936
736be011d9b2,0,,0.032,0.936
565308712fc5,0,,0.065,0.87
2b69f6fd0bbe,0,,0.032,0.936
741b7d5a82da,97,,0.065,0.87
707cbcbd2901,2,,0.065,0.87
a01ab8bab2ef,11,,0.023,0.953
f23effcb180f,11,,0.023,0.953
53d3722b45da,0,,0.821,0.641
b535ccfc353b,63,,0.076,0.848
2e8f5071c2c5,29,,0.782,0.564
f327c9ae7161,94,,0.101,0.798
db1fbb4bd0c4,2,,0.032,0.936
85fb9815330b,17,,0.101,0.798
c7ea00a85fee,2,,0.032,0.936
923391ee0b38,5,,0.101,0.798
a617178673e3,2,,0.179,0.642
462e76d6f080,17,,0.032,0.936
bd9ba9797ee8,49,,0.885,0.769
d871ae897ea3,1,,0.032,0.936
ba3d28ac7aea,53,,0.135,0.731
8434f1a7e89a,97,,0.135,0.731
845a2d9a8ef8,59,,0.865,0.73
480e51963a5b,18,,0.032,0.936
db2abca9415e,87,,0.032,0.936
b3d16e1b9f88,0,,0.135,0.731
a47096113930,97,,0.171,0.659
6beaadc55293,0,,0.032,0.936
f50577715e9a,92,,0.171,0.659
805a0b794035,0,,0.207,0.586
3e804f449eba,92,,0.171,0.659
21e34aafc605,41,,0.207,0.586
f4230f8c8d90,22,,0.207,0.586
ea9289a2ed03,100,,0.207,0.586
1212f64c89bb,95,,0.01,0.981
f92bf0b63c1d,24,,0.207,0.586
74f640ba3a43,0,,0.032,0.936
d44f5d15dac7,53,,0.243,0.514
b06cb2269cb5,100,,0.243,0.514
58d0a6f6034e,51,,0.135,0.731
9561135e009a,51,,0.135,0.731
493905ebe43e,51,,0.135,0.731
cdef2050cc11,37,,0.243,0.514
beda5f055c34,0,,0.279,0.442
fd7776058b37,0,,0.279,0.442
8b2edaa12ee1,0,,0.279,0.442
df48411ecce9,0,,0.279,0.442
dfa422ccbbf8,26,,0.279,0.442
0ac8da275cf1,1,,0.279,0.442
5966bb8b6787,16,,0.09,0.82
607e8111af0c,0,,0.279,0.442
6f5640de3940,30,,0.398,0.203
d17e2cb1f8c9,0,,0.279,0.442
7f2fc77118c0,0,,0.279,0.442
3573b181e0f4,14,,0.262,0.475
97db935eb59b,0,,0.279,0.442
f2779d40bc36,0,,0.279,0.442
0de070929a1f,80,,0.315,0.37
4ee065821731,80,,0.207,0.586
ff6d18d09f18,53,,0.315,0.37
294d2d4abd1a,2,,0.315,0.37
37b4ee53491b,0,,0.279,0.442
1195030f540e,0,,0.323,0.353
377d83998871,98,,0.315,0.37
73d681ef2abb,1,,0.351,0.298
6e1177d67cf2,82,,0.223,0.553
0df61ff6d017,0,,0.351,0.298
072e3da64a04,96,,0.462,0.075
c43849b811a3,83,,0.868,0.736
f0f4006267f7,3,,0.068,0.864
dca07f02c7cf,90,,0.782,0.564
469a03a1e16d,3,,0.068,0.864
03eb4088423c,100,,0.568,0.136
39115f35530a,93,,0.912,0.825
a1358ddddfc0,93,,0.912,0.825
b1ac5aae1c25,93,,0.912,0.825
289439b7d703,93,,0.912,0.825
9ad99c1bd400,0,,0.635,0.269
74fb08754c35,93,,0.696,0.391
1e01095c80e3,0,,0.885,0.769
573f2c2d0974,0,,0.885,0.769
60974993931e,1,,0.757,0.514
602ca3251cce,70,,0.757,0.514
2009963d6c90,1,,0.787,0.575
1e5556dac3b7,43,,0.387,0.225
db70ea97eccb,44,,0.818,0.636
d111c72d0476,43,,0.818,0.636
240979b63628,97,,0.818,0.636
6f6b89f68154,6,,0.818,0.636
d558c2d0bae9,22,,0.818,0.636
a4570541cc59,98,,0.818,0.636
367479417464,90,,0.818,0.636
e1558a4f9e11,1,,0.818,0.636
38579c204c67,1,,0.818,0.636
6da1ca01b1cb,0,,0.818,0.636
55c49aa340d4,96,,0.818,0.636
6c7c1b696f9e,0,,0.848,0.697
cf5024596650,32,,0.848,0.697
2ba7bca2202d,74,,0.848,0.697
a331c6df1ccc,95,,0.848,0.697
7a387243b261,0,,0.879,0.758
4316acf7f078,98,,0.032,0.936
0d6f651a9efb,37,,0.879,0.758
2fe7a6aa214f,51,,0.912,0.825
baef7fe63068,93,,0.912,0.825
7ff8502a48b4,99,,0.912,0.825
609507624eb7,1,,0.979,0.958
b80838bc3639,1,,0.818,0.636
d5cc12b93f0a,19,,0.979,0.958
d043f2302e3f,97,,0.015,0.97
eaad4f9f42e6,83,,0.051,0.898
ba68c18a9356,0,,0.087,0.825
960b65a0c2da,21,,0.979,0.958
f3c7abb38462,20,,0.979,0.958
53f2bbf95ce7,0,,0.123,0.753
dabad790313e,27,,0.16,0.681
c6cef394c8e1,27,,0.16,0.681
7abab36d4b13,14,,0.16,0.681
4dacd7f93622,95,,0.16,0.681
3822e87f9a39,0,,0.16,0.681
a2f6f0fe0655,0,,0.16,0.681
3efd747aaf16,91,,0.16,0.681
d1bf3f67797c,88,,0.16,0.681
affc7109c6af,0,,0.16,0.681
b7ee81ca25cb,85,,0.16,0.681
f2d6c1ad4b2f,0,,0.16,0.681
2fa4590a5563,96,,0.16,0.681
2036188f3af7,22,,0.16,0.681
946961a65e39,96,,0.16,0.681
b7f56b38c464,13,,0.16,0.681
390b99095228,0,,0.16,0.681
d0707b994c10,26,,0.16,0.681
73cf71ab80cf,33,,0.16,0.681
8d62c2bae08d,79,,0.16,0.681
bdae4a46701c,0,,0.16,0.681
e3d03fe5eead,0,,0.16,0.681
47a0a441cad9,4,,0.16,0.681
23105d85c055,2,,0.16,0.681
1af67505efec,42,,0.123,0.753
6a293288af1c,13,,0.16,0.681
d9970196e85a,52,,0.232,0.536
df97b99805d0,20,,0.232,0.536
58c8e3c6a068,37,,0.271,0.459
02de3c60a3c6,97,,0.343,0.314
c7edf0901330,34,,0.376,0.248
113b2fd5c228,41,,0.376,0.248
d91785eb2e50,99,,0.087,0.825
330756919e0c,24,,0.412,0.175
6c5c99c1eca9,96,,0.376,0.248
73ecabff190a,2,,0.101,0.798
b31fd2819b78,39,,0.515,0.03
706319bf142e,0,,0.673,0.347
63308f3bd0c4,34,,0.673,0.347
4cc98568aac8,4,,0.704,0.408
6d3d115f804a,100,,0.704,0.408
7bfb91c738d0,9,,0.704,0.408
d2b057fe6e64,76,,0.704,0.408
121cbe9f40a0,76,,0.704,0.408
70a9950397e5,55,,0.704,0.408
4508dada4927,30,,0.704,0.408
1c9b6484f6b8,0,,0.704,0.408
3359b31dd877,8,,0.673,0.347
07dcc8e6ab98,0,,0.704,0.408
65f8c27f66d0,19,,0.673,0.347
21566044dadc,0,,0.704,0.408
2ace458dfd66,0,,0.704,0.408
b35baed3e82b,0,,0.673,0.347
be185304eb63,55,,0.704,0.408
7280b3e0ab07,1,,0.704,0.408
0bd507e5f6d1,0,,0.732,0.464
b94c391a0532,0,,0.732,0.464
af258f0fb37e,8,,0.732,0.464
97d50471e2bf,61,,0.732,0.464
05c8bc85bfd1,51,,0.732,0.464
cf1c38f71299,0,,0.732,0.464
b86557cab174,68,,0.732,0.464
6dc9113f7706,22,,0.732,0.464
d155368b4b28,79,,0.732,0.464
fe6d28894af2,13,,0.732,0.464
1bd31e02454d,65,,0.732,0.464
5d030c9a265f,30,,0.732,0.464
e2514bff19b5,99,,0.16,0.681
268c9d5ef357,72,,0.732,0.464
c25d20b01897,0,,0.762,0.525
cb5124bbaa1c,61,,0.732,0.464
22bff57ecf59,61,,0.704,0.408
88dd9f57fd40,89,,0.704,0.408
f0760a732b2f,0,,0.732,0.464
daa94dcbe87e,100,,0.793,0.586
c215219f58fa,98,,0.793,0.586
249b5cd2b580,25,,0.793,0.586
fe626da58f2e,0,,0.793,0.586
bbd0eada2601,2,,0.857,0.714
6e50e6ce9966,0,,0.793,0.586
45c4b51a228c,32,,0.89,0.78
cdde8db20de6,0,,0.89,0.78
b9f9b9114121,2,,0.89,0.78
367a32fb95c7,13,,0.89,0.78
883285fc2575,95,,0.89,0.78
6bbbf75ece44,0,,0.926,0.852
a2db703ecca5,0,,0.998,0.997
699749611e5a,97,,0.073,0.853
a0a383e07fea,16,,0.187,0.625
81c945681fc1,84,,0.223,0.553
c11c84e62bba,0,,0.296,0.409
8926415addbe,40,,0.332,0.336
3d072c148f51,24,,0.365,0.27
e61be0caec2d,35,,0.465,0.07
ccfe34c9076f,56,,0.498,0.003
05de098660e4,1,,0.529,0.058
f8be02d8683a,24,,0.56,0.119
28b4ad3f66d1,100,,0.621,0.241
2073ea774f81,61,,0.732,0.464
c3f10a6382d8,51,,0.732,0.464
850a8fc2784c,90,,0.262,0.475
f4df7e5682f0,25,,0.518,0.036
fef77887be5d,0,,0.74,0.48
bbff8a486c11,0,,0.74,0.48
5403fd7b993a,0,,0.74,0.48
bc3b2fc41e9b,83,,0.773,0.547
f67c65c83ad6,64,,0.91,0.819
5fa500ac65ad,100,,0.551,0.102
93bcf45623d0,97,,0.643,0.286
60c0508548e6,29,,0.676,0.352
ef6b66160f8a,0,,0.707,0.414
b17e2c133ec9,0,,0.81,0.619
036d3789f4d1,89,,0.921,0.841
a392a07073ea,12,,0.001,0.998
ca83cad1d566,54,,0.115,0.77
e99400021159,98,,0.223,0.553
51de70d274f5,94,,0.223,0.553
5c6c28bc9b21,77,,0.223,0.553
1385544cac9d,100,,0.223,0.553
c03110dcf2b9,38,,0.351,0.298
d25d4458039a,95,,0.351,0.298
c92e5e1d78bf,92,,0.382,0.237
82550ae053d4,40,,0.501,0.002
b39e2f2f1318,5,,0.501,0.002
31504ca30363,44,,0.501,0.002
110077603272,57,,0.66,0.319
6505ba3f8c27,98,,0.66,0.319
5cc0212b1df5,24,,0.66,0.319
91690a157d8a,42,,0.91,0.819
e4ef744943c0,85,,0.91,0.819
8e9f058c0bc3,11,,0.026,0.948
abeb8fd3fa22,22,,0.026,0.948
aaa7ac824654,0,,0.062,0.875
f6c2e50ae7c7,0,,0.062,0.875
ce46d4c95c95,28,,0.062,0.875
af4eb967da0a,32,,0.137,0.725
4c6f4e431809,0,,0.171,0.659
9cc5a1f2db3c,0,,0.704,0.408
6d69b44fa2c7,0,,0.171,0.659
6367714a7688,46,,0.171,0.659
8319a3311a01,28,,0.762,0.525
2690307f3b1b,92,,0.237,0.525
c9bb6b56e84c,9,,0.062,0.875
ba3091c45b8f,5,,0.062,0.875
0f8051b03710,83,,0.329,0.342
6fb85cab9eac,83,,0.329,0.342
daef4afc18a9,0,,0.579,0.158
bec3fafe20c6,0,,0.61,0.219
e046d5543274,96,,0.612,0.225
1f8e11565bd3,61,,0.646,0.291
e0e88dfbb77e,13,,0.646,0.291
4cc217562ae9,55,,0.715,0.43
2018fd91d527,0,,0.862,0.725
910c8af8db47,93,,0.862,0.725
d842426c3a22,62,,0.937,0.875
8b9c6ade8d15,25,,0.937,0.875
0598e936e1c8,89,,0.973,0.947
5d3c0d630b27,0,,0.046,0.909
22b7c40684bc,29,,0.215,0.57
add9140cb5e9,12,,0.246,0.509
678dcd72cdb6,57,,0.304,0.392
0f02738bd006,78,,0.335,0.331
a56209be64ff,56,,0.493,0.014
7a49f23031d0,61,,0.74,0.48
3ce235913daf,95,,0.74,0.48
d354c225ba0b,66,,0.887,0.775
77949a968d6b,20,,0.887,0.775
d1de59eb53c1,0,,0.923,0.847
13612158b410,0,,0.923,0.847
21f8cfed03f8,21,,0.957,0.914
d5ae5c9afe19,0,,0.026,0.948
3fd1747cc425,100,,0.062,0.875
506fc989a47b,42,,0.096,0.809
787bbd234cc2,92,,0.187,0.625
fa0dd0e91e80,94,,0.218,0.564
369a63f78566,0,,0.34,0.32
625e73ce5679,44,,0.34,0.32
3aa6ba7d26ca,72,,0.371,0.259
f006dd3c4a79,7,,0.404,0.192
9e4d3b1d242e,98,,0.543,0.086
c9b3ced05062,84,,0.543,0.086
70f3c20086b0,87,,0.657,0.314
6cb3e5955778,98,,0.657,0.314
2e7fda430e5c,100,,0.729,0.458
55bed7983db8,12,,0.765,0.53
9255ce448932,23,,0.765,0.53
324087fb584f,3,,0.837,0.675
027d84fbb9b2,100,,0.396,0.209
40ea04a2fcae,0,,0.396,0.209
0c1a54c127c4,0,,0.432,0.136
e3470a7e778a,100,,0.507,0.014
4d40d0b46dd1,100,,0.543,0.086
d4427b4d4e5b,100,,0.582,0.164
9c65d85af982,0,,0.837,0.675
17753d6ac113,0,,0.871,0.741
661ee4ca38ee,0,,0.901,0.802
9d55689d54da,33,,0.935,0.869
54fb1d16f383,48,,0.935,0.869
d445d7d03a07,87,,0.087,0.825
2e725f25a24d,96,,0.179,0.642
5623cefa0b7c,3,,0.271,0.459
827207efcfc1,0,,0.882,0.764
2156c14194fd,0,,0.882,0.764
6ebb3bf2ea48,94,,0.915,0.83
d0a925aee0ff,96,,0.943,0.886
0f4df8df371f,0,,0.157,0.686
cae921fc9830,0,,0.157,0.686
8a7766bafc0a,100,,0.971,0.941
1b9df60282eb,0,,0.157,0.686
c2ef3b0a6c11,0,,0.157,0.686
83ed8f0cdcb1,0,,0.187,0.625
6e09eb76af0b,36,,0.218,0.564
2611fc431dc2,100,,0.251,0.498
c004f3422494,11,,0.251,0.498
179598f02526,1,,0.251,0.498
a3512b6a6f37,1,,0.251,0.498
b8fceb1199f8,85,,0.251,0.498
5d7df7a98b52,0,,0.287,0.425
fb74ccc54b47,63,,0.287,0.425
f284c110c23c,100,,0.287,0.425
c083db6a7e83,50,,0.287,0.425
bcde0c67ec4f,72,,0.435,0.131
7b378ef28871,90,,0.473,0.053
8e6342907573,99,,0.665,0.33
4d4e1948a719,100,,0.665,0.33
95fd2dd4c30f,69,,0.701,0.402
bc032db0b0f7,0,,0.701,0.402
b71f49d1827e,0,,0.701,0.402
4835ebb3edca,100,,0.807,0.613
124dd7b9b189,58,,0.735,0.469
9b2492d26e6a,58,,0.735,0.469
cefe8669e854,44,,0.735,0.469
12355e4ad72d,0,,0.735,0.469
ca054e6dcade,100,,0.832,0.664
136958d34df5,100,,0.832,0.664
a1acb1290234,100,,0.923,0.847
f667816ea861,10,,0.982,0.964
1e5021eb644e,82,,0.982,0.964
660e8f008f34,45,,0.237,0.525
497f1dd019b5,100,,0.237,0.525
ca99dd7b4ab5,0,,0.237,0.525
cfa22f1b6a61,0,,0.273,0.453
560a5be07421,61,,0.382,0.237
4f356eb8f205,41,,0.982,0.964
d6c7e47de3ad,41,,0.982,0.964
96545bf2a13f,48,,0.982,0.964
1cd921bf3ae8,46,,0.982,0.964
d052cd04cb7a,100,,0.296,0.409
c3928af6b335,100,,0.382,0.237
5f793573ebec,0,,0.768,0.536
25264752007e,2,,0.168,0.664
a48cafa698b8,0,,0.168,0.664
5c42881c65e3,100,,0.337,0.325
166c28035614,0,,0.168,0.664
5e07de3c04dd,40,,0.943,0.886
d0b54e09f329,0,,0.168,0.664
5777503893c1,0,,0.168,0.664
6c8a607837e2,35,,0.337,0.325
bd2c4d7fff32,0,,0.168,0.664
75e84b456f73,1,,0.285,0.431
f5e9d3513578,76,,0.168,0.664
2bfb230e6a4e,17,,0.226,0.548
70ab24b21302,3,,0.576,0.152
11b94f1d5a02,3,,0.576,0.152
5bfb55dbb9dd,0,,0.576,0.152
791011c75fa3,1,,0.612,0.225
e506ef0a03fb,85,,0.835,0.669
6cb8bd3ced91,0,,0.762,0.525
67c659ba8cc4,78,,0.896,0.791
989eef32538c,0,,0.871,0.741
e5fa692d154f,38,,0.735,0.469
d9f3a431bd18,0,,0.682,0.363
3cc495d0ef6c,11,,0.226,0.548
33ba1ecc00f5,29,,0.118,0.764
d9936f096c15,24,,0.204,0.592
064867239ef6,48,,0.229,0.542
9e24af0c7691,6,,0.101,0.798
ea9a008e1f4a,98,,0.923,0.847
5a81aac55a92,0,,0.982,0.964
f4b76eb92539,0,,0.073,0.853
89fe666e23cb,94,,0.137,0.725
19e5dbf6f189,99,,0.01,0.981
f9cfd72e7af3,5,,0.037,0.925
42110593417b,5,,0.037,0.925
1b75b610e788,0,,0.662,0.325
1b48b07b38f8,10,,0.079,0.842
5eaf5056ea6e,46,,0.982,0.964
1f2e8ad0142f,0,,0.768,0.536
c450848bce99,22,,0.218,0.564
5d4647946372,40,,0.004,0.992
db9946793c9c,0,,0.871,0.741
1e6d61500db6,0,,0.226,0.548
9b4372dcd6eb,0,,0.226,0.548
ea374762cdff,0,,0.871,0.741
8f87e86c2dda,8,,0.921,0.841
86f8b1f18119,64,,0.962,0.925
fc742da364d4,100,,0.957,0.914
965d7f478885,38,,0.932,0.863
7f0f3ac1d14c,77,,0.985,0.969
e9948d676039,36,,0.118,0.764
89a97e99a51e,100,,0.985,0.969
e488caf4f8cc,5,,0.762,0.525
63eebbaf3326,88,,0.59,0.18
c862ecf212e6,0,,0.304,0.392
9cf36ce259d5,0,,0.179,0.642
6b17005f07a1,0,,0.057,0.886
c147b37d6ebe,99,,0.087,0.825
89fa5d3d85ef,47,,0.029,0.942
6ce1c9342e15,99,,0.993,0.986
5578f8d630e3,36,,0.965,0.93
5e5dfc42c942,53,,0.168,0.664
2e43325a5343,99,,0.885,0.769
29dd183cea1a,25,,0.037,0.925
048677ee5aa8,78,,0.993,0.986
69d4e51d0014,16,,0.079,0.842
6602354c528a,30,,0.118,0.764
30f32f8d85f6,4,,0.501,0.002
69638ac21f22,23,,0.09,0.82
9dbe4934d679,0,,0.821,0.641
5db6ab67d9b8,0,,0.821,0.641
764698c41d64,1,,0.854,0.708
23bb09caf6e0,68,,0.262,0.475
e4416b1ca41f,60,,0.262,0.475
f1a86ecb6098,44,,0.262,0.475
17d96230b527,92,,0.373,0.253
261ac8260864,5,,0.523,0.047
9b1303efb427,32,,0.596,0.191
d496c31c9890,2,,0.182,0.636
cbe2ee46acb6,100,,0.218,0.564
372bbfa3e9b2,91,,0.218,0.564
1743aaa658b9,17,,0.218,0.564
456b51e7c6bc,79,,0.218,0.564
1605a8886e53,22,,0.579,0.158
675b073fb589,12,,0.646,0.291
37fd201f1c70,1,,0.676,0.352
24d20eabf241,0,,0.796,0.591
7bed56046106,1,,0.796,0.591
af374876881f,0,,0.796,0.591
2204236eba7a,0,,0.796,0.591
5745941bfa79,52,,0.796,0.591
96178c8c593b,97,,0.796,0.591
37810ebc0d38,75,,0.796,0.591
2c592174c305,3,,0.796,0.591
c1e0d540255b,0,,0.796,0.591
d16cdbbe600c,3,,0.796,0.591
e5ba01e09c8f,14,,0.796,0.591
faa45d39d81d,6,,0.796,0.591
5228d733597f,91,,0.796,0.591
659e33d35046,81,,0.796,0.591
1b3681d92c97,77,,0.796,0.591
65586f0a7e14,63,,0.796,0.591
1ade8eda7c50,85,,0.796,0.591
efdc046723bf,95,,0.796,0.591
86b3c887ea3f,58,,0.796,0.591
f50347497fd3,100,,0.826,0.652
0413e31be902,0,,0.826,0.652
2370079575d5,54,,0.796,0.591
928ae104d8d7,87,,0.796,0.591
828df2359247,0,,0.796,0.591
3f9dcb80be41,100,,0.857,0.714
517a160065db,3,,0.796,0.591
f9f381f393a9,92,,0.957,0.914
11e0c95dfc36,100,,0.99,0.98
2bb026aab463,100,,0.99,0.98
937cf135b42f,36,,0.098,0.803
fb2193b99579,4,,0.137,0.725
f056fc91c29c,0,,0.137,0.725
835201c17fe8,0,,0.137,0.725
035ded2bc99c,11,,0.173,0.653
cf4a11837195,0,,0.496,0.009
1f7e3663c814,99,,0.173,0.653
65284236993c,0,,0.56,0.119
70d3e60f2d7c,18,,0.923,0.847
40c4605b2cfa,5,,0.248,0.503
6ac431fbe42b,29,,0.837,0.675
0457f2f4a3f5,7,,0.837,0.675
4e38a45019ba,0,,0.94,0.88
2ce2ffd4cc8d,0,,0.012,0.975
c77025ad64d2,9,,0.012,0.975
47b7f7bc75c1,0,,0.012,0.975
1dc6fab20023,56,,0.012,0.975
23bbbdaafdd0,1,,0.012,0.975
b489c1776ce3,1,,0.012,0.975
36151994f7be,1,,0.051,0.898
22c3ec808070,3,,0.051,0.898
1af159c9cf9c,0,,0.051,0.898
874a2a3f0c46,6,,0.051,0.898
f232a01198e7,0,,0.051,0.898
6be30e6a6a7a,0,,0.051,0.898
9ec328ed81a6,0,,0.09,0.82
baf13e7e44c7,0,,0.09,0.82
5533d6923082,0,,0.012,0.975
013ac02acd26,0,,0.126,0.748
ce9642b90278,0,,0.165,0.67
8f443fe76558,85,,0.796,0.591
faa0de056065,85,,0.796,0.591
3c57e77af30d,84,,0.796,0.591
c7c5ed4740a9,85,,0.796,0.591
f53679857c28,0,,0.346,0.309
fd6b6297b9c6,10,,0.379,0.242
e5ab68848228,17,,0.379,0.242
4a27d5487f9f,94,,0.379,0.242
6418cc325a6d,3,,0.379,0.242
140fcd129db5,0,,0.446,0.109
628cbecdf0c4,99,,0.446,0.109
0f1e05b7cfaa,0,,0.446,0.109
23d832dab311,99,,0.479,0.042
65df1e4ffafc,100,,0.51,0.019
e41c6a4e16c9,100,,0.54,0.08
a3577fc1c4da,100,,0.54,0.08
2855d9a72535,6,,0.601,0.202
a41f8ccd741d,11,,0.446,0.109
a520f4f5f6f7,0,,0.446,0.109
7abf6025ecf1,0,,0.037,0.925
3ec7f224bd5e,58,,0.229,0.542
a19f51803c9b,26,,0.229,0.542
a8ac8735ca7f,0,,0.262,0.475
6fd6cfd32c3e,100,,0.262,0.475
89ee4b868d93,61,,0.262,0.475
124bf8b460c5,32,,0.298,0.403
f61bee6535ad,100,,0.298,0.403
d5f4d1f81d0a,39,,0.298,0.403
3fb6944a78f4,2,,0.332,0.336
58569bd6eb6b,100,,0.332,0.336
1fc6b6dfe291,0,,0.332,0.336
d5667667203c,0,,0.332,0.336
60328a11acf5,2,,0.332,0.336
9af7d7706085,4,,0.365,0.27
d37ac2ee6b93,84,,0.365,0.27
f88a0e2cb8aa,66,,0.365,0.27
153bf9580e94,62,,0.365,0.27
89f12a1b84ba,3,,0.396,0.209
e8925d0192d3,55,,0.396,0.209
2de5fd3639b8,94,,0.396,0.209
514b970aa762,3,,0.396,0.209
8137573dac96,3,,0.396,0.209
9f0e586cbde8,2,,0.429,0.142
20def5bb37b7,0,,0.396,0.209
367864b7ced5,100,,0.429,0.142
7b0a463a3993,11,,0.429,0.142
4587d548ab0e,2,,0.396,0.209
c46127cfe520,100,,0.429,0.142
58ea9615008a,42,,0.46,0.081
9e3934959614,72,,0.61,0.219
8f07d275b931,97,,0.61,0.219
b369f50f5fdf,97,,0.61,0.219
6c50cdf8cc46,84,,0.61,0.219
18c4cca57fc9,100,,0.835,0.669
6b6d743d57a0,16,,0.907,0.814
4d8ad1b9e562,41,,0.062,0.875
2681f177eedc,100,,0.248,0.503
c0c5de7a76d5,1,,0.282,0.436
9cc2318c5f0a,24,,0.315,0.37
8c75a4af36b0,0,,0.176,0.648
fd38e574d551,0,,0.618,0.236
c469f88b54d5,48,,0.715,0.43
0181df9bbd99,0,,0.748,0.497
3a8dae47ab15,17,,0.748,0.497
f99c8bbb9009,0,,0.16,0.681
f26a6fdae153,29,,0.262,0.475
b3cf781dedbe,87,,0.262,0.475
30608ade9c8c,52,,0.229,0.542
9c90855c4ad4,30,,0.262,0.475
a84dd9f8afae,99,,0.293,0.414
80894a775df3,0,,0.262,0.475
6d7becced628,12,,0.323,0.353
92f13c724cbb,99,,0.473,0.053
348bf844fb92,68,,0.565,0.13
18ca79bfd7c4,89,,0.732,0.464
a4bca61b454d,100,,0.765,0.53
52b072373d39,0,,0.801,0.602
b345c3415cd9,0,,0.801,0.602
89074952fa59,53,,0.801,0.602
cf7f9a333430,41,,0.801,0.602
d125ac4ff4ff,32,,0.801,0.602
7994d8ec33ac,82,,0.84,0.68
2373fa331243,83,,0.84,0.68
79685418034b,0,,0.84,0.68
518cb0788f45,0,,0.84,0.68
48033fae145c,100,,0.84,0.68
b4df642cea06,69,,0.84,0.68
cd8c333f4685,0,,0.876,0.752
967c4a8e2895,99,,0.876,0.752
8427b10740dd,100,,0.876,0.752
76b882e6dcb6,2,,0.876,0.752
092a69bc87a9,3,,0.876,0.752
5af6b6adb423,0,,0.876,0.752
fca8bf8ecca2,2,,0.915,0.83
5716c9f69f19,0,,0.951,0.902
e5a6ccf46e05,95,,0.171,0.659
b9e9a2fe6341,90,,0.171,0.659
b10e7d60d303,0,,0.204,0.592
5703c2607e15,0,,0.298,0.403
e68f9a5f4e55,0,,0.329,0.342
79ee99499c4c,80,,0.329,0.342
2e1e298ceb7a,0,,0.448,0.103
02a2d09d6070,100,,0.448,0.103
bdfaa38a623c,36,,0.512,0.025
223c77dec689,71,,0.612,0.225
b9c417f043be,98,,0.682,0.363
a8fdc82c1a9c,0,,0.751,0.502
ef93329e1e74,46,,0.751,0.502
2f09650475d4,100,,0.935,0.869
fd70ff6f928e,78,,0.935,0.869
7c6f9bc73496,78,,0.935,0.869
386a5f7c9b0e,1,,0.115,0.77
3732afe5dce8,88,,0.271,0.459
c44b9a2cf175,0,,0.39,0.22
6b476b0fd7ae,99,,0.423,0.153
249954d41f69,98,,0.182,0.636
8dea827a9f47,93,,0.212,0.575
251f3a53675b,93,,0.212,0.575
0638afc7546b,0,,0.273,0.453
d6c28d377832,0,,0.273,0.453
5b7d55e28c61,16,,0.304,0.392
f355656f4c14,91,,0.335,0.331
f13a9fc49e89,81,,0.335,0.331
e95155c5727e,92,,0.273,0.453
14c2f83f2293,0,,0.335,0.331
190c4cf99496,69,,0.273,0.453
e4725b3bf517,82,,0.398,0.203
522b43fe6a74,0,,0.398,0.203
8e55c775e749,0,,0.468,0.064
621329cd1dc2,0,,0.579,0.158
134b8cd055c8,2,,0.615,0.23
34f5abd53247,100,,0.654,0.308
01b8e4250f07,0,,0.654,0.308
fe49fb898376,2,,0.654,0.308
ab4f3bfa7914,4,,0.654,0.308
942d1f58c0e1,0,,0.654,0.308
a6dc0515928e,0,,0.654,0.308
145f4b592017,73,,0.69,0.38
1bab7146e2ec,74,,0.654,0.308
a6a83afe07d0,5,,0.762,0.525
2e74ba472368,26,,0.762,0.525
4da33079e1ba,4,,0.762,0.525
0d8d6d7157a4,94,,0.762,0.525
4ffd0642e755,34,,0.004,0.992
53702dd5f65d,0,,0.035,0.931
a63e772b7859,81,,0.004,0.992
51360bd776af,4,,0.035,0.931
20a5fd2601f8,93,,0.157,0.686
9ffd28c17457,76,,0.187,0.625
7bc717aab21f,68,,0.187,0.625
cb4a353ff807,67,,0.187,0.625
505b3ea5a2aa,0,,0.218,0.564
b7387ffdc9b6,0,,0.218,0.564
c66e5258dd16,100,,0.31,0.381
be8479dad5b5,76,,0.218,0.564
53d123f38742,0,,0.218,0.564
589c98f37866,100,,0.246,0.509
e424a9a67026,68,,0.487,0.025
c7a52b9bbfa8,0,,0.035,0.931
856215366f96,51,24140.0,0.912,0.825
cbdd36b222d7,99,11340.0,0.146,0.709
96ff2bca4ba2,1,,0.215,0.57
b2cddce6457c,4,24140.0,0.437,0.125
1f3f71bcac5c,0,68300.0,0.512,0.025
7baf15aad5ea,3,18500.0,0.512,0.025
b6de373bfdb2,100,23000.0,0.965,0.93
ead9c61ce449,2,29600.0,0.998,0.997
7a4ce4a7c9dd,0,24600.0,0.032,0.936
9973e8c0c796,28,24400.0,0.171,0.659
cd88a986637f,100,,0.279,0.442
6df92954c0f0,84,24140.0,0.354,0.292
17300e2cbf24,98,24140.0,0.426,0.148
731980358436,96,17300.0,0.426,0.148
dd83d55930ee,1,15900.0,0.601,0.202
9eedb2d82ed6,0,19000.0,0.601,0.202
5148d84aee31,21,24140.0,0.635,0.269
9b7afd32ffbd,10,,0.665,0.33
b04f47867abd,0,,0.665,0.33
c67e1540be80,23,12200.0,0.698,0.397
552d5a396ae6,0,63100.0,0.726,0.452
aeecfb9aff5c,0,25900.0,0.757,0.514
69d600b3a0cf,0,24140.0,0.757,0.514
b53ff08820fe,100,,0.757,0.514
c9db89271262,0,31600.0,0.698,0.397
742c4cc232bd,100,13400.0,0.787,0.575
04dea810e2c2,1,15500.0,0.787,0.575
ce5e882a89f8,0,16200.0,0.787,0.575
d1565301eace,0,28900.0,0.787,0.575
60f065354a3d,1,24140.0,0.787,0.575
279057823d2d,0,24140.0,0.787,0.575
7da4cef37a4f,0,20800.0,0.787,0.575
9d07d9c34c93,4,12200.0,0.601,0.202
8cc3656c18be,56,24140.0,0.818,0.636
8dd60215104c,4,12200.0,0.818,0.636
c66bb56617c5,11,24140.0,0.818,0.636
0ad851042d07,0,45900.0,0.818,0.636
f18cfd5bfbe0,29,24140.0,0.065,0.87
4222f5f995d4,15,10940.0,0.912,0.825
267a1b8406f6,4,19800.0,0.946,0.891
1d2b78830764,0,33000.0,0.051,0.898
ca2662030c2f,13,24140.0,0.235,0.531
46259998b705,93,,0.379,0.242
fce7f141068c,98,,0.379,0.242
f93d40f3f459,97,43100.0,0.379,0.242
033d230b37c7,6,25500.0,0.415,0.17
be0df33ca51e,65,,0.015,0.97
9bab06a57160,4,24140.0,0.548,0.097
c84a136c2d48,0,24140.0,0.582,0.164
b523554340dd,0,7320.0,0.704,0.408
2a58b01fe795,0,9220.0,0.704,0.408
536df6075d8e,40,24140.0,0.704,0.408
4de692a3c09b,14,22300.0,0.123,0.753
6070d014a4b0,27,,0.735,0.469
2c797f771ebf,27,,0.735,0.469
d7dff78c51f6,100,13900.0,0.762,0.525
adb55df473d8,0,,0.751,0.502
de40a2c99e71,52,,0.154,0.692
3d6c2bb9b14a,0,,0.304,0.392
a6825168f9fb,43,,0.793,0.586
a110ef1fe0e7,2,24140.0,0.857,0.714
7732149e4118,40,,0.654,0.308
b679f07c0d6d,23,,0.004,0.992
dfd601cd8909,0,,0.035,0.931
d779ab33bc91,0,,0.218,0.564
c6b18873229f,20,,0.471,0.059
b46585850d74,57,,0.701,0.402
32877a43c654,0,,0.135,0.731
ae3b79340748,50,,0.162,0.675
debdcd738d4a,37,,0.24,0.52
c4adc11323a9,0,,0.537,0.075
cbd9b814e82a,98,44400.0,0.962,0.925
f8aed7227a6f,15,12400.0,0.826,0.652
660283632046,0,24140.0,0.112,0.775
c7ba716f0439,0,24140.0,0.112,0.775
46f6211abc9d,92,12080.0,0.151,0.698
e05542122400,94,24140.0,0.112,0.775
c1a57d40c7f5,62,24140.0,0.187,0.625
41a17baca12b,71,24140.0,0.187,0.625
6a133a88d431,1,,0.187,0.625
924e8c088ed3,97,,0.187,0.625
c353fa223898,31,24140.0,0.187,0.625
5f11fe9a5458,0,24600.0,0.226,0.548
6deab8f415b8,0,24140.0,0.226,0.548
b97b18508f08,0,16400.0,0.226,0.548
b1683a52b0f9,0,20500.0,0.226,0.548
ad2c35d030c8,99,48100.0,0.226,0.548
6e001b8b7200,0,26500.0,0.226,0.548
d9826b123d47,0,41000.0,0.226,0.548
d3f0a639710e,0,16800.0,0.226,0.548
36f34e06ecf1,0,14300.0,0.226,0.548
64922161a208,0,24140.0,0.226,0.548
f62b62eb97fc,7,24140.0,0.226,0.548
02bebeba5f47,0,29000.0,0.226,0.548
ace2cfc5e575,100,,0.226,0.548
0e6d54dd4caf,0,16700.0,0.226,0.548
3f90ea94307d,31,24140.0,0.187,0.625
8574615d3384,1,13900.0,0.226,0.548
814e73fc23d6,1,19300.0,0.226,0.548
73fecc11b7c0,0,24140.0,0.226,0.548
f1330359608b,100,,0.226,0.548
da5cce7f72bc,0,24140.0,0.226,0.548
dbf1325776f5,100,,0.226,0.548
432808a6d3a0,0,24140.0,0.226,0.548
6ae5a4543b78,38,15700.0,0.262,0.475
439a624753c4,0,38600.0,0.262,0.475
b3f0994c81c0,100,12200.0,0.262,0.475
c3b67bebfcd9,100,24140.0,0.226,0.548
ee5e1c0f36ec,0,32400.0,0.226,0.548
15d9a11ef6c9,0,48400.0,0.226,0.548
ede16b0cee0f,4,39000.0,0.226,0.548
752a35c19ec4,31,24140.0,0.296,0.409
d25ce5af721c,0,25000.0,0.226,0.548
470715590b94,3,,0.296,0.409
e6b192aa46de,6,24140.0,0.226,0.548
188c68ff964e,0,38400.0,0.332,0.336
75ff9b71f9a6,100,,0.226,0.548
eab69529a19f,0,24140.0,0.332,0.336
7f9cf8d737c5,100,8420.0,0.332,0.336
f394bfdac753,100,,0.365,0.27
812ac0a15587,100,24140.0,0.365,0.27
bf04f0492493,100,,0.398,0.203
4028d992e058,100,32000.0,0.398,0.203
66e2120f037b,100,,0.432,0.136
b9ccfd0c68cf,99,,0.432,0.136
a1df3586e3dc,54,,0.432,0.136
d1b78117e313,0,24000.0,0.226,0.548
0e680b173550,47,24140.0,0.465,0.07
b5560ed6b424,100,17300.0,0.496,0.009
27cf914e1a67,57,21560.0,0.56,0.119
ac8466669023,2,24140.0,0.465,0.07
8e62a0d099b0,100,24140.0,0.529,0.058
c215b3e8771e,100,,0.648,0.297
e9dcb8683d58,100,24140.0,0.187,0.625
aa43fea752c6,100,24140.0,0.187,0.625
b23d9f1c99ca,0,23400.0,0.226,0.548
0c2017cf02cb,25,24140.0,0.771,0.541
36f7bd9b802c,100,23800.0,0.771,0.541
01b00b245182,100,12600.0,0.804,0.608
5f529f3311ac,0,19300.0,0.804,0.608
83b20854beca,0,48500.0,0.804,0.608
88fec90c848a,98,22000.0,0.804,0.608
2e3bba6a85e4,0,26000.0,0.804,0.608
e4f0e62c347d,0,24700.0,0.771,0.541
fde32f05ce15,0,24140.0,0.804,0.608
fad9091c7e65,0,28800.0,0.804,0.608
00322fd5b6dd,34,24140.0,0.962,0.925
d0701ab96c3d,0,,0.804,0.608
45ee905eca96,0,24140.0,0.804,0.608
a3a9c98db074,1,,0.804,0.608
7cbd1a70c4c6,0,,0.804,0.608
14249cd355db,0,25700.0,0.837,0.675
db8f8c29fece,0,23000.0,0.837,0.675
5f055605fedc,0,21700.0,0.837,0.675
a5e2c26393ce,0,20600.0,0.837,0.675
e7d5acd62eda,0,20600.0,0.837,0.675
d019d3c3f7b6,0,38500.0,0.837,0.675
db956bd4871b,0,31800.0,0.837,0.675
c85b3c95c49d,0,13300.0,0.837,0.675
32623c62b75b,0,22500.0,0.837,0.675
88d15b144d31,0,24140.0,0.837,0.675
42ffba5b26b6,0,24140.0,0.837,0.675
a6f899ebe1ec,0,23800.0,0.837,0.675
08f189ba8fca,0,22900.0,0.837,0.675
89bba850d00e,0,24140.0,0.837,0.675
6b6e378a648d,0,21900.0,0.837,0.675
f5c0d86cf669,0,30700.0,0.837,0.675
91436104a1e8,0,17500.0,0.837,0.675
a711265ada9b,0,24140.0,0.837,0.675
9f534d5c4ae2,3,17400.0,0.837,0.675
0e0f5c5c0417,0,22400.0,0.837,0.675
9eeff597fbe6,0,18700.0,0.837,0.675
66a9c8097804,100,15500.0,0.837,0.675
638cd128b2fd,0,38200.0,0.837,0.675
fd55cc3ba6cc,0,41500.0,0.871,0.741
daad604ace87,0,22300.0,0.837,0.675
8351082ec60a,0,26200.0,0.871,0.741
fc285e54a7a7,0,37600.0,0.871,0.741
05cadd3b9d22,0,48300.0,0.871,0.741
8491a026986c,0,16100.0,0.871,0.741
e160ec444088,0,29000.0,0.907,0.814
b49fbd4b3bcf,2,28900.0,0.226,0.548
ec4659bc7c46,0,18800.0,0.226,0.548
7c080108a820,0,18800.0,0.226,0.548
61b0506a26c2,57,,0.943,0.886
b7e29a3fc5f3,41,,0.943,0.886
c60e05fe7112,61,,0.943,0.886
10250dc4bcf4,67,,0.943,0.886
8e24f1d8f0ab,26,,0.943,0.886
881f0549c23e,54,,0.943,0.886
714e8e3b1e6a,5,,0.943,0.886
9712c0bc4a50,54,,0.943,0.886
f8b29fcfc26c,1,,0.982,0.964
745bfdb4e80f,0,28700.0,0.982,0.964
156e06cf5f86,2,23400.0,0.982,0.964
0fc6743192bf,71,24140.0,0.982,0.964
141dc5238971,83,24140.0,0.982,0.964
14f53e5b3dcb,0,22400.0,0.982,0.964
7a635474adb5,100,24140.0,0.982,0.964
b02d38d1818b,99,,0.943,0.886
7981a1ec5365,100,24140.0,0.982,0.964
12e29011e1a8,100,,0.943,0.886
b2b980742589,0,24400.0,0.982,0.964
8841477e15cf,0,34100.0,0.982,0.964
046c86fb781c,100,12200.0,0.982,0.964
1d11fecdeb60,2,24100.0,0.982,0.964
f0dd4a4c21fe,100,12200.0,0.982,0.964
7f21be0e1eb9,0,16800.0,0.982,0.964
e8a5f6d6ffac,49,,0.943,0.886
f17cb456cda4,8,12700.0,0.982,0.964
d230c4912aa9,78,24140.0,0.982,0.964
d0755367c72c,0,20600.0,0.982,0.964
97f09cc1dadf,4,14000.0,0.982,0.964
328337014bef,64,,0.982,0.964
47d6abaeefc6,2,17900.0,0.982,0.964
7c64d0a6d237,0,15800.0,0.982,0.964
42f2edc80666,99,24140.0,0.982,0.964
e133b416073e,100,,0.982,0.964
16911d63f37d,0,29000.0,0.982,0.964
299c17dab2c6,0,28300.0,0.982,0.964
3a7838e1be56,88,24140.0,0.943,0.886
e30a134f5e89,30,17100.0,0.982,0.964
7bc52b6edb7f,100,24140.0,0.982,0.964
e943032e7c5a,0,76300.0,0.021,0.959
b27a8a428bec,50,,0.982,0.964
95007902cdfe,34,,0.021,0.959
aaf03b486506,0,30900.0,0.982,0.964
f6978ddb0b96,76,24140.0,0.982,0.964
f2864a2e40c0,73,24140.0,0.982,0.964
4df53ca3ca96,0,41500.0,0.982,0.964
ccfb4c4880b5,100,,0.06,0.881
16e03aff2bc7,0,30900.0,0.982,0.964
7b2fd018ab44,100,,0.06,0.881
2ea0dfcffa00,68,,0.06,0.881
38e9d173a2c9,100,24140.0,0.06,0.881
5b905e7d4505,10,14600.0,0.982,0.964
b91ae4a70a98,10,14600.0,0.982,0.964
fe161c082173,0,31900.0,0.098,0.803
35c50d294c2d,3,24140.0,0.982,0.964
4682f8592c16,0,27700.0,0.982,0.964
4e34e0455f38,89,,0.137,0.725
75df95e932ee,89,,0.137,0.725
b55113d69679,100,24140.0,0.137,0.725
107f61d97ab9,100,,0.173,0.653
779f6d79b843,100,,0.173,0.653
0af70ed06eb5,0,24140.0,0.212,0.575
d8e2fceea3c9,100,,0.173,0.653
cc8de2f52087,100,,0.137,0.725
751fc60c1276,45,,0.982,0.964
4f73ed5cdaa5,100,23480.0,0.382,0.237
dfd75565dfb6,0,59700.0,0.382,0.237
0e42769bc348,100,14520.0,0.412,0.175
aee4cbe5ca71,100,1600.0,0.446,0.109
e5e4ef0e8a97,100,21260.0,0.535,0.069
06f2804c4acd,43,,0.565,0.13
c01793efcc99,98,,0.626,0.252
8596b305a61d,27,24140.0,0.507,0.014
9b5f10f17dbc,45,180.0,0.412,0.175
44e92f5c5711,100,,0.718,0.436
5c8586430696,100,,0.748,0.497
67c497932a47,100,2900.0,0.782,0.564
21704f3befaa,35,18600.0,0.815,0.63
87be5edcb900,72,,0.851,0.702
83cec1a9faa4,67,,0.887,0.775
8003c3e17744,60,17800.0,0.926,0.852
9af1ee7c2d0e,0,24140.0,0.004,0.992
4062d6c399a3,97,,0.082,0.836
75348c9a5650,100,,0.082,0.836
b9d5497b3d3b,0,49200.0,0.043,0.914
e9db29c578fa,5,,0.535,0.069
6cbab6b66140,100,,0.565,0.13
377ebf929e8d,68,,0.626,0.252
91bcb68c698a,99,,0.157,0.686
75524921097c,100,,0.196,0.609
7e7b387d4c44,0,24140.0,0.196,0.609
3ae80fdb5fdb,54,24140.0,0.36,0.281
daac5ccc6e60,0,31100.0,0.451,0.098
f17763803fa2,100,,0.451,0.098
dff74d270f05,0,24140.0,0.482,0.036
521d116ce5ec,0,,0.51,0.019
d361cf96e20e,0,,0.51,0.019
482c03d55bc1,0,24140.0,0.571,0.141
fa9b869a53bd,100,,0.601,0.202
6ab1e7184319,0,24140.0,0.601,0.202
a0ff887c16d2,99,15800.0,0.665,0.33
db601e9478f0,2,,0.51,0.019
2cc772c8e497,13,,0.51,0.019
649391a77440,100,24140.0,0.665,0.33
86de407a5e28,0,36500.0,0.696,0.391
5dc6618b47a6,100,24140.0,0.729,0.458
a7438aa76464,100,,0.51,0.019
def31a5dc762,1,,0.762,0.525
02416413fe4a,100,24140.0,0.798,0.597
f251551cd224,100,13800.0,0.91,0.819
889c41af1884,100,14600.0,0.026,0.948
949b04f71c8a,100,,0.14,0.72
096be7af88ae,82,,0.21,0.581
307458bb55a0,7,24140.0,0.21,0.581
7330c2301661,100,,0.243,0.514
ec6b2132cda0,72,,0.396,0.209
f46b99e07988,78,,0.396,0.209
4c66b056b686,26,,0.396,0.209
3c2d2b4b57f5,0,,0.396,0.209
1b879036bfea,100,,0.426,0.148
4c305ea8f4e4,100,,0.426,0.148
a9d3396f7561,87,,0.426,0.148
f924b4cc0815,1,39200.0,0.457,0.086
a7a066186127,3,30200.0,0.457,0.086
710980965be4,88,24140.0,0.457,0.086
9675c059e274,89,,0.457,0.086
7404c469ae77,100,24140.0,0.485,0.031
552d68d6c23b,25,,0.485,0.031
d4696742996e,100,,0.485,0.031
e4bfa62b3a13,100,,0.518,0.036
b22005b8b92e,100,16400.0,0.548,0.097
efe0cd02b174,67,,0.548,0.097
fd2fe66890c5,6,23200.0,0.746,0.491
0ed60e569674,48,32600.0,0.818,0.636
e6b225fc8a79,99,,0.932,0.863
b3d6e881a95b,32,,0.971,0.941
5ca38a197139,100,24140.0,0.007,0.986
dc0b10b3011b,88,,0.007,0.986
efb0b7cb5749,59,,0.046,0.909
d0a740bdd85b,81,43300.0,0.046,0.909
0c9bd2fdf7bc,34,5220.0,0.046,0.909
f13e4c15c189,87,,0.046,0.909
46ad5410eb18,80,,0.046,0.909
75a05471e812,0,22400.0,0.082,0.836
2fd64fee1362,3,29200.0,0.082,0.836
8fe0fc051c27,0,,0.082,0.836
17ab4502df6e,100,,0.082,0.836
034256ca0c1c,0,24140.0,0.118,0.764
6c6ded30a718,38,,0.118,0.764
c9ef41f84ff4,100,,0.118,0.764
1975808f2d71,100,,0.118,0.764
cf5db9e1b1c3,33,,0.118,0.764
0dc5b027fc07,33,,0.118,0.764
f8c005a08155,0,,0.118,0.764
4fed91fc718f,0,31500.0,0.151,0.698
0b655833ad21,87,44100.0,0.151,0.698
af455bac1d2b,0,20000.0,0.185,0.631
6002a427bf5e,99,21000.0,0.082,0.836
04e88370bcb0,0,24140.0,0.248,0.503
5f617c478cb3,21,,0.31,0.381
6ae690738195,100,4500.0,0.31,0.381
a51dfadc342a,0,,0.31,0.381
9dc4308b14f4,0,,0.31,0.381
8ed8f34c13a6,45,24140.0,0.34,0.32
d122cd50b70a,61,,0.34,0.32
a77c1f1c401d,0,24140.0,0.371,0.259
a64e0fcd6bc5,100,140.0,0.429,0.142
069959445dc8,100,240.0,0.429,0.142
fafbe130345c,100,240.0,0.429,0.142
3eea2131bbc3,83,1460.0,0.429,0.142
39ee968ffdf2,0,19900.0,0.462,0.075
2cb1e7f14d9b,100,29900.0,0.493,0.014
3946b0db091f,88,,0.493,0.014
a15aca83bd42,93,24140.0,0.526,0.052
edaa47b92990,93,24140.0,0.526,0.052
498ea7a6f015,30,,0.493,0.014
aeb4ecc05e69,0,24140.0,0.626,0.252
f8c273345c33,75,24140.0,0.593,0.186
6ce9b840aa16,100,,0.698,0.397
78764131f4d6,19,24140.0,0.698,0.397
24607cfe0c69,25,,0.698,0.397
9b2ee76245ac,100,24140.0,0.732,0.464
8720e089aa08,22,25300.0,0.698,0.397
eaf6e049ef73,58,28100.0,0.698,0.397
cd630bafedd6,19,30200.0,0.698,0.397
bc3fecbdb2cc,75,24140.0,0.982,0.964
0b1ec49ed002,75,24140.0,0.982,0.964
ac25d3c9d70d,0,,0.626,0.252
57368ce9f6b6,0,34800.0,0.982,0.964
88db4613c703,100,24140.0,0.843,0.686
21c359231927,86,24140.0,0.879,0.758
d02550a4ade1,86,24140.0,0.879,0.758
ba63be437418,96,24140.0,0.915,0.83
0871c0cd33ec,100,300.0,0.915,0.83
146450b0b13b,100,,0.954,0.908
849fda2441d6,22,21220.0,0.954,0.908
831686771ce6,24,,0.026,0.948
c640e1ccf7e5,78,6540.0,0.062,0.875
15f6665593d5,0,25300.0,0.096,0.809
5aa679fd6060,98,,0.096,0.809
279f5467394f,84,,0.096,0.809
28283eb6029a,74,9340.0,0.096,0.809
9e8164ec0ac2,100,21320.0,0.096,0.809
04139b3101ff,0,24100.0,0.129,0.742
d676e6dcbb20,0,24140.0,0.096,0.809
4053f6729190,1,24140.0,0.096,0.809
6f5c7f3b7663,78,47800.0,0.312,0.375
930b2fb95e9a,0,22680.0,0.343,0.314
5ecb96589cb5,49,,0.343,0.314
3a8601fd9099,98,,0.343,0.314
60a885eaa055,0,,0.373,0.253
b45f73924d15,99,19000.0,0.285,0.431
f5d0547d9e71,0,38900.0,0.373,0.253
33139fbe4411,0,24140.0,0.096,0.809
0c42dd7aa041,0,13800.0,0.096,0.809
b944308cceab,0,24140.0,0.285,0.431
b176a42aa6a3,86,24140.0,0.879,0.758
94ef9f74c280,0,13800.0,0.096,0.809
742414c24486,0,13800.0,0.096,0.809
27ffa7680ac6,0,,0.343,0.314
68f6b6b8971e,15,20100.0,0.576,0.152
6bb6c6f3bf7c,100,24140.0,0.576,0.152
ffac24f89f37,98,24140.0,0.576,0.152
072983d7b4be,48,24140.0,0.576,0.152
9134f7b88adf,0,24140.0,0.757,0.514
8548069e2823,53,16100.0,0.721,0.441
f3c92473a7ec,0,31300.0,0.576,0.152
bdd03b5cc2f5,38,33300.0,0.832,0.664
96812e791f14,96,24140.0,0.937,0.875
4ce646cdc195,100,12500.0,0.937,0.875
6748525eb91c,8,33600.0,0.973,0.947
ef9b0ad366be,78,74300.0,0.973,0.947
54e150551ada,27,45900.0,0.973,0.947
40b980a51d5b,1,68000.0,0.973,0.947
4e8b0e43c1c3,0,43700.0,0.973,0.947
92c0e21c4dc5,17,17800.0,0.973,0.947
3029dcf10c95,16,19200.0,0.973,0.947
7bf1fe25dea2,89,61600.0,0.973,0.947
2344a7b5abee,47,36300.0,0.973,0.947
6a1993543324,7,16400.0,0.973,0.947
abbb39f10096,0,41700.0,0.973,0.947
8b94bcf7ba40,1,45200.0,0.973,0.947
bf2ce18e84d6,98,160.0,0.973,0.947
89d67958991f,100,46100.0,0.973,0.947
a3749195594f,1,24140.0,0.973,0.947
f5f513aa3735,13,,0.937,0.875
f147ffb3c4a4,0,,0.973,0.947
c339f033b6ff,3,44500.0,0.007,0.986
19eceac4ece8,4,34100.0,0.007,0.986
c5b2ea51654b,95,24140.0,0.007,0.986
4c05bc31e1e0,0,57000.0,0.973,0.947
40e32e06e07c,0,48000.0,0.973,0.947
8959bae0b851,6,,0.007,0.986
62856cc08f3a,100,24140.0,0.937,0.875
b7280ab51639,100,24140.0,0.973,0.947
2a59452c8771,0,51800.0,0.973,0.947
2fdc375b0b80,99,37300.0,0.04,0.92
46277a4ca63d,4,24140.0,0.107,0.786
a4b17eae4a08,0,42600.0,0.107,0.786
0e6d7d6e909b,11,37300.0,0.107,0.786
e97853807be8,30,24140.0,0.107,0.786
10c053804624,100,4040.0,0.107,0.786
45ec44c5c403,0,48000.0,0.973,0.947
1681ffbddd90,4,15100.0,0.973,0.947
e71bd5d75251,4,15800.0,0.973,0.947
433fd6573e09,2,24140.0,0.04,0.92
73b26e8b84d7,32,24140.0,0.198,0.603
29baaf2a9b07,32,24140.0,0.198,0.603
c8ed984ee36d,72,24140.0,0.198,0.603
e89caa67ff64,22,7260.0,0.198,0.603
6e168e332705,100,24140.0,0.287,0.425
99802cb989ee,0,24140.0,0.287,0.425
2c685c0441c7,100,1400.0,0.287,0.425
502c9595a997,0,38400.0,0.287,0.425
ef98189cd9e1,50,20600.0,0.287,0.425
1ea2afbccbd5,100,24140.0,0.287,0.425
ec6d74ce4081,0,,0.287,0.425
2c00731874d0,0,,0.865,0.73
ccf71177ed20,100,,0.351,0.298
874f89b48198,1,24140.0,0.385,0.231
ce3f9630f463,0,18400.0,0.287,0.425
52a394539075,1,19200.0,0.287,0.425
f60f71ce03e7,100,24140.0,0.418,0.164
98feb019c10d,0,24140.0,0.937,0.875
a5164c95acb7,100,24140.0,0.973,0.947
dd5e1d646afc,99,,0.418,0.164
386d8d6ff914,27,49700.0,0.451,0.098
590812d926c0,92,15000.0,0.418,0.164
40531aebcc34,47,24140.0,0.451,0.098
86eae19b922f,100,,0.451,0.098
ac695b35f943,0,22060.0,0.807,0.613
d6433db45a8f,0,38100.0,0.287,0.425
d3118db7f2f2,100,3200.0,0.973,0.947
14cdec462620,100,14200.0,0.523,0.047
445423416106,0,8900.0,0.637,0.275
6fc40287bb8e,99,24140.0,0.987,0.975
865c170fdc76,29,24140.0,0.673,0.347
5a05bc002af4,0,24140.0,0.673,0.347
baa6cbc9786c,6,24140.0,0.748,0.497
ce038b07a755,100,5720.0,0.04,0.92
1bca51757f01,0,18400.0,0.287,0.425
ce90c3552519,5,24900.0,0.973,0.947
e5b066c42416,100,12200.0,0.418,0.164
9e352cf1efa0,100,24140.0,0.785,0.569
0f583c0220fc,0,17200.0,0.957,0.914
da067b444b37,12,28400.0,0.99,0.98
bee38f6d85bd,0,24140.0,0.99,0.98
cc2f5289b6db,30,,0.054,0.892
c4b432de52e8,100,24140.0,0.973,0.947
6e6c1d11c295,100,24140.0,0.351,0.298
1d43b836361d,100,24140.0,0.351,0.298
3a6b8b581363,92,24140.0,0.385,0.231
c9c442ffcdd8,100,17500.0,0.51,0.019
f70f32feb8d3,1,24140.0,0.587,0.175
bf605f9b0069,35,63500.0,0.737,0.475
f0d616f1fbb2,0,22900.0,0.737,0.475
d09dae1bc6ee,0,24140.0,0.737,0.475
479b8c996396,13,42900.0,0.737,0.475
363ac5adb936,0,26500.0,0.737,0.475
18b007fe4598,100,120.0,0.971,0.941
ab33f32a1fa9,100,24140.0,0.062,0.875
263080cf1990,38,47400.0,0.537,0.075
0e1a0e469201,100,14800.0,0.615,0.23
443e36137f97,0,35400.0,0.654,0.308
18b31ba89b07,0,24140.0,0.923,0.847
e4b97b43702f,0,51100.0,0.954,0.908
af4eb5684a3e,0,41800.0,0.104,0.792
10de7b77f883,0,48400.0,0.104,0.792
25182a189791,48,19100.0,0.104,0.792
f445e62c0cf6,0,25700.0,0.165,0.67
962370429f75,99,21300.0,0.165,0.67
7d1ee43b990f,21,21900.0,0.165,0.67
fbd4fa786083,0,17900.0,0.165,0.67
538f01729637,3,15600.0,0.165,0.67
b50122f75560,0,16200.0,0.104,0.792
a44f2ebe900d,0,16200.0,0.104,0.792
54096d45a4b9,0,17800.0,0.298,0.403
974961f5dedc,0,19600.0,0.335,0.331
dea5fbd09dfb,100,24140.0,0.41,0.181
a4e7774fe4b0,50,14200.0,0.712,0.425
946a9a85d130,74,1400.0,0.298,0.403
69d30f6ca33b,0,24500.0,0.712,0.425
8dc733368e91,0,24140.0,0.779,0.558
28ae9265e0fa,0,39800.0,0.812,0.625
f4b0114abc16,3,24140.0,0.843,0.686
426d99c369be,0,51500.0,0.843,0.686
9b8f8c53c151,22,24140.0,0.843,0.686
4ed76a51fb0f,0,26400.0,0.843,0.686
0a0a0e317b52,1,15800.0,0.873,0.747
4393c1a1f716,0,24140.0,0.904,0.808
dcb0c663861c,0,36100.0,0.873,0.747
449794bc8888,0,41500.0,0.873,0.747
17341bfae635,0,22500.0,0.873,0.747
15db79ec7537,1,18300.0,0.843,0.686
09e620424130,100,24140.0,0.087,0.825
56fe4685fdc0,87,28740.0,0.182,0.636
7b029aec562c,100,24140.0,0.023,0.953
23d939f36a52,52,42200.0,0.323,0.353
2778a70ff1ef,50,16300.0,0.323,0.353
f37e9a1f148b,68,24140.0,0.36,0.281
98b2bb3b7798,0,69300.0,0.36,0.281
e63afc9d1f3e,41,12200.0,0.36,0.281
298422f97597,0,23900.0,0.36,0.281
56acc3c8ae13,0,44200.0,0.36,0.281
7dcacec25ce3,0,35100.0,0.36,0.281
e9afa5049448,50,16300.0,0.323,0.353
9d0ab3adc072,0,20700.0,0.36,0.281
0e3cdd2c1368,0,47500.0,0.36,0.281
1861c8695354,0,34500.0,0.398,0.203
bf2ec3242aac,0,57900.0,0.36,0.281
2a49489e17ec,0,24140.0,0.398,0.203
c4c8fc52584f,0,48300.0,0.323,0.353
77ef5f047960,0,48300.0,0.323,0.353
6387e5e3f742,1,21500.0,0.993,0.986
e05bf5abddf3,3,15000.0,0.36,0.281
9c3345259dd8,0,24400.0,0.843,0.686
41d6fcd1b430,0,28500.0,0.36,0.281
519f4ffb2a95,0,54900.0,0.323,0.353
83e6744faa72,0,24140.0,0.473,0.053
efc5c8c6d552,0,,0.473,0.053
be530d22b309,0,24140.0,0.512,0.025
21edba59f1fc,0,24140.0,0.512,0.025
1b380cd461fb,0,14520.0,0.551,0.102
71b4a9db8043,29,23640.0,0.59,0.18
1ba1065e98a1,33,24140.0,0.36,0.281
e3c65b2311d7,3,14400.0,0.696,0.391
90917f307670,0,24140.0,0.696,0.391
73a018b993e4,3,36500.0,0.729,0.458
3b2f1e37f68a,0,26400.0,0.729,0.458
8e4116ca188e,0,22200.0,0.729,0.458
7fc2af01609f,12,16500.0,0.729,0.458
32952b1a4f47,0,19800.0,0.729,0.458
dcf561b28b81,5,12200.0,0.729,0.458
5a0a4f9a1614,5,12200.0,0.729,0.458
0856127b90e6,0,16100.0,0.729,0.458
2bc176e8ea04,47,12200.0,0.729,0.458
198145472ce8,0,77200.0,0.729,0.458
ed39a84ca6db,0,24140.0,0.729,0.458
6d71e8cbef21,13,24140.0,0.729,0.458
4ab64eee2a5c,100,14200.0,0.729,0.458
6ebb7213dacb,0,70500.0,0.729,0.458
ec260c3f11e9,0,24600.0,0.729,0.458
3fb654bddc62,88,24140.0,0.729,0.458
83e28b8b5971,20,25700.0,0.729,0.458
357a88d35a13,40,,0.729,0.458
81272701bb3d,0,25100.0,0.762,0.525
e141eb0283b5,0,50400.0,0.762,0.525
99f0c6ac0fd5,0,14500.0,0.762,0.525
b3f08647243c,0,65100.0,0.762,0.525
8dd240c9a743,0,20300.0,0.793,0.586
d42a5a2aec7d,0,16000.0,0.793,0.586
edb862e8fcdd,0,23800.0,0.793,0.586
747db2b8f9c8,98,24140.0,0.793,0.586
9de20dc5c059,0,17500.0,0.793,0.586
b824e0d034ed,0,22400.0,0.793,0.586
3579cb0b84bb,89,24140.0,0.793,0.586
5596d8d2e6ab,0,15600.0,0.793,0.586
6bc3a25b6b4d,0,31600.0,0.823,0.647
68979aa73a8c,0,20800.0,0.793,0.586
7a06d48a3c86,0,14700.0,0.823,0.647
078abed86792,0,14300.0,0.793,0.586
452a8d08b93f,0,23600.0,0.823,0.647
432445262aa4,0,27100.0,0.823,0.647
1544fcf18971,0,15000.0,0.854,0.708
cd5e828cea82,1,33400.0,0.882,0.764
a1e8adcf3294,0,15000.0,0.793,0.586
d18a05541922,49,23500.0,0.823,0.647
166630fa2dca,0,21000.0,0.793,0.586
295d0b59a931,0,20100.0,0.912,0.825
808542d77018,98,24140.0,0.912,0.825
aa5175bf8209,2,17000.0,0.912,0.825
1ed039ea5231,3,20300.0,0.912,0.825
5e57125d2dc2,20,12200.0,0.912,0.825
db908ee02e88,1,16100.0,0.912,0.825
5845ff52c51f,8,26600.0,0.912,0.825
b3552189d440,0,,0.004,0.992
9ddbc6a2433d,20,24140.0,0.071,0.859
60699e0617a4,0,60500.0,0.071,0.859
39a56d0e78b9,6,24140.0,0.071,0.859
0adde473fdb3,0,15200.0,0.071,0.859
3562875af9f9,2,24140.0,0.104,0.792
3afb1254409d,10,24140.0,0.104,0.792
db93a251ff4d,2,24140.0,0.104,0.792
4c2c818848e0,0,20400.0,0.071,0.859
3bb57949ea24,0,39400.0,0.104,0.792
0c92d20b78e5,0,24140.0,0.137,0.725
7fbad9a0f637,0,28300.0,0.104,0.792
64f5fd374eb0,0,,0.137,0.725
86c1d75cd20b,0,25300.0,0.104,0.792
ca55a71435ec,0,25200.0,0.104,0.792
c9521b9c8b20,100,24140.0,0.171,0.659
e82407d6c5cc,0,21800.0,0.104,0.792
3a7a54c6719c,0,28300.0,0.104,0.792
36105cab5dee,0,28600.0,0.104,0.792
87e6e970710b,0,25300.0,0.104,0.792
15beb30bc511,0,24140.0,0.973,0.947
f2a89109b01d,0,21400.0,0.24,0.52
ebbb51e8fd35,0,29900.0,0.24,0.52
86a2026c10b2,94,12200.0,0.24,0.52
dc2f11a2b55f,98,13520.0,0.24,0.52
61833dfb4034,0,22100.0,0.276,0.448
2194b3938c40,2,19000.0,0.276,0.448
63184f3e3e25,5,19200.0,0.276,0.448
f11fb55a9129,3,16500.0,0.276,0.448
3d3a572ca633,13,18900.0,0.276,0.448
d043e3811b64,37,24140.0,0.276,0.448
62963b6a5008,100,24140.0,0.276,0.448
9a2fea625561,12,24140.0,0.276,0.448
1e82502e1db5,0,47600.0,0.276,0.448
6f47046c9f70,0,23000.0,0.276,0.448
0d1ebb352391,100,,0.276,0.448
06d714b8646f,0,24200.0,0.312,0.375
d44f02aec388,0,19700.0,0.312,0.375
7f9b904245b7,0,21200.0,0.312,0.375
04d7b544ecb6,0,56300.0,0.312,0.375
e194ec5c9c44,0,17100.0,0.312,0.375
e9879e8313fd,48,13300.0,0.312,0.375
9b7e312686c8,0,24300.0,0.312,0.375
4e8ec4cfbdb3,2,59100.0,0.312,0.375
466db53f2f33,0,25300.0,0.276,0.448
23c62d91d2d3,0,47200.0,0.312,0.375
d9359d2411f5,11,24140.0,0.348,0.303
008cb8a9f1ce,0,24500.0,0.312,0.375
7b475a6bee1f,0,32400.0,0.312,0.375
d031398ca1c7,0,24140.0,0.276,0.448
6f3a76d6984a,0,26600.0,0.276,0.448
63d3d234098c,100,15500.0,0.312,0.375
ecd29a7b2c5b,6,38200.0,0.462,0.075
d3f9953826fd,26,28200.0,0.462,0.075
d99234d00229,0,24140.0,0.348,0.303
9e111b573616,0,24140.0,0.348,0.303
74a4077edf48,1,33200.0,0.573,0.147
8cbc51a199f4,10,24140.0,0.61,0.219
fee8a0132490,100,,0.61,0.219
f699fd3f2925,33,42400.0,0.61,0.219
56915bd5f6df,2,24140.0,0.643,0.286
59329bedb64e,1,24140.0,0.71,0.419
e8e1f377de61,1,24140.0,0.71,0.419
13f732aa0c0a,100,24140.0,0.74,0.48
beaed3b3269e,100,24140.0,0.74,0.48
18dfc842f28a,100,24140.0,0.74,0.48
d030cebdf087,11,24140.0,0.74,0.48
653c70afb3b1,0,24140.0,0.74,0.48
3db8c420170c,100,24140.0,0.771,0.541
27041d2e8f96,100,720.0,0.829,0.658
11f40f687e8e,0,19800.0,0.61,0.219
350ee8bbc9d5,100,11880.0,0.829,0.658
46b0fbabc668,100,11880.0,0.829,0.658
3d1126676aa0,63,24140.0,0.921,0.841
152ef77d6a34,0,22400.0,0.921,0.841
b3c4e734f297,0,29800.0,0.921,0.841
250876b12b04,5,17000.0,0.276,0.448
c38183061331,25,15600.0,0.312,0.375
891ef673f6ea,25,15600.0,0.312,0.375
c0529248dcc2,69,24140.0,0.954,0.908
abe89fa3e021,100,35000.0,0.954,0.908
72f87f88f75e,100,37300.0,0.954,0.908
6a7d26dc3f3a,9,12600.0,0.954,0.908
1a33ed761e62,100,24140.0,0.954,0.908
006fcd6ab354,65,24140.0,0.985,0.969
b3733e573f17,0,24140.0,0.985,0.969
c414558524f7,0,37900.0,0.312,0.375
e133a843e469,0,25800.0,0.104,0.792
d961768e190f,100,26200.0,0.054,0.892
2ccf51704cd0,100,24140.0,0.054,0.892
fce0bf9e558a,3,31200.0,0.054,0.892
ea4220873e9b,1,13800.0,0.054,0.892
b94f3ee86bbd,0,19500.0,0.054,0.892
01256a70d71f,0,51900.0,0.054,0.892
22926a6613c6,1,15000.0,0.054,0.892
e6d1c3637b3e,0,60800.0,0.054,0.892
2dcdb3fc0619,1,16400.0,0.054,0.892
6213a33a1696,0,41900.0,0.054,0.892
38da74e957cf,0,21600.0,0.054,0.892
8cb11ec2b0b2,0,14400.0,0.054,0.892
28dc585fe81a,0,15100.0,0.054,0.892
50767cc9360b,0,40200.0,0.054,0.892
57ebe4cc68fa,0,40200.0,0.054,0.892
d5fa36b59e47,7,13200.0,0.054,0.892
3e2b165cd871,0,21000.0,0.054,0.892
cb2318af12ae,0,27600.0,0.16,0.681
8308b2eade9b,59,24140.0,0.16,0.681
074af766f0d9,0,18600.0,0.16,0.681
df8f1cea120f,5,24140.0,0.16,0.681
576defca57ec,4,17200.0,0.054,0.892
e98b49cf588d,100,,0.196,0.609
47c692e50a47,100,,0.89,0.78
63d3566e69d0,100,24140.0,0.087,0.825
08447eb33149,47,13400.0,0.276,0.448
de29df990437,17,29280.0,0.232,0.536
df3f08911525,0,42400.0,0.054,0.892
012a79b60b99,33,43220.0,0.232,0.536
bce308834ee4,1,24140.0,0.268,0.464
cd5bc08646f4,72,24140.0,0.268,0.464
2298fdc79f59,0,24140.0,0.268,0.464
a07af9da9079,0,21900.0,0.268,0.464
6bec67dec787,1,24140.0,0.268,0.464
95af9976d5bc,0,24140.0,0.196,0.609
a74b523948e0,98,24140.0,0.232,0.536
d123e8c342b2,0,24140.0,0.304,0.392
5c01489c1562,8,24140.0,0.304,0.392
b1e98e0a1f5a,50,17500.0,0.304,0.392
81b37344cc47,0,43200.0,0.304,0.392
a4c1cf60ebe3,86,,0.232,0.536
cd07ef918e88,0,52600.0,0.304,0.392
77a78bb2b763,3,12700.0,0.34,0.32
f5fce26a608b,39,24140.0,0.268,0.464
a1e4b534124f,2,25500.0,0.376,0.248
e07131770a2c,100,,0.376,0.248
b3aac858e0bf,5,20800.0,0.376,0.248
f9fe9a5e2f67,10,24140.0,0.448,0.103
af543eaba121,3,22320.0,0.59,0.18
9e61257e4740,15,24140.0,0.621,0.241
f5612d3f77e0,21,20200.0,0.621,0.241
7bb6c73ab5f1,6,24140.0,0.746,0.491
1c5405a74cf7,0,24140.0,0.776,0.552
a57b4702111a,20,20600.0,0.776,0.552
9502576de7f8,50,,0.804,0.608
0dc84f58a18a,50,,0.804,0.608
7c110e6d1886,100,,0.804,0.608
42fc07148a29,7,24140.0,0.835,0.669
d4143721fda4,100,,0.835,0.669
e632e35551da,1,53300.0,0.865,0.73
4cfd536746fd,88,24140.0,0.898,0.797
b2281629ba36,78,24140.0,0.898,0.797
40eb01bd05d4,64,,0.898,0.797
e18ec403fc82,64,,0.898,0.797
1a0a197e343e,15,,0.898,0.797
dceacfb72019,100,24140.0,0.965,0.93
b709d4f204c9,100,,0.965,0.93
1c7e0aec8662,0,78100.0,0.001,0.998
cb26b9b1a567,10,24140.0,0.037,0.925
a44336ec04e8,100,,0.037,0.925
8280e5a5d0d9,33,24140.0,0.11,0.781
d63b40062cb8,42,24140.0,0.146,0.709
b320ffab4414,68,24140.0,0.146,0.709
0762bed106f0,0,45000.0,0.182,0.636
573de35efba1,0,36600.0,0.182,0.636
6bfcf8050e7f,0,32300.0,0.182,0.636
7bfdac1073ac,98,53200.0,0.221,0.559
be91b28bc579,97,32300.0,0.257,0.486
fc8e9f575a2f,100,,0.257,0.486
e06b1f60fbd3,34,,0.293,0.414
8dd54620f23f,44,,0.293,0.414
559802ae386d,100,,0.293,0.414
3b5b0c6b98bd,0,26000.0,0.293,0.414
3fa1c3d27789,84,20500.0,0.329,0.342
d2211d9828fc,12,28120.0,0.329,0.342
f7961bda017d,9,,0.468,0.064
d28e68273582,100,16200.0,0.535,0.069
e85fd11afae3,0,24140.0,0.804,0.608
f2926cdb8dcd,0,24140.0,0.804,0.608
583f20c5da49,0,24140.0,0.598,0.197
1b64d720c1d6,95,24140.0,0.598,0.197
5eebe7431d29,8,,0.629,0.258
7a7134e53311,3,,0.598,0.197
a6c83b51dcd9,100,,0.69,0.38
5775639e6815,66,24140.0,0.748,0.497
c96f93188ea4,55,,0.898,0.797
1f1ebdf8efa3,70,24140.0,0.843,0.686
6ea4e5fa39b4,96,58700.0,0.876,0.752
f5366fa2915d,0,,0.876,0.752
108be66343e9,0,24100.0,0.91,0.819
11b46a9ecac4,2,29100.0,0.91,0.819
42e80cdd0dad,5,,0.946,0.891
d8c50db2b51f,72,,0.982,0.964
4a9211d69fb4,0,,0.018,0.964
df7179b86e52,41,24140.0,0.057,0.886
baf4067799ce,72,,0.057,0.886
e987d86dbec6,99,,0.096,0.809
d2f620e142e0,76,,0.096,0.809
45632fae33c0,1,,0.132,0.736
8d507bd3a406,94,,0.171,0.659
86161807fbb1,68,24140.0,0.207,0.586
917b14d8cbeb,0,24140.0,0.207,0.586
d7164e6ba680,83,,0.207,0.586
2382834a5077,6,,0.243,0.514
e460d025a0f3,55,15600.0,0.279,0.442
f5e3b65076fe,100,1100.0,0.279,0.442
9ee0c51672ac,100,22180.0,0.315,0.37
e00c292da0e4,0,,0.315,0.37
785d1814465a,100,40.0,0.315,0.37
ffa61fe1f0cf,0,,0.315,0.37
5c09a705a222,61,24140.0,0.348,0.303
810ceb726b29,100,,0.415,0.17
24c37df9b894,71,24140.0,0.479,0.042
d4494050e6b7,1,24140.0,0.479,0.042
38d161c8a1c8,0,81600.0,0.543,0.086
8b5158c58c1c,83,,0.693,0.386
a1492fcd5fdb,100,,0.723,0.447
e5ebeda27a4a,0,24140.0,0.923,0.847
ca03eb0a376b,2,24140.0,0.923,0.847
a4471e3b7870,0,24140.0,0.001,0.998
929d23a42534,0,,0.001,0.998
50410e0cf40c,0,24140.0,0.04,0.92
615ffd0126fb,13,26100.0,0.04,0.92
67f10ad701c1,13,26100.0,0.04,0.92
4bafa74f46fc,0,24140.0,0.154,0.692
255ad6f02c65,38,20500.0,0.154,0.692
64318b11a3f4,0,21200.0,0.154,0.692
d50c88c8ebe9,100,720.0,0.154,0.692
896f1232ce77,27,,0.193,0.614
836d04103305,100,24140.0,0.229,0.542
c2ee01ff17cd,100,17300.0,0.265,0.47
05233cde0c44,52,24140.0,0.265,0.47
d353e5e85ffa,2,,0.265,0.47
d3979eacd86f,100,18600.0,0.265,0.47
70f2c611879e,1,24140.0,0.298,0.403
f17d8b9cb48f,97,22240.0,0.332,0.336
a25a60c12c86,0,,0.332,0.336
725b96fc0fd7,0,,0.332,0.336
febadccd6587,100,,0.332,0.336
dcf76b0f8a43,0,,0.396,0.209
8ba365f8e8da,99,7340.0,0.426,0.148
300b6b5d2d73,24,15100.0,0.426,0.148
919c186fd5b7,99,24140.0,0.426,0.148
cabf02e429fc,72,,0.426,0.148
e7b955b53866,100,,0.426,0.148
d15b1f9af56f,0,,0.426,0.148
30bdcf2dc8dc,0,76100.0,0.457,0.086
54ac12e49a26,8,32800.0,0.548,0.097
9cb3ff7ac578,100,24140.0,0.548,0.097
6b0b1cb15c20,100,12200.0,0.426,0.148
ba09e12c38af,0,21700.0,0.426,0.148
ff74eeb517e7,100,,0.668,0.336
fe7c772e8055,37,,0.698,0.397
29eabed16ef8,96,,0.668,0.336
5d3e9f690d45,28,,0.698,0.397
0536b7a12078,75,,0.698,0.397
8861f46c4379,73,,0.698,0.397
b145607042d1,84,24140.0,0.698,0.397
8b41127800d5,27,,0.732,0.464
fe719408aaa9,40,,0.732,0.464
38cd91d5b443,77,,0.732,0.464
94538e18431a,100,,0.762,0.525
7fdd67fc4137,100,24140.0,0.762,0.525
3e5ec24f9bb5,2,40600.0,0.798,0.597
4d80a1137fdc,56,,0.698,0.397
0d2523e83dc2,20,,0.982,0.964
732327dd1d90,0,,0.021,0.959
ec00b6180dbe,100,22860.0,0.173,0.653
f40152664e28,44,,0.173,0.653
2f64e811688d,98,,0.137,0.725
059e07bdabf6,97,24140.0,0.246,0.509
8196a4ae049a,100,,0.279,0.442
becad0ca5fa3,5,,0.404,0.192
8ff4b1ac242f,0,24140.0,0.435,0.131
e3bf9deff729,1,24140.0,0.523,0.047
24737277c4f2,99,,0.554,0.108
4746138a1f2c,21,24140.0,0.554,0.108
ed39481a6c9f,0,24140.0,0.585,0.169
5bd9a07eed8f,60,24900.0,0.585,0.169
8911143b8409,60,24900.0,0.585,0.169
fe9ccf2d0bef,98,,0.615,0.23
82e5e09c5304,39,,0.615,0.23
60201978e411,1,19700.0,0.646,0.291
db835f0a05f8,11,,0.646,0.291
0a149392eb7b,100,,0.646,0.291
5ce51318f8a5,4,21900.0,0.679,0.358
5cf365882f71,100,22400.0,0.646,0.291
c603c766cc19,0,31200.0,0.554,0.108
a00515ee02c5,100,24140.0,0.779,0.558
eda640a321d9,7,33900.0,0.815,0.63
bb1ef4854c4c,51,20100.0,0.851,0.702
89866468e959,65,24140.0,0.89,0.78
fdfd6757b0f3,8,24140.0,0.926,0.852
0f81760eb27e,3,24140.0,0.926,0.852
709a6e1f89c0,0,23600.0,0.926,0.852
4da2787d444f,23,17000.0,0.965,0.93
1d5f0abfb508,0,24140.0,0.043,0.914
0c4d70bf3331,100,24140.0,0.043,0.914
dc8801d8f09c,99,24140.0,0.082,0.836
327a9d678de1,2,25600.0,0.043,0.914
7cd219c30b4d,0,24140.0,0.082,0.836
09dd841f4867,100,24140.0,0.207,0.586
b88a16104c54,0,,0.19,0.62
2caac5e2498a,100,24140.0,0.154,0.692
ff67ef307817,0,34180.0,0.223,0.553
b5ae31ba9103,8,35740.0,0.223,0.553
40ff4c73d292,28,38880.0,0.223,0.553
c1395ba16a11,19,16140.0,0.223,0.553
b5576a01218c,11,22580.0,0.223,0.553
f121819c2d1d,11,37960.0,0.223,0.553
c8d907b6b3e8,0,19620.0,0.223,0.553
b94464dd5b1d,19,23620.0,0.223,0.553
099b041ff703,0,26020.0,0.223,0.553
7b0c2f2da8c6,39,18100.0,0.223,0.553
df477ad46e0a,91,31360.0,0.223,0.553
2303fac8b3e3,0,16660.0,0.223,0.553
d32eb6956507,0,28920.0,0.223,0.553
f2ebb21a260e,99,21500.0,0.257,0.486
38fb2581a5ad,99,16700.0,0.257,0.486
66cbf3908764,77,6960.0,0.257,0.486
37cd43018ae0,0,22700.0,0.257,0.486
92cc1c49667b,99,4460.0,0.257,0.486
849f170920da,75,32000.0,0.257,0.486
e57d9a5ed1c6,84,800.0,0.257,0.486
720623223cbc,100,14200.0,0.257,0.486
d073b01c2cee,13,25380.0,0.223,0.553
d9ec678ffdaf,12,23400.0,0.257,0.486
f1a26fac706a,0,440.0,0.257,0.486
a6926812311f,0,1040.0,0.257,0.486
bfec06d634eb,5,25900.0,0.257,0.486
34794d816cee,88,,0.223,0.553
ce6026c187f2,0,,0.257,0.486
2248f5f43519,98,28800.0,0.223,0.553
ec0664008926,58,,0.257,0.486
2f22315c02e8,9,29540.0,0.257,0.486
6f3eacf911fc,97,22260.0,0.257,0.486
6eb20243e99e,9,43600.0,0.257,0.486
a1e5e4f2bf6a,1,,0.257,0.486
9d07567547e3,100,42000.0,0.257,0.486
11303d0dcb76,99,40100.0,0.257,0.486
fa78b5fca933,0,25500.0,0.287,0.425
63c48782001f,0,40500.0,0.257,0.486
70dfbac6b48f,0,31400.0,0.257,0.486
60ca6358f29e,94,24160.0,0.257,0.486
9e191bf4b3e7,87,,0.287,0.425
f7eaf664019e,0,24500.0,0.287,0.425
02a4b68f2b06,68,24140.0,0.318,0.364
5aa3095c7edb,0,23800.0,0.287,0.425
14af4b13e2ea,0,35400.0,0.257,0.486
d261892d8e5b,0,48800.0,0.257,0.486
440e7a19a428,10,45700.0,0.318,0.364
c769dbf53ff6,0,31100.0,0.257,0.486
d6483eb70532,14,44500.0,0.223,0.553
339ea71a40ed,49,44880.0,0.223,0.553
7a0d3e1f822c,98,24140.0,0.318,0.364
c3eefec9feb9,55,34000.0,0.257,0.486
cf6183966c01,59,12320.0,0.348,0.303
8c8730584272,0,24140.0,0.223,0.553
db0b14d63a8b,98,780.0,0.287,0.425
71a3dafe072d,12,28100.0,0.348,0.303
43b547e875cd,38,35020.0,0.257,0.486
79d579104aed,42,32800.0,0.257,0.486
553ec27a7a29,2,21300.0,0.257,0.486
2ea3644b06ec,0,24140.0,0.379,0.242
2e962739f91b,38,33300.0,0.257,0.486
05e0bee0338f,99,33200.0,0.257,0.486
3a189a204df8,38,33300.0,0.257,0.486
426ef770eb64,100,35700.0,0.257,0.486
49b88a41bec1,75,24140.0,0.379,0.242
b2b36eed5f1d,0,33600.0,0.868,0.736
c1934e744656,13,30200.0,0.851,0.702
97cdee7f929e,0,24400.0,0.287,0.425
4873183fb6de,1,35400.0,0.257,0.486
ebf250ed1790,23,54000.0,0.498,0.003
1e1629944b4a,83,,0.532,0.064
009c94e5eeb4,42,17100.0,0.562,0.125
dc63f2e72f8f,91,,0.257,0.486
fa9238f960d3,100,,0.562,0.125
e90112076e67,100,,0.562,0.125
00e63006aa1d,100,29200.0,0.626,0.252
efa5554fa1aa,100,16800.0,0.729,0.458
5bad60625a8d,0,18040.0,0.765,0.53
8a0a424f8c8e,0,24140.0,0.765,0.53
af20f3d5272a,88,26800.0,0.765,0.53
c57a787da279,99,34800.0,0.765,0.53
2af42901d0b7,2,31100.0,0.765,0.53
bc3fbf93dfae,0,24140.0,0.765,0.53
629978fdf306,16,24140.0,0.765,0.53
4f6677f1c17d,0,21400.0,0.765,0.53
9eaafb3a21c2,0,,0.765,0.53
5dbf66084edf,88,,0.729,0.458
a71b97064b74,100,3900.0,0.801,0.602
0431e8fa0c2e,0,24140.0,0.873,0.747
b87c6eed23b3,93,24140.0,0.912,0.825
6a09b677e0d0,0,6880.0,0.026,0.948
f5d0b34ebde8,0,52000.0,0.062,0.875
7358b1f7b767,0,56200.0,0.062,0.875
62a540fd9069,100,24140.0,0.026,0.948
99a846857d4e,27,,0.062,0.875
aa829a04640e,92,,0.062,0.875
166727e3972d,0,19700.0,0.062,0.875
9db1aaff35b7,64,,0.062,0.875
9fe67a4efa3f,91,6800.0,0.062,0.875
12da2914f9c0,96,20020.0,0.098,0.803
f13c730accd8,20,14640.0,0.098,0.803
066669b1be07,20,5080.0,0.098,0.803
26f6a59be4f9,73,15320.0,0.062,0.875
bc8189405394,98,38820.0,0.062,0.875
b30d21c5915d,0,27200.0,0.098,0.803
9e223407dac8,0,28700.0,0.098,0.803
bac1590af2a2,100,10900.0,0.098,0.803
8c4e664c4bcd,4,20200.0,0.098,0.803
4b36c2e98b3c,0,28700.0,0.098,0.803
fe6a64b58516,0,26200.0,0.098,0.803
524365ff1aa8,0,37500.0,0.098,0.803
048f412b7ada,41,24140.0,0.098,0.803
9ff8e14acd32,0,38000.0,0.098,0.803
bf28b25776b0,47,24140.0,0.098,0.803
d932155ebe45,57,24140.0,0.098,0.803
d19a76f5317e,10,21700.0,0.098,0.803
48e884b45669,2,84100.0,0.098,0.803
2051e239b204,100,21100.0,0.098,0.803
eed08fc36d23,0,28700.0,0.098,0.803
8fa202f6eafa,31,24140.0,0.098,0.803
9769fccf70f7,5,32400.0,0.098,0.803
8c784ac756a7,0,36000.0,0.098,0.803
4dc0fe496ab3,100,,0.098,0.803
9aad84c098c2,86,,0.062,0.875
47d5778ae9e4,99,45400.0,0.098,0.803
8bbf38a08e0c,100,76200.0,0.098,0.803
3d47df763237,83,180.0,0.098,0.803
ac447a6a1720,50,56000.0,0.098,0.803
5ea60f0e2cc8,100,23000.0,0.098,0.803
4beed23c3c5b,45,21540.0,0.098,0.803
0b8ddbb2f1fc,100,15500.0,0.098,0.803
96efce8c68cd,0,28100.0,0.098,0.803
1a1ace65aab1,100,17100.0,0.098,0.803
804e86d1fc4a,100,12900.0,0.135,0.731
2ebaefb62ed2,70,18940.0,0.062,0.875
6390a5adecb8,16,19300.0,0.135,0.731
700df172b4af,3,21500.0,0.098,0.803
116a44088258,100,14000.0,0.765,0.53
a092dad00097,100,27800.0,0.168,0.664
62d9c299aee3,0,45800.0,0.098,0.803
ecb32f93fb46,36,22500.0,0.098,0.803
9d43829ac6a3,0,47200.0,0.098,0.803
064d81a7bf9c,0,48500.0,0.098,0.803
4b5c4ed21642,0,19100.0,0.765,0.53
49d0892878d5,0,7180.0,0.098,0.803
94fcca01d39d,100,30900.0,0.098,0.803
85e93bbd643f,1,24140.0,0.323,0.353
12431cbc4d99,9,24140.0,0.323,0.353
25848ff643f3,100,24140.0,0.323,0.353
a5d7b6bc8793,100,24140.0,0.323,0.353
177b03d01cf6,24,22100.0,0.098,0.803
c974682c0a55,0,28300.0,0.098,0.803
33c1739018ab,100,1400.0,0.287,0.425
3d1cbd97c64c,97,17700.0,0.354,0.292
afd0a43c4807,0,33900.0,0.098,0.803
cfec4c756036,2,16500.0,0.312,0.375
cbed1b3d50f4,4,40500.0,0.135,0.731
69ae459effb0,4,20100.0,0.098,0.803
84da47d87e99,100,21400.0,0.135,0.731
2c02290384f9,0,24140.0,0.385,0.231
980f87a6446d,100,17500.0,0.098,0.803
cf4816b244d8,13,35100.0,0.098,0.803
99752502660f,91,24140.0,0.446,0.109
657bad4470af,0,,0.401,0.198
b5d6fa2ff0a1,69,,0.373,0.253
458093139df5,17,19300.0,0.476,0.048
70f01036d2c5,1,24140.0,0.323,0.353
8e894e6b0dee,0,,0.162,0.675
c725b300ac22,24,21500.0,0.098,0.803
4ba214c31657,100,12400.0,0.51,0.019
b79cd5f00c83,100,14700.0,0.543,0.086
0778119d63ee,100,22300.0,0.543,0.086
88c2ef33f2fc,100,18000.0,0.543,0.086
ff28d7040373,0,,0.035,0.931
f11f01acb05a,97,,0.601,0.202
9dff218e7d7b,0,,0.715,0.43
96c12701b250,82,,0.173,0.653
4d89e365e393,98,28200.0,0.646,0.291
41dc10e37b17,79,24140.0,0.646,0.291
c51c6b4a7ec7,1,25400.0,0.646,0.291
6b781965b835,0,,0.207,0.586
05df70e510dc,0,23700.0,0.226,0.548
78ec8025f1ef,9,68000.0,0.718,0.436
387febfce187,2,24140.0,0.735,0.469
097afc6dc812,0,24140.0,0.826,0.652
12b819e6f6d0,100,24140.0,0.754,0.508
5a25fdff1583,0,24140.0,0.754,0.508
8c243c468624,0,24140.0,0.926,0.852
49d9d75690d2,100,80.0,0.79,0.58
7697cf089ef2,2,24140.0,0.962,0.925
b0f2667ffc69,0,22500.0,0.226,0.548
ec3bab51df53,84,24140.0,0.826,0.652
8bef387b4673,92,24140.0,0.826,0.652
a323cad637b1,4,24140.0,0.365,0.27
f6845aeeed3e,0,24140.0,0.398,0.203
fbf862d358e8,65,24140.0,0.432,0.136
f79bfab96c2e,0,18200.0,0.06,0.881
0c44edc8ebef,99,24140.0,0.718,0.436
b24a1b630465,17,24140.0,0.887,0.775
a2a553b80da7,0,24140.0,0.265,0.47
fcfeadb9f224,5,19300.0,0.354,0.292
f3e7dcf26959,100,18100.0,0.798,0.597
e6e4462ff837,98,5560.0,0.082,0.836
fed0ad12ec7f,2,50300.0,0.098,0.803
06060a40260e,99,2560.0,0.082,0.836
60f246d5ac34,0,24140.0,0.151,0.698
65a74fc65773,17,21000.0,0.937,0.875
dd6d5e902a3d,0,23780.0,0.937,0.875
e24e78b0ade8,100,24140.0,0.185,0.631
3b5b53dbaaf1,0,21520.0,0.218,0.564
5b324d71c851,100,1440.0,0.593,0.186
d9420fc378d1,100,340.0,0.626,0.252
9f5a9d10ba99,0,24140.0,0.698,0.397
56f83adbaf18,100,15220.0,0.768,0.536
0311f017b7a7,0,6540.0,0.096,0.809
5ca82f44a43a,100,6780.0,0.129,0.742
5a9fd5ec2a36,96,24140.0,0.01,0.981
6e69a1704c38,0,31460.0,0.01,0.981
32dc72b0646b,100,24120.0,0.162,0.675
179cc6783ba6,100,14420.0,0.193,0.614
b67b1570269f,6,26300.0,0.312,0.375
41271d5f3c43,100,5180.0,0.973,0.947
a1fc813699ff,0,39680.0,0.046,0.909
b26e9cf501bb,2,,0.046,0.909
017fb2422cc3,100,140.0,0.137,0.725
86bfa3be0c47,0,36640.0,0.046,0.909
dfd1195662d2,100,24140.0,0.198,0.603
7cb2a8313097,1,21800.0,0.257,0.486
5867cebc81ca,57,6540.0,0.523,0.047
1cc85db53012,57,6540.0,0.523,0.047
c81102f5055c,100,24140.0,0.115,0.77
1fd42c8967d2,67,24140.0,0.115,0.77
c699ab0e4b0c,2,22120.0,0.115,0.77
663c9a23c96e,5,6540.0,0.598,0.197
31b42e736baa,5,24140.0,0.637,0.275
f1ec70e24ed7,91,24280.0,0.115,0.77
d758f4a23962,19,17060.0,0.115,0.77
e29e06685f4f,2,18260.0,0.115,0.77
baeefe8cf79c,91,25020.0,0.115,0.77
31f376f92214,81,50460.0,0.115,0.77
aaf628fd0c23,91,25500.0,0.115,0.77
63ca23699a97,33,24140.0,0.923,0.847
2053cb487f12,100,24140.0,0.99,0.98
f60986e149be,16,17960.0,0.115,0.77
9d082bb84889,3,45400.0,0.146,0.709
7a4770c519fd,99,38700.0,0.146,0.709
24e5c21b420f,0,18900.0,0.146,0.709
9f967c3ec5c7,96,25180.0,0.115,0.77
fee3a025ada1,0,18900.0,0.146,0.709
182752a453f9,0,33900.0,0.146,0.709
53a0df9503f7,6,15900.0,0.146,0.709
a79cb03723de,36,14800.0,0.146,0.709
d6f4a10230c6,91,18900.0,0.146,0.709
8f20c335bdba,98,24140.0,0.115,0.77
2302c9c5c0b3,0,20600.0,0.146,0.709
97c2835eb451,50,55300.0,0.146,0.709
879bd1cb88c7,31,49400.0,0.146,0.709
5cb40bc2d58e,0,24140.0,0.587,0.175
df73981d61b4,0,24140.0,0.626,0.252
2a2c532317a0,89,26200.0,0.146,0.709
345ea3e23739,7,45000.0,0.146,0.709
dc3e3b92df99,0,53300.0,0.146,0.709
8f333124836c,100,24140.0,0.971,0.941
b97e3fc9f504,100,24140.0,0.146,0.709
be6baf4af655,50,34000.0,0.146,0.709
be10265c81ff,0,39100.0,0.146,0.709
943e2deab4fd,0,26800.0,0.146,0.709
2db509dc096f,27,24140.0,0.179,0.642
18544c18d5f8,0,29900.0,0.146,0.709
cdc004192492,2,21860.0,0.115,0.77
56c3b0de58d3,1,,0.115,0.77
37cfc94cf1d0,95,22100.0,0.115,0.77
f67ef62383d7,45,22000.0,0.146,0.709
59a90181ce16,99,24140.0,0.146,0.709
723baa68de6a,4,48300.0,0.146,0.709
621a3e0b1900,3,23800.0,0.146,0.709
354aa304ebe8,0,22600.0,0.098,0.803
5006e7a2f9f2,1,32700.0,0.146,0.709
d94edd09ca9f,0,31000.0,0.146,0.709
67286b0745f4,33,14100.0,0.146,0.709
85bd2e903a60,1,45800.0,0.146,0.709
735c06d1c6af,0,6900.0,0.179,0.642
2d5dc46ed2b1,99,47900.0,0.146,0.709
f029f938b3f4,94,,0.115,0.77
5af6d0ce0081,3,15800.0,0.146,0.709
1f4b5048f29c,1,23700.0,0.146,0.709
eb309d1b9e42,28,17760.0,0.115,0.77
9a47b41c1049,88,,0.179,0.642
bbbd041ad294,28,40800.0,0.146,0.709
d5dbf2f06c8e,0,36400.0,0.21,0.581
5226a8a8a140,100,24140.0,0.146,0.709
73e3d742ba47,40,26700.0,0.146,0.709
a278d5526690,0,23100.0,0.823,0.647
dfbd667cc7cf,1,18900.0,0.137,0.725
68b199c82329,50,39400.0,0.146,0.709
39fb328905a7,0,23800.0,0.146,0.709
fe86964d030b,100,12200.0,0.24,0.52
47cd6d87b14e,0,24140.0,0.276,0.448
bf11c62b2686,46,16800.0,0.146,0.709
1e1c90916e3d,48,36200.0,0.146,0.709
80981bb11e3f,66,23240.0,0.115,0.77
2f6c4d2713c1,5,26600.0,0.146,0.709
4baff939b083,0,24140.0,0.312,0.375
a31f05baae1b,3,16200.0,0.268,0.464
bba4f75bbb12,22,18800.0,0.34,0.32
86f4a0f24489,0,14000.0,0.898,0.797
d1b3a0a5f892,56,58800.0,0.146,0.709
49abf9a29bad,0,16200.0,0.24,0.52
b96533e9c64a,0,23800.0,0.146,0.709
462adb5a621b,0,14000.0,0.898,0.797
559b56888b3f,0,25200.0,0.182,0.636
bab16f87eb5b,33,32500.0,0.146,0.709
a673c56ec4f9,0,23100.0,0.182,0.636
cd2913d700b3,0,25000.0,0.398,0.203
a4ba690542a1,22,38900.0,0.146,0.709
9ba748b52da7,0,44500.0,0.146,0.709
dc95b9b201b8,59,18600.0,0.365,0.27
2301258ec2e0,100,22000.0,0.923,0.847
aaae60e417e2,21,16600.0,0.057,0.886
dabf32365be1,91,19200.0,0.851,0.702
a3b4dfa227a8,88,24100.0,0.001,0.998
7a44e4cd64d2,100,12200.0,0.396,0.209
7432cf537cdf,100,1900.0,0.021,0.959
d9abb50f3c50,2,21400.0,0.585,0.169
dfb604250a62,0,28900.0,0.646,0.291
de624bd0baba,0,26800.0,0.646,0.291
c71052377dab,0,28800.0,0.646,0.291
e01c2bdb93a8,0,24140.0,0.146,0.709
58b92c2b0492,0,22900.0,0.679,0.358
db20bb5bfdbb,74,27100.0,0.89,0.78
1fcaeef2a044,0,37700.0,0.257,0.486
833f1a439d08,3,28200.0,0.098,0.803
dbe632a497dd,0,45900.0,0.393,0.214
a6ef9d399651,99,33400.0,0.146,0.709
6c7514382bba,98,24140.0,0.826,0.652
cf384c135b3e,97,22260.0,0.062,0.875
474348a23ea4,76,5840.0,0.115,0.77
493b31105ffc,7,21100.0,0.323,0.353
a6710c8a8e41,0,29200.0,0.329,0.342
c0576cdc364e,95,23460.0,0.115,0.77
4a658af66f48,0,36600.0,0.098,0.803
8fcd6b4091d9,0,47500.0,0.146,0.709
b67bcb551f24,0,24000.0,0.146,0.709
4fb6a347ac85,0,27000.0,0.526,0.052
0288e154a6bc,0,64700.0,0.526,0.052
9d94d8632337,0,56600.0,0.526,0.052
575ce68b88f7,0,24140.0,0.526,0.052
3766880fb47d,1,18600.0,0.526,0.052
271ce2583428,0,24140.0,0.146,0.709
684b8b41ac3e,43,24140.0,0.526,0.052
df73a0692f85,0,24140.0,0.526,0.052
066af7926dee,0,24140.0,0.146,0.709
155101022e10,0,24140.0,0.526,0.052
740110942efb,0,24140.0,0.526,0.052
6cd09305c65e,0,24140.0,0.146,0.709
f2e98d49db85,80,24140.0,0.598,0.197
d6eaf1549a9c,0,28800.0,0.671,0.341
512b422bf736,9,24140.0,0.707,0.414
fbfb4b406bb0,0,20300.0,0.743,0.486
408c5857fcbe,0,28600.0,0.818,0.636
5ceb40bdbf06,74,24140.0,0.854,0.708
efaa6bdf42aa,10,,0.223,0.553
4b859ce71c35,0,32200.0,0.923,0.847
99d6e95ad31c,100,6740.0,0.96,0.919
a666a72e4915,0,20400.0,0.029,0.942
f0bd407dc866,4,31800.0,0.029,0.942
aacba68f0c85,0,22600.0,0.029,0.942
85bb1ae61a25,0,18800.0,0.029,0.942
1243e834af94,0,24600.0,0.029,0.942
8ab95e875cc2,0,30200.0,0.029,0.942
95d9d31c200d,0,21600.0,0.029,0.942
70cc46642c32,0,27900.0,0.029,0.942
35a278eb0bb0,1,28900.0,0.029,0.942
f450361e4c68,0,25600.0,0.029,0.942
f3c1a8fbb3dc,0,31800.0,0.029,0.942
1e0b28c52299,0,22400.0,0.029,0.942
e46c0784e9e9,0,30100.0,0.029,0.942
5ada6637e99e,97,17380.0,0.029,0.942
eb662e010600,1,13600.0,0.029,0.942
b68d258f1ca9,0,20000.0,0.029,0.942
988b33df47db,0,30100.0,0.029,0.942
ac649c1cb56d,0,31700.0,0.029,0.942
ec764b3f08d1,100,24140.0,0.157,0.686
ea8181dbceaf,0,48400.0,0.029,0.942
32bd348b713d,0,21400.0,0.371,0.259
e61794237ca3,0,45260.0,0.223,0.553
d76fad1c44e7,9,64900.0,0.946,0.891
323063a8d5d9,0,21900.0,0.946,0.891
0775e5273960,0,55800.0,0.946,0.891
0de68f95eb99,10,61000.0,0.946,0.891
eae8af4e08d1,0,24140.0,0.946,0.891
a257302248d7,0,21100.0,0.946,0.891
c439c75af9f3,0,32100.0,0.946,0.891
39e51ddda11e,0,30300.0,0.146,0.709
f0aa31003e97,0,28400.0,0.946,0.891
c044f015645d,100,23500.0,0.135,0.731
bd7d1f5b7b50,42,25400.0,0.223,0.553
538746011d9b,40,24140.0,0.098,0.803
eb1961bed1e9,100,24140.0,0.146,0.709
4c494a5416cf,0,36800.0,0.062,0.875
81198b70d50a,49,45800.0,0.098,0.803
e173e50becbe,0,20200.0,0.165,0.67
d5cf2082671e,0,48400.0,0.029,0.942
5cddac1d88a4,0,48400.0,0.029,0.942
960d449b5b64,0,24500.0,0.146,0.709
61ac123ce4b5,99,40100.0,0.257,0.486
149c23cbd0d3,0,23800.0,0.146,0.709
34f1c1f254e5,0,24500.0,0.146,0.709
7e5003cc1fff,0,23800.0,0.146,0.709
241d83d8b691,1,25400.0,0.646,0.291
b98f12f4a22a,0,26700.0,0.646,0.291
2545c4654fe4,4,22600.0,0.098,0.803
be82bb8c7a6b,5,21900.0,0.098,0.803
7c96b3d36951,5,21900.0,0.098,0.803
38099f3e0d1e,5,21900.0,0.098,0.803
61d205bf1173,0,17500.0,0.765,0.53
c4a4312b6e27,3,28600.0,0.257,0.486
014a2a79b25c,3,28600.0,0.257,0.486
b240fd1d39ce,3,28600.0,0.257,0.486
b5a1ac263860,13,22800.0,0.815,0.63
3cd5ee2f83de,24,23400.0,0.815,0.63
488e969135c5,24,23400.0,0.815,0.63
90b28cc06b7b,100,22400.0,0.646,0.291
cae428195e1b,3,19300.0,0.982,0.964
af86b42971dc,0,23200.0,0.426,0.148
5fa7c597e2c5,33,19500.0,0.265,0.47
3b5fb3168fdc,0,33600.0,0.318,0.364
57f7aaf16d43,25,20000.0,0.387,0.225
65fcf543641e,65,24140.0,0.498,0.003
b7a19bfd672b,62,15400.0,0.537,0.075
669b540e5936,68,12700.0,0.654,0.308
0c91e845378e,68,12700.0,0.654,0.308
ec3bb6d9356a,100,13500.0,0.654,0.308
3e99989a3278,20,15200.0,0.654,0.308
3c46ff21e403,89,13700.0,0.654,0.308
702a2b39f4d9,100,16680.0,0.654,0.308
cc63bcec94ab,25,27100.0,0.654,0.308
55b6e29a98d1,100,22900.0,0.654,0.308
0a58829afe1a,99,15600.0,0.654,0.308
16592f8deddf,62,36180.0,0.654,0.308
660731251c1a,70,24140.0,0.69,0.38
af51500290db,100,22300.0,0.098,0.803
34045e9e246b,15,38800.0,0.098,0.803
4a03f45efb4b,15,38800.0,0.098,0.803
8ac51f81324b,15,38800.0,0.098,0.803
4e12249b5547,0,30300.0,0.054,0.892
3ccb9ae0ef45,0,44500.0,0.098,0.803
a69535cba102,75,30400.0,0.146,0.709
3542be7d4ee0,0,24600.0,0.146,0.709
2f6f7f22ff15,67,29600.0,0.146,0.709
8cfa8435a261,31,53300.0,0.146,0.709
f2a4a5f532ba,67,29600.0,0.146,0.709
dbc9d26d08fd,92,27800.0,0.146,0.709
2c6f51615e23,0,51900.0,0.526,0.052
41bfe5e5e3bc,25,51700.0,0.146,0.709
b93054ef2007,75,30400.0,0.146,0.709
df0ef71967ec,31,53300.0,0.146,0.709
f20d05a29b85,100,28800.0,0.098,0.803
ebfbda69dd2e,41,12200.0,0.36,0.281
c8b9e2d7a707,5,19500.0,0.098,0.803
b1981ab55588,63,32500.0,0.912,0.825
bad5be1e1004,0,33900.0,0.982,0.964
ac193bc14ff0,0,32600.0,0.146,0.709
212c0299e843,2,37700.0,0.146,0.709
a042ddee9655,100,13500.0,0.287,0.425
4b3203ac13ef,5,19500.0,0.098,0.803
40877f97e82d,0,23800.0,0.146,0.709
d6f2e5c511c9,79,33500.0,0.262,0.475
9630459d4cc2,12,,0.023,0.953
5e843f482299,64,,0.062,0.875
d1bd8696adab,60,,0.062,0.875
f74db71c5791,62,,0.062,0.875
a785d2473cd0,60,,0.062,0.875
a7e43420a6bf,62,,0.062,0.875
17234826fc4a,81,,0.168,0.664
5226be4c487b,13,35700.0,0.146,0.709
6569bf4a277e,4,21800.0,0.098,0.803
b8204f51a14e,0,24500.0,0.146,0.709
ecbfc18858d7,0,23900.0,0.146,0.709
d535d32eafae,0,23800.0,0.146,0.709
2eaf1aafa6cd,0,23900.0,0.146,0.709
1570c8494f64,0,23800.0,0.146,0.709
376c02c0fbc3,0,24500.0,0.146,0.709
d0c923ea49b3,0,24400.0,0.146,0.709
e47eaf3e9578,0,24500.0,0.146,0.709
8eacbf0dd890,0,25700.0,0.146,0.709
ee91c194e1a8,14,44900.0,0.69,0.38
22ae77494bc0,30,25900.0,0.69,0.38
8270d57d69b3,0,24500.0,0.146,0.709
ef833ae0981d,0,23800.0,0.146,0.709
8bbb23663479,0,14500.0,0.24,0.52
680dbe545dc1,0,14500.0,0.24,0.52
fb8deb655400,100,41700.0,0.098,0.803
6d2dae986500,3,38500.0,0.135,0.731
4df93245ac94,0,28000.0,0.312,0.375
27819fcc8af4,0,28000.0,0.312,0.375
68d7e43c63fe,61,,0.062,0.875
b4e158806336,62,,0.062,0.875
8de0fd89c59e,62,,0.062,0.875
7f00418f9ba9,0,,0.046,0.909
d2029ecde65c,0,,0.765,0.53
c54e9417c388,4,,0.257,0.486
28a007ba9fea,4,24140.0,0.762,0.525
91afe6007b87,38,,0.646,0.291
45a4289156d3,0,21300.0,0.098,0.803
af79af71a4dc,0,57800.0,0.104,0.792
212ab6d7528e,38,,0.646,0.291
f652d2353cb1,0,24140.0,0.196,0.609
052d53fcd5f4,0,28600.0,0.865,0.73
1f68a04ca071,0,67800.0,0.898,0.797
ee2b59c8a338,0,34500.0,0.898,0.797
0f01f491244c,0,67800.0,0.898,0.797
9791724345c4,1,14800.0,0.898,0.797
77372b088c34,92,32400.0,0.932,0.863
ca4fb8d6ab96,72,3280.0,0.962,0.925
95b48a65cbb3,3,79200.0,0.993,0.986
e136ce956de6,10,16880.0,0.932,0.863
995013f7f317,0,63800.0,0.932,0.863
2f7d6800d003,0,45800.0,0.993,0.986
4c27c0cbb1c1,0,16200.0,0.023,0.953
cbdd22be4908,0,54800.0,0.054,0.892
139356a3105a,0,16100.0,0.085,0.831
86ca89903987,0,21600.0,0.146,0.709
f1adea54e096,0,24140.0,0.598,0.197
8d076b8eb40c,0,58200.0,0.268,0.464
0250328cd661,0,65100.0,0.268,0.464
35be5e1124ad,92,24140.0,0.268,0.464
785b95d93344,92,24140.0,0.268,0.464
d8bd718296df,100,24140.0,0.373,0.253
22640e8b6a13,0,18200.0,0.268,0.464
ebe661137bf9,11,39800.0,0.268,0.464
af96c40ca319,0,45300.0,0.268,0.464
666aaea684fc,0,34600.0,0.268,0.464
3fbf8fdc11c3,0,34600.0,0.268,0.464
869becf650b0,0,24140.0,0.565,0.13
2e51b1246df4,9,24140.0,0.604,0.208
39554d0e1181,9,24140.0,0.604,0.208
127aed42c910,100,24140.0,0.604,0.208
f3b1dbe1b5ee,25,24140.0,0.643,0.286
5ce029f391cb,100,20800.0,0.679,0.358
eb09f5b36987,9,23800.0,0.643,0.286
5b3e0ac28197,97,18040.0,0.818,0.636
6a08fe5fda18,0,,0.062,0.875
52d72cded051,0,,0.062,0.875
a98493641319,0,,0.062,0.875
78c48dc9ca96,0,24140.0,0.943,0.886
885a4ca96544,36,24140.0,0.943,0.886
f69fb9c9940d,0,64600.0,0.943,0.886
a4a7e50a41f4,0,19900.0,0.035,0.931
24494f496223,100,180.0,0.035,0.931
4f18d6ba6174,11,24000.0,0.065,0.87
e2af151278b0,3,12200.0,0.221,0.559
9c5355bc2a69,0,35400.0,0.221,0.559
d8a4b7f909b7,8,25900.0,0.254,0.492
40c52e4f28af,1,15700.0,0.287,0.425
68b370d4df98,100,13800.0,0.323,0.353
4a494e27d98d,0,25700.0,0.396,0.209
7423401c5c4a,0,24140.0,0.396,0.209
4a4598b98263,0,24140.0,0.59,0.18
e77003af4d77,0,24000.0,0.59,0.18
a3d0856e0407,0,16800.0,0.126,0.748
1620231f1df7,0,16000.0,0.643,0.286
80f477e85306,76,24140.0,0.629,0.258
995491623cf5,0,18000.0,0.629,0.258
8e903e1d9b1e,0,24600.0,0.59,0.18
17c5165b6d8d,0,42500.0,0.629,0.258
c03bff370b9e,0,24140.0,0.865,0.73
a06e9220699d,53,,0.923,0.847
7cc4d58211c4,12,27900.0,0.923,0.847
6f1ccb348e6d,1,,0.923,0.847
39f958fb8552,83,,0.923,0.847
8b6c204c558a,45,37260.0,0.923,0.847
2d701a127c5f,46,33560.0,0.923,0.847
384b78297954,2,36740.0,0.923,0.847
36cf68170312,99,23600.0,0.923,0.847
0475a88ac604,53,,0.923,0.847
66831d8f327a,0,52500.0,0.954,0.908
fc5ec4303e28,100,,0.923,0.847
d5188ec43aec,0,,0.954,0.908
29e0d5e27156,0,42300.0,0.985,0.969
96ef5fa0ddc9,0,,0.954,0.908
f440bb2b9e83,0,30100.0,0.954,0.908
316a9fe476e9,0,30800.0,0.954,0.908
141d885e6c50,99,,0.985,0.969
3d906c62cbd3,0,22900.0,0.954,0.908
2c7a2ec71902,88,24140.0,0.046,0.909
e5d0ddb58dfa,2,24140.0,0.046,0.909
cd9c1d92aae9,0,79000.0,0.076,0.848
f3e4399182e5,100,17300.0,0.076,0.848
6acd90469e3c,100,17300.0,0.076,0.848
9919a1466dbd,20,3000.0,0.107,0.786
4c39e2765e5c,96,46760.0,0.107,0.786
333591c18495,87,28160.0,0.107,0.786
b879c196c03a,20,51000.0,0.107,0.786
a97cb05df891,95,35740.0,0.107,0.786
0b8bcca5b2f2,36,29080.0,0.107,0.786
4601a9618608,62,37500.0,0.107,0.786
2fc09edadf35,66,31600.0,0.107,0.786
319671b252f0,97,5340.0,0.107,0.786
ea54cad06803,0,16580.0,0.923,0.847
29b6eecba1ba,0,32600.0,0.14,0.72
edbbdc833227,0,22700.0,0.14,0.72
d0f32b32ad4c,0,51500.0,0.14,0.72
487a0de66c66,6,13100.0,0.14,0.72
942c5ea409e7,1,17500.0,0.14,0.72
8071f32e4d8e,18,13000.0,0.14,0.72
673a74be9a04,1,17900.0,0.14,0.72
af195911569c,28,53700.0,0.14,0.72
b86d31c98570,0,46900.0,0.14,0.72
357521205bc7,1,24140.0,0.14,0.72
082f5646d0de,4,36200.0,0.14,0.72
6a0369e2e935,3,19300.0,0.14,0.72
4de372456099,1,24140.0,0.14,0.72
0e93c3ac100b,0,37100.0,0.14,0.72
ae119a9d8b05,10,70600.0,0.14,0.72
4f5f776d7473,53,35900.0,0.14,0.72
eafe054fe694,27,24140.0,0.14,0.72
77717fb36475,100,13740.0,0.14,0.72
b7134d597579,0,19700.0,0.14,0.72
4f9343fce3a9,0,65700.0,0.14,0.72
afd6c1ba6252,0,52000.0,0.14,0.72
83c5e97748fa,0,26400.0,0.14,0.72
1b73cd1cf87e,2,26940.0,0.107,0.786
1dee9c0e691d,50,19200.0,0.14,0.72
2e1327dd3ad2,0,19100.0,0.14,0.72
5d490b99828f,0,35200.0,0.14,0.72
8086dcbcd6a7,100,24140.0,0.076,0.848
43df02df4128,19,24140.0,0.107,0.786
420c3ecf11ff,50,24140.0,0.107,0.786
a9abbdefad01,100,24140.0,0.076,0.848
186a6c8c573f,0,50200.0,0.14,0.72
8ba7d2570a9f,0,46000.0,0.14,0.72
3639441444ca,0,23500.0,0.14,0.72
e05177efba30,0,54100.0,0.14,0.72
010b85b79166,0,18200.0,0.14,0.72
124b5fd7dc75,14,74300.0,0.14,0.72
00c0c13de7c0,5,71200.0,0.14,0.72
3eba5ab795da,100,,0.107,0.786
7e243571d1fa,94,24140.0,0.14,0.72
c988c3160bb8,17,24140.0,0.14,0.72
5948bac1cbda,0,29000.0,0.14,0.72
664826d465f0,7,19400.0,0.14,0.72
dccb685cbd58,0,24140.0,0.14,0.72
35ede8fe0254,7,24140.0,0.14,0.72
53de824aa402,43,24140.0,0.14,0.72
c35c81f5527b,0,19300.0,0.14,0.72
a7628d313ca9,68,25000.0,0.14,0.72
066a29c9aa2f,99,24600.0,0.14,0.72
47ba7534b900,76,,0.204,0.592
3515c2eae7e8,1,24140.0,0.14,0.72
ae06bdf7e7a4,1,24140.0,0.14,0.72
8c407e3e4861,19,25400.0,0.14,0.72
e775ad336cd5,0,31900.0,0.107,0.786
e36d8ed6f720,0,33600.0,0.107,0.786
abad0e358071,0,39100.0,0.14,0.72
c12e619cb6e9,0,39100.0,0.14,0.72
9b80122f7523,0,24800.0,0.14,0.72
016eae3b51b6,0,25300.0,0.14,0.72
157e595ee56a,0,37500.0,0.14,0.72
4bd3202d7284,0,37700.0,0.14,0.72
3ab3d2c105e4,0,44700.0,0.14,0.72
6e3535ac1d8e,2,24140.0,0.204,0.592
52321296de37,2,24140.0,0.14,0.72
602a69e57551,0,41800.0,0.14,0.72
44b0868bc79d,14,74300.0,0.14,0.72
012100d8a7d1,0,75000.0,0.14,0.72
106447889cdc,100,15500.0,0.171,0.659
b41920388aab,100,22900.0,0.14,0.72
908827b3c857,0,24140.0,0.14,0.72
6e1f03bbe0e9,9,19800.0,0.14,0.72
7969d826f71d,0,24140.0,0.14,0.72
2992240336e0,77,24140.0,0.14,0.72
601c9e0b1b2a,0,64200.0,0.14,0.72
d2cf17677003,0,76900.0,0.14,0.72
d71ce592dfc5,20,,0.204,0.592
efce258c49ac,50,26500.0,0.14,0.72
585139a3cf87,0,14200.0,0.14,0.72
e01a1e4b0688,1,49400.0,0.14,0.72
ed287ddad0b5,98,32900.0,0.146,0.709
2e39bf39c44e,0,24140.0,0.24,0.52
273951c2efdc,99,53300.0,0.14,0.72
0e8d63a972d0,1,19100.0,0.14,0.72
811ff234c29f,31,18700.0,0.14,0.72
723bc418e545,0,20500.0,0.14,0.72
a0a969d41fc6,0,22900.0,0.14,0.72
706a244d1e41,0,24140.0,0.14,0.72
fc3a0792a1f9,96,24140.0,0.31,0.381
cfc02ff20b7b,1,,0.273,0.453
fcb762e9061b,82,24140.0,0.31,0.381
53c0b630dc26,0,50600.0,0.14,0.72
e313e4fd88d0,0,50600.0,0.14,0.72
98e7ced078fb,0,50600.0,0.14,0.72
c43396f5a7b9,8,24140.0,0.14,0.72
26e04a55e21d,47,24140.0,0.107,0.786
4c62520987da,91,8460.0,0.31,0.381
2a5fe5316b22,2,13500.0,0.14,0.72
b9de1b5c4e7e,1,13200.0,0.14,0.72
24548a567c48,82,21240.0,0.31,0.381
288da39babb8,84,5300.0,0.31,0.381
2b767f8b26b6,41,9440.0,0.31,0.381
cd9dfc0ea42f,100,2200.0,0.31,0.381
c734f4e199a1,0,19300.0,0.346,0.309
73fc7e44f64e,0,22000.0,0.346,0.309
2aa5415585b5,13,18260.0,0.346,0.309
88d3a0c8be84,0,20400.0,0.346,0.309
3d7a193fb6bf,0,24140.0,0.346,0.309
ffa76ec5ba1a,13,13200.0,0.346,0.309
8852cfe7e996,25,24140.0,0.107,0.786
e80a735bd692,0,24140.0,0.498,0.003
0fcaaff95257,100,24140.0,0.576,0.152
b6aaac7a4445,12,24600.0,0.648,0.297
ec5db4507b3c,5,,0.648,0.297
afaa6f0e3d2e,0,71100.0,0.385,0.231
b1f66f2bdb06,0,64600.0,0.643,0.286
5a6aacf3dcdc,0,24140.0,0.718,0.436
f8643a866401,0,24140.0,0.718,0.436
46a9f5fbf628,71,,0.718,0.436
88471b70defc,0,16200.0,0.718,0.436
c1e08a3398cb,86,,0.748,0.497
9ba939161bbd,0,50800.0,0.812,0.625
426cf5b99eee,0,24140.0,0.84,0.68
efba23d2d60a,2,24140.0,0.954,0.908
d1942d302207,85,,0.748,0.497
93bb27da08c1,91,,0.812,0.625
441c6e779075,0,24140.0,0.962,0.925
f819197ff7f8,0,24140.0,0.962,0.925
c9f16fbd27ac,0,24140.0,0.962,0.925
4875fb0d93cd,0,24000.0,0.962,0.925
3fc434d969e2,100,24140.0,0.023,0.953
444374d57380,42,24140.0,0.057,0.886
c30340951ce1,100,12400.0,0.057,0.886
052f46712582,100,16800.0,0.057,0.886
ef2621784b5d,21,25700.0,0.09,0.82
3366436c3f29,0,24140.0,0.023,0.953
8196a6eec001,20,,0.09,0.82
f1dc3102922a,98,35200.0,0.123,0.753
864589c80851,100,29960.0,0.123,0.753
f1592f95e745,0,,0.123,0.753
49e6dce756ed,4,,0.123,0.753
2fdc1b415772,92,24140.0,0.123,0.753
8d026e1717e9,75,,0.123,0.753
de49abe716ee,0,,0.123,0.753
e2869ad4654f,20,,0.123,0.753
62ebc015ccf3,9,40900.0,0.157,0.686
03438c415800,0,24140.0,0.157,0.686
829b6288bf3c,48,24140.0,0.157,0.686
71c2a37dea64,0,46400.0,0.157,0.686
046d0a2b7fd4,0,24140.0,0.157,0.686
f45f4bcec89d,72,24140.0,0.157,0.686
4c09a9e850d1,0,,0.123,0.753
f5dbaba490da,100,,0.157,0.686
10cf82a44fa3,0,,0.157,0.686
3fb26c5402e4,100,2600.0,0.19,0.62
20ac168f9555,64,,0.19,0.62
d2b92b6980af,5,,0.19,0.62
7bfe93bcaceb,65,,0.19,0.62
abd3d211d18a,5,14400.0,0.226,0.548
2319133322ec,49,49400.0,0.226,0.548
4219abd03c65,100,13400.0,0.226,0.548
3ae6ecc582ac,5,39600.0,0.226,0.548
a84baa60fc51,0,24140.0,0.226,0.548
0ca98c530c83,0,24140.0,0.226,0.548
523d59b5e4c9,46,24140.0,0.226,0.548
43fb38d2b8df,94,24140.0,0.512,0.025
ce6121eee9c2,0,37300.0,0.226,0.548
95cd8421fae3,0,20700.0,0.226,0.548
e6321d002530,55,24500.0,0.226,0.548
87daad2bc9e0,50,12300.0,0.262,0.475
e94346421fd8,0,,0.123,0.753
3bd91dfa17c8,100,800.0,0.262,0.475
38da5a3c177b,50,13800.0,0.262,0.475
0c628ab22b4d,91,,0.157,0.686
2efff1ead9bd,100,800.0,0.262,0.475
baf0ab473b72,57,29400.0,0.226,0.548
17b9f3c8cf47,8,19500.0,0.226,0.548
123048e74335,2,14400.0,0.157,0.686
25768a4392d8,39,,0.262,0.475
96db7a5174bd,0,24140.0,0.226,0.548
2d5bfa75e1a7,0,24140.0,0.298,0.403
ca693fa284b0,0,26100.0,0.41,0.181
b6c9d09683e4,31,24140.0,0.41,0.181
e2b507034976,99,23000.0,0.41,0.181
5540d2b2f615,4,21200.0,0.446,0.109
3ee54f37e8e1,0,23200.0,0.446,0.109
5542920ced3c,17,24140.0,0.446,0.109
4005981008f5,31,21100.0,0.485,0.031
6cbb79c1e403,0,26000.0,0.521,0.041
6ca2f23caeff,52,,0.521,0.041
930292afb619,92,,0.557,0.113
f975f322142b,92,,0.557,0.113
dddf03a6ed23,0,27100.0,0.226,0.548
3cd5f33a33bb,95,24140.0,0.629,0.258
97269a85ab33,10,35400.0,0.157,0.686
acd2934edfab,100,24140.0,0.962,0.925
8cfcc6b6b828,74,24140.0,0.993,0.986
3677a76df600,27,19060.0,0.726,0.452
03dfc708a9ee,100,,0.757,0.514
d406347c31da,80,17300.0,0.757,0.514
7f37ebb06df5,100,19960.0,0.757,0.514
4fdf5881debb,0,,0.662,0.325
a274890af594,100,51900.0,0.757,0.514
a1b211847b01,52,33440.0,0.757,0.514
14198b3ffe95,77,34580.0,0.757,0.514
6c84ea3fe0e2,100,12200.0,0.757,0.514
76494b44b7d3,0,31940.0,0.757,0.514
424e539740db,29,,0.757,0.514
664a3269e854,52,23860.0,0.757,0.514
38f904469225,90,21120.0,0.757,0.514
71701b088d45,0,14900.0,0.757,0.514
2083945bdd0d,100,36040.0,0.757,0.514
88bf9270cd3c,100,26860.0,0.757,0.514
5accb306ed95,68,12780.0,0.757,0.514
c74ca916ba72,19,,0.757,0.514
020c0cc55805,73,14060.0,0.757,0.514
10a320e7980a,97,19440.0,0.757,0.514
fccab06cc491,75,24720.0,0.757,0.514
62991aa12959,35,29660.0,0.757,0.514
a853d73eb574,100,24140.0,0.757,0.514
db8c2db1576f,100,120.0,0.757,0.514
12a5bb2902b3,100,20580.0,0.757,0.514
5c089f5fc0b6,19,480.0,0.757,0.514
223c042acac9,99,8560.0,0.757,0.514
0da7ba2af973,10,30740.0,0.757,0.514
ac49fc1589cd,96,22900.0,0.757,0.514
2ee7c785f41a,48,21140.0,0.757,0.514
ab26ec0fdb37,55,13700.0,0.757,0.514
d2976ca53362,96,24140.0,0.757,0.514
6f31af233fe2,40,,0.757,0.514
0d0494186f5a,27,8620.0,0.757,0.514
ebc66768b365,2,24140.0,0.757,0.514
b7bebfc5b2b2,66,20700.0,0.757,0.514
ff82f06f363b,52,9360.0,0.757,0.514
81b9ac5d413d,54,,0.757,0.514
9a06113d7566,78,26860.0,0.757,0.514
5497d6d42394,94,4180.0,0.757,0.514
db7378dc317a,100,,0.757,0.514
2832d3f28f62,100,7780.0,0.757,0.514
c4bbdd809857,92,10340.0,0.757,0.514
e09c39d0d8e1,90,16500.0,0.757,0.514
9f4e1b945cb5,100,,0.757,0.514
8f5edc96184f,100,5800.0,0.757,0.514
a4d138408175,100,39260.0,0.757,0.514
d0589cdeddd6,98,4020.0,0.757,0.514
3cb6e13fb591,87,14380.0,0.757,0.514
887115c8cee6,0,55300.0,0.757,0.514
68fc247a8941,66,21980.0,0.757,0.514
bc1a08f864c8,100,3860.0,0.757,0.514
dc7e794759a5,57,9420.0,0.757,0.514
af8c6a9589d5,86,10940.0,0.787,0.575
ba3f353156fe,100,1260.0,0.787,0.575
c51674c5f0a7,19,57360.0,0.787,0.575
c041e1e06633,0,34000.0,0.787,0.575
dc51687d4afc,100,15600.0,0.787,0.575
9d8e3d0be398,98,76500.0,0.787,0.575
5d9c3b8d383a,100,13780.0,0.787,0.575
80a7f8bb20e2,0,27800.0,0.787,0.575
5a524be16c38,0,44100.0,0.787,0.575
a53c4a0de7d6,5,35800.0,0.787,0.575
f8dcf2ce1335,0,39500.0,0.787,0.575
c6c6480e8a99,16,45300.0,0.787,0.575
82c3e62cd0b2,98,29200.0,0.787,0.575
6ed97a0129e8,51,22200.0,0.815,0.63
b3ec63ffd9ae,97,24140.0,0.787,0.575
c613bcaa41bf,0,24140.0,0.787,0.575
c3dd56411feb,55,,0.757,0.514
3c08613b69b3,27,,0.757,0.514
3e97d1029748,0,26500.0,0.787,0.575
a9c19c1df804,100,4340.0,0.757,0.514
aa4ede5699dc,0,24140.0,0.757,0.514
75de041bd59b,100,24140.0,0.787,0.575
9793f70afa92,100,35940.0,0.757,0.514
ccaaf13e2683,63,24700.0,0.757,0.514
9e5f9ffefb2f,0,22200.0,0.787,0.575
42652b1362c0,52,34200.0,0.223,0.553
09d83916f9bb,0,,0.396,0.209
d82478f0b8df,4,24140.0,0.787,0.575
8b0eb2e7fa7d,5,,0.757,0.514
fe9b609e87ea,16,45300.0,0.787,0.575
29faf5403d77,100,24140.0,0.787,0.575
7482c288905a,95,22140.0,0.757,0.514
6f646a0bd723,20,,0.757,0.514
6f136f799923,64,6880.0,0.726,0.452
2797b62b7280,52,17440.0,0.757,0.514
72a42f7fc8b3,9,26260.0,0.757,0.514
d2555ed55a80,4,31300.0,0.787,0.575
56d78037f6f7,36,24140.0,0.787,0.575
8bfd671ae8ff,100,27040.0,0.757,0.514
a16a165b54a3,10,22700.0,0.787,0.575
b94c35a463c1,100,35860.0,0.787,0.575
58bbc5607e06,19,19740.0,0.787,0.575
479004ac9f0e,0,24900.0,0.787,0.575
f07d0a18dfc6,82,23800.0,0.787,0.575
1ab031428360,5,24140.0,0.757,0.514
a8b7b1f5d87c,6,28260.0,0.787,0.575
aa2731834616,2,15020.0,0.787,0.575
0e4cfa96fefa,62,27840.0,0.787,0.575
08eda9fa94bd,18,24140.0,0.787,0.575
18faec907430,100,30120.0,0.787,0.575
282bcf36a9e9,93,41360.0,0.787,0.575
4e31c233579f,1,25500.0,0.787,0.575
668b407d9867,0,32700.0,0.787,0.575
dd3907698bf8,6,40800.0,0.787,0.575
ad9de8c252f0,100,,0.787,0.575
cec9932ea329,0,46300.0,0.787,0.575
59251cf11fcd,100,21700.0,0.787,0.575
424d5dbea383,37,19300.0,0.815,0.63
b5880e58cbf6,70,24140.0,0.815,0.63
0fda91a4e925,56,43900.0,0.787,0.575
03c40a9ee4df,87,34300.0,0.815,0.63
c37a387646d0,1,20400.0,0.787,0.575
636f91279708,100,24140.0,0.757,0.514
d73f08f7fa88,82,24140.0,0.815,0.63
89abe471b034,72,22640.0,0.787,0.575
481b93fdf1d0,41,24140.0,0.757,0.514
ef3ddac8f89a,1,24140.0,0.757,0.514
a6779a70d079,21,29600.0,0.757,0.514
bc5fee548626,0,23800.0,0.787,0.575
8871548e61c8,4,89700.0,0.787,0.575
db76b4f33561,99,23900.0,0.787,0.575
2363c2168cac,99,57000.0,0.757,0.514
b5ee5ac59f11,0,13400.0,0.787,0.575
b8c818bc5acd,98,42500.0,0.757,0.514
327659b855d3,16,45300.0,0.787,0.575
e0d32261a520,35,26900.0,0.257,0.486
dd682229c403,0,24300.0,0.787,0.575
7d387c992687,27,24140.0,0.846,0.691
03764a784c76,98,,0.846,0.691
9bf3acfeee9a,30,22000.0,0.787,0.575
2d56d383187e,95,11020.0,0.757,0.514
6d4a71830024,96,25600.0,0.846,0.691
62c0548fe765,1,24140.0,0.757,0.514
4b47fd5f9348,0,21700.0,0.787,0.575
1097f37efe81,0,32600.0,0.787,0.575
56c374d9fb3f,100,,0.846,0.691
a183b721d75a,98,27120.0,0.757,0.514
21524c197e44,100,24140.0,0.876,0.752
304802d4f482,99,24140.0,0.876,0.752
24a3980cba69,72,24140.0,0.757,0.514
ffb07da86489,0,420.0,0.757,0.514
1595d9d7bcc6,0,17300.0,0.071,0.859
db67dfd80b0b,0,38600.0,0.076,0.848
0d0a44ca7f9e,3,15700.0,0.098,0.803
f181a7f261d3,14,35100.0,0.14,0.72
b5f50ecbd17c,10,17760.0,0.757,0.514
fa9298a5cd6b,21,,0.937,0.875
f6f5d22028ed,20,39260.0,0.937,0.875
44ba24fb5f6a,100,1640.0,0.937,0.875
e021fba5f736,90,11580.0,0.937,0.875
6f3c5e038457,100,780.0,0.971,0.941
e1958a12e34b,0,23500.0,0.787,0.575
a19397d52679,0,17900.0,0.971,0.941
1fa5097ae050,0,20200.0,0.971,0.941
d93083179f46,57,38800.0,0.971,0.941
62f1e5c82401,98,21240.0,0.971,0.941
e0dad35ac551,90,45300.0,0.971,0.941
7a81678b3f71,98,,0.971,0.941
e8dc77aecda4,3,14900.0,0.971,0.941
dad59cb7e13f,0,,0.971,0.941
f3be582b10f8,15,24200.0,0.004,0.992
30ad9ebdc99e,0,44500.0,0.004,0.992
bb1e6e3b29b0,100,,0.004,0.992
93d13dbd1f18,0,32300.0,0.004,0.992
193d73601c08,62,24140.0,0.004,0.992
b381a78be98b,0,23100.0,0.004,0.992
fdabd0f7d920,0,27800.0,0.004,0.992
82740c19f19f,0,23300.0,0.004,0.992
addb6551596c,0,39400.0,0.004,0.992
a501108550ca,0,32300.0,0.004,0.992
74deb29a9430,0,28600.0,0.004,0.992
7e2185baca3c,0,35000.0,0.004,0.992
2336f0134dce,0,23900.0,0.004,0.992
8b0360b405b0,0,46800.0,0.757,0.514
1b55326ee999,11,15500.0,0.004,0.992
ed2d74078dec,26,24140.0,0.004,0.992
d42887574588,1,,0.004,0.992
6de2ccb3d01c,0,44100.0,0.971,0.941
13413ec1d699,0,25400.0,0.004,0.992
bd398aa2f10d,0,27100.0,0.004,0.992
14667a6a35d9,0,22600.0,0.787,0.575
57768dd1c0b3,0,43400.0,0.004,0.992
e881b22aef85,23,27380.0,0.071,0.859
bd7623627268,0,29200.0,0.071,0.859
db289d513cf6,100,24140.0,0.071,0.859
7eb3a20496d0,0,38400.0,0.107,0.786
12f352000cf8,100,12200.0,0.107,0.786
2a4b2cf05b36,0,59100.0,0.107,0.786
cacd796b6d7a,0,1100.0,0.107,0.786
439f63b6683c,75,17500.0,0.107,0.786
a11cefa48a39,84,,0.107,0.786
3d84d69b0545,7,16000.0,0.215,0.57
052dd8e741b1,0,,0.071,0.859
00c1b4821c5a,0,16200.0,0.251,0.498
12383c4d4344,61,32540.0,0.287,0.425
a1fe20f5fd86,18,,0.287,0.425
25d489962f46,2,,0.287,0.425
e6c937553fba,100,24140.0,0.323,0.353
d7acaea764ed,23,44000.0,0.323,0.353
de05befa88dc,1,28100.0,0.323,0.353
eb283b3defb7,1,17600.0,0.323,0.353
44f12ac6220a,100,,0.323,0.353
fd294958b941,0,67400.0,0.323,0.353
f05d0270390b,98,44100.0,0.36,0.281
16afcd2eca4d,100,,0.323,0.353
8a8e2e21d14b,100,24140.0,0.36,0.281
7afddfd84b24,99,30700.0,0.396,0.209
9fbf71521dfc,0,27000.0,0.396,0.209
eadfb2c09fa9,0,13740.0,0.396,0.209
b5a4d8b1931d,0,21840.0,0.396,0.209
27f5b4af48fd,0,28960.0,0.432,0.136
b5f48b5a0d57,0,31400.0,0.432,0.136
f8f833f2f20f,20,18800.0,0.432,0.136
c6c44a24a6f7,12,19700.0,0.432,0.136
da604cd92af1,2,16000.0,0.432,0.136
3c812af4e5ae,0,47800.0,0.432,0.136
5265d2323ab2,50,14100.0,0.432,0.136
a2078fa18fcf,31,15600.0,0.432,0.136
aa6d91353c02,30,15600.0,0.432,0.136
44b718969056,71,3560.0,0.432,0.136
f5f3a61dca2e,0,28100.0,0.323,0.353
c991fc3f022c,72,29860.0,0.432,0.136
967138d16a2b,100,26060.0,0.432,0.136
21d1725294c5,8,,0.432,0.136
c24cb04c0c01,100,24660.0,0.432,0.136
cba45e1177b8,100,200.0,0.432,0.136
10e81f6d49f6,16,30600.0,0.432,0.136
8bab777ddc38,32,12200.0,0.385,0.231
3fcd2bb50325,12,,0.432,0.136
e58c4effbc81,98,37440.0,0.432,0.136
66f2fe0035eb,5,27220.0,0.432,0.136
8ca61803606c,73,17900.0,0.432,0.136
4f70778b4316,10,,0.432,0.136
51c041453518,6,13940.0,0.432,0.136
27c168823d7f,18,,0.307,0.386
54ce069678f0,33,20760.0,0.432,0.136
bd54986e52dd,100,11640.0,0.432,0.136
02f30ef80b6e,83,13940.0,0.432,0.136
caeda3abb8a4,41,24140.0,0.432,0.136
c28fb6730398,95,20660.0,0.432,0.136
bb4f9cae23b9,94,60.0,0.432,0.136
1b6cf769199d,0,,0.432,0.136
8e5e1723a9ca,84,14540.0,0.432,0.136
1128eba90908,45,20960.0,0.432,0.136
25b45c7248f9,90,33780.0,0.432,0.136
4ede3c7aa056,100,17480.0,0.432,0.136
5cb217c43bb4,33,6540.0,0.432,0.136
3b4820db2c65,95,16420.0,0.432,0.136
22fa80053611,42,16800.0,0.432,0.136
06732b5a7e81,95,28180.0,0.432,0.136
4114c82be1f1,100,1520.0,0.432,0.136
0449ccee9292,59,37120.0,0.432,0.136
a60bcbd724a4,12,,0.432,0.136
9481a5f5bd14,44,,0.432,0.136
7e0686ecb260,76,10840.0,0.432,0.136
c339cb5792e4,100,13480.0,0.432,0.136
3b60cde0a24c,95,42600.0,0.432,0.136
4b92e5b1eeb1,77,,0.432,0.136
85d6583701eb,75,25400.0,0.432,0.136
5ad7682dbe98,88,16320.0,0.468,0.064
b5c0ed20078d,100,27100.0,0.468,0.064
067f0cf0779b,80,20700.0,0.468,0.064
83b54577c22b,0,24140.0,0.468,0.064
5f0067cb1817,6,12740.0,0.432,0.136
2fec9c8ef9e3,84,11680.0,0.432,0.136
ecb2851bf038,100,10760.0,0.468,0.064
91239c29ee32,88,,0.468,0.064
10c69142dd7b,63,24140.0,0.504,0.008
b58bdc13759c,1,29700.0,0.537,0.075
36a32ac98870,50,13000.0,0.071,0.859
e87894e04f47,10,17400.0,0.571,0.141
ab073e2cb941,0,73600.0,0.004,0.992
cea4f92b34e1,0,16700.0,0.571,0.141
5c3b8fa81d3c,0,18200.0,0.793,0.586
05d33a290962,18,55880.0,0.571,0.141
bbaa4062d79b,0,55000.0,0.662,0.325
3f3a1e1a508b,0,29300.0,0.787,0.575
c9c574766cde,0,26200.0,0.787,0.575
7099b1f74055,0,24140.0,0.571,0.141
8d1daaa5c89b,6,24140.0,0.146,0.709
7f41e43f8a72,95,24100.0,0.537,0.075
861d007f352d,0,32000.0,0.571,0.141
c30035ea68b7,0,67000.0,0.571,0.141
bce24b9ca795,41,7240.0,0.571,0.141
ef951e1c349e,88,42300.0,0.604,0.208
1812bc8e8970,5,18800.0,0.604,0.208
b3652b2bc726,99,24140.0,0.571,0.141
b8132b2f91bd,0,46600.0,0.14,0.72
d1f80b2b4792,3,44700.0,0.604,0.208
30af59ca83cf,100,,0.604,0.208
e1c9b6a7c954,100,24140.0,0.604,0.208
44b078d24394,94,8880.0,0.604,0.208
b8b41ab36511,73,16600.0,0.604,0.208
2bb4467529d3,100,260.0,0.637,0.275
d9f4d94fec57,0,32900.0,0.637,0.275
b2017faa0654,0,34100.0,0.637,0.275
0544edc7af75,1,29700.0,0.637,0.275
cddf033dca3a,0,30800.0,0.637,0.275
21853a314a00,99,26000.0,0.637,0.275
5c9a22d3821b,100,24140.0,0.637,0.275
5e85e1012841,2,17000.0,0.637,0.275
2e31c4f33359,69,18640.0,0.637,0.275
91c97d23b7a6,94,38200.0,0.637,0.275
5c08dc979071,0,28600.0,0.637,0.275
9a9fca054059,0,31300.0,0.637,0.275
e42dd3f17061,45,27800.0,0.637,0.275
fe4fc58dad46,9,24140.0,0.637,0.275
006979811483,9,24140.0,0.637,0.275
e7d251c98ef8,9,24140.0,0.637,0.275
be3920a781be,9,24140.0,0.637,0.275
6561fa0d2848,2,22800.0,0.637,0.275
bb01843a936f,0,25000.0,0.637,0.275
6fcd173a7d9f,6,22000.0,0.637,0.275
c2b086cd6c9e,6,24900.0,0.637,0.275
289094079565,0,19500.0,0.637,0.275
dabe712f4c7e,14,16000.0,0.637,0.275
da0aa0ce3d76,0,25000.0,0.637,0.275
2b9f0d82ab70,80,,0.637,0.275
19585b08b77d,0,21500.0,0.637,0.275
9e5c0a6ae1aa,10,29600.0,0.637,0.275
4f26dc1c9e11,5,15600.0,0.637,0.275
aec739f1b77e,0,33100.0,0.637,0.275
18567d320452,0,17500.0,0.637,0.275
b36313b76bf5,11,19900.0,0.637,0.275
520984a4dc62,0,25900.0,0.637,0.275
3adfb2f03a73,0,24140.0,0.637,0.275
79e92cb4cfe6,0,19600.0,0.637,0.275
be187779f944,18,,0.637,0.275
f90ef4b3ce8a,0,38200.0,0.637,0.275
3ed0df78c19f,5,15200.0,0.637,0.275
f40e88597b1a,33,33100.0,0.637,0.275
7d4a68d5b97b,0,18600.0,0.637,0.275
4aef6030d2c5,70,15200.0,0.637,0.275
af9865689a90,100,15400.0,0.637,0.275
5ef3e092b53f,0,29500.0,0.637,0.275
f9f03d3fc8ef,1,16600.0,0.637,0.275
a91f5693fe8d,1,22800.0,0.637,0.275
fd03e7555874,0,23400.0,0.637,0.275
0f4287fdfbb8,99,3680.0,0.637,0.275
8b1d087edfdd,1,27600.0,0.637,0.275
0f4858b1cdba,94,12700.0,0.637,0.275
bf8741f46af0,0,27700.0,0.637,0.275
02b011951ddc,5,15980.0,0.637,0.275
61219d7ce811,97,2100.0,0.668,0.336
abb27edc9f67,16,11520.0,0.637,0.275
b22357401889,0,,0.637,0.275
938af55b4dad,1,,0.637,0.275
a931eb16effe,16,2380.0,0.637,0.275
f348bea2dbf5,0,23060.0,0.637,0.275
dab16c3387f1,69,2180.0,0.637,0.275
cb4935baa2d6,73,2140.0,0.637,0.275
87d5493964ec,6,39600.0,0.432,0.136
c6a6fb70a475,99,32000.0,0.637,0.275
ac598107f93d,50,39720.0,0.637,0.275
7ee58c2bc1ba,55,10580.0,0.637,0.275
a792555ee74c,19,17000.0,0.637,0.275
4deb53621068,96,1620.0,0.637,0.275
4913aaacd27c,56,,0.637,0.275
16e192ed7231,29,,0.637,0.275
b96212e1503c,5,51000.0,0.146,0.709
db98ecbdfa40,98,25500.0,0.637,0.275
45a0d1516d5c,0,,0.637,0.275
9272b0cd13f5,4,15300.0,0.637,0.275
d1a17f513849,80,11060.0,0.637,0.275
4d1a9a5f291e,31,1300.0,0.637,0.275
90d7f2b04514,40,2200.0,0.637,0.275
2913c1ca742d,51,6180.0,0.637,0.275
4c1a8a0d90a3,26,1600.0,0.637,0.275
19320c620ee5,100,1780.0,0.637,0.275
dcb6fcc8898e,71,24780.0,0.637,0.275
14b914884323,0,44100.0,0.787,0.575
3b93544757f7,19,32480.0,0.637,0.275
823b17ab2cee,96,24140.0,0.637,0.275
7eceeb0c3ba9,42,37900.0,0.637,0.275
df7bc88df554,55,8520.0,0.637,0.275
bc525e712a03,24,,0.637,0.275
1a00befe204a,100,18180.0,0.637,0.275
b71f5efac100,3,7800.0,0.637,0.275
4f323738e0ba,64,43120.0,0.637,0.275
1ff62d86b678,11,16600.0,0.637,0.275
1f52c0d38703,0,19500.0,0.637,0.275
fefdc9f7c65e,77,24340.0,0.637,0.275
270936373730,0,77100.0,0.257,0.486
bbf449e055c1,16,8440.0,0.637,0.275
bd7a41e730f4,0,5680.0,0.637,0.275
d34844cd26c4,0,32800.0,0.146,0.709
03c29d8a8427,100,21200.0,0.098,0.803
fb9e83c9e311,30,1860.0,0.637,0.275
fc867fecc622,38,,0.637,0.275
2b0a03126fe3,3,20500.0,0.14,0.72
ff603c82fea8,0,31440.0,0.637,0.275
d650392bca7e,29,2800.0,0.637,0.275
bcf3f2910b09,27,1540.0,0.637,0.275
fab07b11b6d7,17,31100.0,0.637,0.275
71648118127e,97,17800.0,0.637,0.275
acd8e9b17eb0,43,5460.0,0.637,0.275
135be444012a,16,2320.0,0.637,0.275
95d6e81b22f3,93,4860.0,0.637,0.275
52f2d9c18c74,5,7940.0,0.637,0.275
974d5430eea0,46,45420.0,0.637,0.275
5ad65c87848a,0,36760.0,0.637,0.275
c561d7404777,21,27900.0,0.668,0.336
263d999aa76d,33,1620.0,0.637,0.275
6a816481bd1b,16,51080.0,0.637,0.275
e1dabe385d75,13,38400.0,0.668,0.336
f8bdf5944b6e,83,15300.0,0.637,0.275
d430af114868,7,20900.0,0.668,0.336
e0728f4d3b4c,11,26200.0,0.668,0.336
961d3195b79c,6,2520.0,0.668,0.336
402317bc2b94,8,26800.0,0.668,0.336
fb34c2591be5,4,35700.0,0.668,0.336
1ab3f0298ba0,50,31000.0,0.668,0.336
309a06e89a4f,93,,0.668,0.336
3cb34fc71563,24,13600.0,0.668,0.336
c674a9f5e73b,100,12200.0,0.668,0.336
1fd70e907200,100,15500.0,0.668,0.336
cef9644deb34,5,26200.0,0.668,0.336
039f07c38f2d,5,30100.0,0.668,0.336
e012d3d467a0,28,25500.0,0.668,0.336
46d15941369d,98,24140.0,0.668,0.336
7acdc669ca45,5,22700.0,0.668,0.336
b7e6901a05ae,99,36400.0,0.668,0.336
7520ce3ab8c6,6,25200.0,0.668,0.336
3021a7649a75,30,19000.0,0.668,0.336
e67f2ed8f3ff,2,21100.0,0.668,0.336
a87f5def9a05,12,18900.0,0.668,0.336
712ba95f05ff,0,20000.0,0.668,0.336
16e63729daa4,6,26500.0,0.668,0.336
3a55e19fe958,100,13700.0,0.668,0.336
b5e6ca2be1f8,0,33000.0,0.637,0.275
99bcaff91543,4,37500.0,0.668,0.336
85be2503019b,9,18400.0,0.668,0.336
4bee436f54ac,100,14100.0,0.668,0.336
7e5c9e91e995,6,22400.0,0.668,0.336
b0c37df3eadd,1,16400.0,0.668,0.336
e48cd359b5e2,1,26600.0,0.668,0.336
088e020b0dec,3,13600.0,0.668,0.336
5a75b94e9397,9,28500.0,0.668,0.336
62a845ea12c2,100,560.0,0.668,0.336
980a701f2223,31,25600.0,0.637,0.275
d05b23448d3b,0,30740.0,0.668,0.336
a9df28cff716,99,16600.0,0.668,0.336
d858be761c5c,100,22620.0,0.668,0.336
9280f056c395,31,24000.0,0.637,0.275
14d0a9dfd1c5,2,15500.0,0.668,0.336
4ca54b75847b,4,,0.637,0.275
4bec62a32d15,0,,0.432,0.136
085ed7b457e3,100,24140.0,0.668,0.336
4ee6ba213e45,4,18500.0,0.668,0.336
73d2e5452736,27,25900.0,0.668,0.336
887c4555d45b,32,24140.0,0.698,0.397
51ce319b9717,10,34100.0,0.668,0.336
f9868b03a006,17,48360.0,0.668,0.336
1ce6d5dffb9b,69,46460.0,0.637,0.275
81f801c3fc6d,16,24140.0,0.698,0.397
7f654d63e6a7,0,24140.0,0.698,0.397
bbb0e5d85375,0,24140.0,0.698,0.397
d9cdc511585b,100,5520.0,0.698,0.397
98d59f7b96a8,82,,0.698,0.397
d16d9d539bc3,100,24140.0,0.637,0.275
45a899e660fe,18,24140.0,0.729,0.458
ad536c21a007,100,24140.0,0.729,0.458
e1a0fd985f2c,100,13800.0,0.729,0.458
4d3c9a074d4d,19,24140.0,0.729,0.458
973b662044a1,44,24140.0,0.729,0.458
777c35cc9010,0,24140.0,0.637,0.275
40d9a903ad67,100,24140.0,0.668,0.336
3a5034076f1a,100,24140.0,0.76,0.519
7d12f37a968d,100,24140.0,0.787,0.575
9fc3513ae359,95,,0.76,0.519
cb72a34fbbd4,0,24140.0,0.787,0.575
ee8dd6c167f3,1,23300.0,0.76,0.519
4298dcbba276,38,33600.0,0.787,0.575
332f29080766,0,66000.0,0.787,0.575
78e510f3d0cb,100,42960.0,0.787,0.575
b4ba0f7d1943,0,15500.0,0.818,0.636
f5dfb8698295,17,24140.0,0.818,0.636
b1ba583f6fc4,0,65600.0,0.818,0.636
d8365cde2f09,0,26200.0,0.004,0.992
891bf9bbac48,100,200.0,0.323,0.353
e19f36400c08,0,27600.0,0.396,0.209
53f3f6267e52,52,16400.0,0.637,0.275
2a33a9abf394,100,24400.0,0.668,0.336
3cad5f6f64f5,100,,0.848,0.697
87b73398f696,99,16440.0,0.882,0.764
727b9fae0611,74,24140.0,0.882,0.764
82f118c5249c,2,22100.0,0.915,0.83
f325e94cd741,71,24140.0,0.915,0.83
cdbb22795eef,94,24140.0,0.915,0.83
fad49ad6d45d,59,24140.0,0.915,0.83
a2ec4140bb8b,59,9760.0,0.915,0.83
d34bb684c5cf,100,24140.0,0.948,0.897
5832c31b806b,8,32700.0,0.668,0.336
ca4383c96c74,0,23700.0,0.982,0.964
ab8d12c3bcd7,100,16700.0,0.982,0.964
e00cba2f0342,0,22900.0,0.018,0.964
f6c47770d3ab,0,33600.0,0.018,0.964
70385d9b134b,0,21600.0,0.018,0.964
ffba1f054162,77,14900.0,0.018,0.964
719a3eac2773,0,34200.0,0.054,0.892
ca56cd17c390,0,39500.0,0.054,0.892
f93be9aedead,0,43600.0,0.054,0.892
db83624c74bb,0,23400.0,0.098,0.803
57128ca81ee4,0,43700.0,0.054,0.892
4c8b610de8ab,3,29200.0,0.146,0.709
14f84fb19cec,0,35000.0,0.054,0.892
666a186bf60f,16,33000.0,0.668,0.336
079581f45556,0,47400.0,0.054,0.892
5c6750544f55,0,31200.0,0.054,0.892
a1759d85a662,0,35100.0,0.054,0.892
b6752417d96d,0,73000.0,0.054,0.892
f3998497fc8d,3,27300.0,0.054,0.892
40bda840cc85,0,30500.0,0.054,0.892
ad282ece1663,8,17600.0,0.054,0.892
1d7b843b47c7,3,18500.0,0.054,0.892
6a3bd511e0c4,0,46600.0,0.054,0.892
ec95f54f5166,0,42200.0,0.054,0.892
c6df15f413b5,0,43100.0,0.054,0.892
1d6e289ce60f,45,1500.0,0.054,0.892
0cf40a4c0c2f,0,28500.0,0.054,0.892
0d81f24e7c02,1,28000.0,0.054,0.892
da3ab3901701,0,31800.0,0.054,0.892
50317c476dc2,0,38600.0,0.054,0.892
e015df1bf2bb,0,28400.0,0.054,0.892
626428c35ef1,4,22800.0,0.054,0.892
61120d7d1f81,0,26600.0,0.054,0.892
ad6dae610b77,17,22800.0,0.054,0.892
e9b4771b40a4,1,41100.0,0.668,0.336
f19461287021,2,15700.0,0.637,0.275
45b0f8627a22,0,44500.0,0.054,0.892
bd37b2076be3,0,22500.0,0.054,0.892
210088896295,0,39200.0,0.054,0.892
761b28219d6c,1,26200.0,0.054,0.892
955631a7d8b3,0,23100.0,0.054,0.892
444dac3970bc,0,22400.0,0.054,0.892
dbad1f5e1e23,0,23600.0,0.054,0.892
2ddce86c5d42,0,36100.0,0.054,0.892
b399c83a8458,100,300.0,0.054,0.892
e326514028be,4,18300.0,0.054,0.892
45f9833596ca,18,18900.0,0.054,0.892
8670f5e77faa,2,33900.0,0.054,0.892
9eb0e14398eb,1,22600.0,0.054,0.892
bc1e49822462,0,31700.0,0.054,0.892
2723eb9f530e,7,,0.054,0.892
979cd4619b04,63,28500.0,0.054,0.892
fd3e29d96dca,0,26300.0,0.09,0.82
f08e789095e9,0,21600.0,0.09,0.82
f0fd8813eb14,94,12200.0,0.09,0.82
b5e9c4263958,100,13700.0,0.09,0.82
11306f765641,100,17800.0,0.09,0.82
2f9f83298055,100,24140.0,0.09,0.82
a9935e9d96f8,100,,0.09,0.82
386f1373f05e,68,21900.0,0.126,0.748
61cbf58c5f42,0,29000.0,0.126,0.748
7ab3b709dd14,86,24140.0,0.126,0.748
51659b07ac88,11,,0.126,0.748
51760866caf0,1,,0.126,0.748
0f5ab9c58e47,54,24140.0,0.126,0.748
a0082e854fa5,2,,0.126,0.748
b56748186181,99,23740.0,0.165,0.67
72451fc78f66,8,17300.0,0.054,0.892
5aafe02177d3,100,,0.165,0.67
16dc79222cd2,100,,0.165,0.67
a5aece1660a5,4,18500.0,0.165,0.67
7b862a9f5a27,56,12300.0,0.165,0.67
e50ab4899343,2,22100.0,0.165,0.67
3483f7599a9a,1,,0.126,0.748
ff2e5799a840,27,,0.165,0.67
37bccb4aca8a,0,,0.054,0.892
5515182fe8a6,0,,0.054,0.892
8822278f1741,100,24140.0,0.165,0.67
bf4529b6f8d7,28,,0.165,0.67
ea42bdfeaa6b,21,,0.165,0.67
f381df5fdbc2,30,,0.165,0.67
61c73d3f1d78,0,24140.0,0.165,0.67
4c40a1cb703b,0,,0.165,0.67
beb76f9b4149,0,24140.0,0.165,0.67
65a209a46cbc,43,24140.0,0.201,0.598
a03d966afc83,43,24140.0,0.201,0.598
4a1e2646471e,0,25700.0,0.201,0.598
f914e4414668,100,2320.0,0.237,0.525
03b3eed80f95,96,24140.0,0.201,0.598
23a4aeaec603,79,24140.0,0.273,0.453
0f7caedbf892,0,31900.0,0.273,0.453
fadb9bc78177,51,14080.0,0.273,0.453
c276136054eb,28,27400.0,0.273,0.453
1a9fdcbe9349,72,24140.0,0.273,0.453
7a1280d09969,9,20900.0,0.31,0.381
15ec6679e029,5,39300.0,0.31,0.381
e23f97c77b38,0,23200.0,0.31,0.381
beb129cf8a6c,12,,0.346,0.309
379ff286de6f,0,37700.0,0.382,0.237
32df7217ff74,22,,0.382,0.237
a189750f5828,48,22100.0,0.548,0.097
48a8c3126477,98,,0.548,0.097
6723e5dfd13f,34,24020.0,0.579,0.158
20caa6fca6bb,0,,0.579,0.158
584094221dd3,8,,0.579,0.158
3e487ddb2d2c,0,24140.0,0.579,0.158
2391a6643a57,0,,0.612,0.225
0bafc908bd6c,0,,0.643,0.286
ca9ad8d7c68a,35,,0.671,0.341
b3d5997ed461,34,,0.671,0.341
d630d8784dac,86,,0.701,0.402
cea7896c5e44,99,,0.701,0.402
d73ff92989f6,99,24140.0,0.732,0.464
05614ceed4a1,100,24140.0,0.732,0.464
a60c90f0050e,3,21100.0,0.793,0.586
8d0fb2a0e026,1,13700.0,0.793,0.586
0a95c9e7c562,27,27420.0,0.823,0.647
52bd399c96d5,33,24140.0,0.962,0.925
ac3b3eed6618,1,24140.0,0.035,0.931
5ad1f34f62ff,0,24140.0,0.073,0.853
82bc5f4ced17,0,54800.0,0.073,0.853
926f26100888,3,,0.073,0.853
d8d2dc84d726,0,24140.0,0.148,0.703
af97f84d5643,24,,0.148,0.703
d598d1b2f26b,0,30500.0,0.787,0.575
6ea1893ac9fa,13,24140.0,0.223,0.553
af7cd7ca09d0,100,,0.223,0.553
badbe5fe0e44,100,24140.0,0.26,0.481
d9fa35266306,100,24140.0,0.26,0.481
17fbd94e317c,100,24140.0,0.26,0.481
71163714798f,99,24140.0,0.26,0.481
4938d5dafc22,100,24140.0,0.26,0.481
b3c686054f53,100,19900.0,0.296,0.409
32c48a0f9e95,100,15000.0,0.296,0.409
49cbe8de52ce,89,,0.296,0.409
448ec6f3f365,93,17100.0,0.329,0.342
973f795eec03,93,17100.0,0.329,0.342
d99e345a3a79,0,24140.0,0.365,0.27
b626cb841ac4,43,24140.0,0.365,0.27
296b047959a7,100,18800.0,0.643,0.286
3d642dda43d0,100,,0.365,0.27
2574132521f5,79,,0.398,0.203
61ceac7a4ff4,51,24560.0,0.398,0.203
1f7a49e7b48e,77,24140.0,0.398,0.203
06c6f00b021a,7,1980.0,0.429,0.142
100a50beb304,100,,0.429,0.142
d6ab74b8198a,88,,0.462,0.075
c285324d648f,100,12200.0,0.462,0.075
0f1f32b7f160,0,24140.0,0.493,0.014
8c4e5c5fc5b2,0,,0.523,0.047
3bc205548090,100,16160.0,0.554,0.108
5ad48434784a,14,24140.0,0.554,0.108
e7d6c23d0f67,0,24140.0,0.585,0.169
c44c16be06f2,60,13900.0,0.646,0.291
bcc2890b2677,100,30800.0,0.704,0.408
6c8bab95a093,1,,0.704,0.408
d3c52e6aedac,100,,0.735,0.469
b172e9425d76,13,23400.0,0.201,0.598
098cb671f208,13,23400.0,0.201,0.598
51af10ae6a3b,50,18200.0,0.126,0.748
2e28b6da9334,99,14600.0,0.768,0.536
0b233df2d6c6,0,24140.0,0.768,0.536
a040d40e84f1,0,38200.0,0.832,0.664
3f49c7dd6fe7,100,24140.0,0.868,0.736
467bb946aea7,21,24140.0,0.868,0.736
b9a6ed5fe7be,67,,0.868,0.736
d646847dda47,58,,0.868,0.736
c1adb3da5e79,47,23100.0,0.943,0.886
bb85d8f5774e,25,24140.0,0.057,0.886
fe5d0842ce53,0,19300.0,0.057,0.886
1efb3599b684,10,21920.0,0.057,0.886
ab68b8d5d74f,50,15100.0,0.057,0.886
620fc84676e7,100,20300.0,0.096,0.809
29fb28919ad1,27,24140.0,0.096,0.809
bea461b6704c,99,36900.0,0.057,0.886
a5d94a606516,56,,0.096,0.809
b29a795f0dc3,0,29000.0,0.135,0.731
abc0e8652e33,1,24140.0,0.135,0.731
7fb1ca64dd6f,89,24140.0,0.135,0.731
34dab3aecbc0,100,,0.485,0.031
1bba686c328d,29,,0.21,0.581
d409a46cf98d,3,,0.21,0.581
9fd016966d64,86,19400.0,0.246,0.509
9e5ae40664b6,8,27100.0,0.668,0.336
762d0b5f5a4a,0,16000.0,0.637,0.275
1a3798097c8f,7,25300.0,0.054,0.892
c4dd00ce0de3,73,20500.0,0.432,0.136
9a3f6f9ccb42,0,26800.0,0.312,0.375
081a4089522e,0,,0.312,0.375
0533c6afd534,30,24140.0,0.346,0.309
1e0f4a4b8fb0,100,12200.0,0.379,0.242
3de4ac89800d,20,33800.0,0.146,0.709
9244e1b5ec29,0,42700.0,0.098,0.803
e00bb9fedd76,83,22860.0,0.41,0.181
b284147ee06d,1,,0.471,0.059
8f4720716289,0,37500.0,0.532,0.064
66d7b7c96c7c,99,30500.0,0.59,0.18
0300609ab0f2,0,19300.0,0.59,0.18
dd93ea8a3ffd,100,21100.0,0.59,0.18
9e9727f71f5c,3,29200.0,0.59,0.18
a6727694453f,0,24140.0,0.135,0.731
8c108800dff9,96,24140.0,0.621,0.241
9d22764d7420,100,,0.651,0.302
bc82f889da3b,6,37400.0,0.682,0.363
1ebddc225fcf,6,30300.0,0.712,0.425
1a72f198c3d6,55,24140.0,0.146,0.709
957391c36191,83,1880.0,0.668,0.336
f96d5b9645f0,98,24140.0,0.59,0.18
adf99e916434,91,1160.0,0.621,0.241
938faf8d70b7,7,24140.0,0.637,0.275
92408f8378ad,0,24140.0,0.757,0.514
7e39560f4102,0,23000.0,0.201,0.598
ed10dc3a9841,37,,0.757,0.514
8064415027e6,12,16700.0,0.604,0.208
c8cb1d21e401,91,1600.0,0.621,0.241
acba17ceb87a,3,16300.0,0.637,0.275
3196edc2ad98,0,,0.062,0.875
c8eeef40c45e,11,23200.0,0.787,0.575
a21ac5721e31,0,26100.0,0.098,0.803
d63ac14154cd,99,24500.0,0.098,0.803
b130f1c551fe,0,66100.0,0.14,0.72
52a1b3f11a44,0,,0.062,0.875
d32d555a6ed5,0,19500.0,0.643,0.286
86595dd78c63,100,14300.0,0.179,0.642
f16520f302d1,8,29000.0,0.146,0.709
22f485162426,0,40400.0,0.14,0.72
927f356e97ed,0,61900.0,0.14,0.72
6bacdc46a393,100,9340.0,0.712,0.425
0e3646326bf9,0,40400.0,0.14,0.72
47dc2c98d0b3,0,1180.0,0.062,0.875
70b12c7668cf,1,16300.0,0.268,0.464
8384a19354ea,0,26800.0,0.098,0.803
09a668f8acfb,3,14100.0,0.14,0.72
ee4338f6dea0,13,,0.098,0.803
786b8259c9ff,100,18600.0,0.59,0.18
9b08e1bd782f,99,15000.0,0.787,0.575
9136671c08ff,11,23200.0,0.787,0.575
96e3d1e77c56,0,40400.0,0.14,0.72
20f1e2e0c6df,100,200.0,0.815,0.63
60d3e205a4bb,100,24140.0,0.643,0.286
359ed99cd923,1,21900.0,0.14,0.72
d44e0a944f39,0,,0.062,0.875
13a1d3fd91a8,39,42500.0,0.179,0.642
1e0a0efac6f3,0,24140.0,0.098,0.803
edbbfe37dceb,0,24140.0,0.098,0.803
79bb913021eb,0,35800.0,0.14,0.72
aedbe467e4b9,9,19660.0,0.56,0.119
6d87a0bc784d,0,27400.0,0.004,0.992
95d74b387585,0,26800.0,0.098,0.803
081476177741,31,32700.0,0.757,0.514
ffb14482c56b,41,840.0,0.098,0.803
45984096d726,6,20300.0,0.054,0.892
593509b2fa30,10,51800.0,0.098,0.803
9a82e7ab7161,100,420.0,0.532,0.064
31a5d6af5b01,39,35300.0,0.146,0.709
9bec6e0bddb6,0,28900.0,0.098,0.803
c6d8815ef1a5,0,40400.0,0.14,0.72
5c62267ad074,0,27600.0,0.004,0.992
3719c3f72cc9,100,24140.0,0.323,0.353
3c4552240cc4,0,25300.0,0.098,0.803
b45af588996d,90,24140.0,0.41,0.181
59a9e2861f42,94,24140.0,0.982,0.964
88f1c5c2b700,0,40400.0,0.14,0.72
0320ddab2143,13,,0.923,0.847
23ce83e22c6f,42,24140.0,0.146,0.709
306444067393,1,14400.0,0.14,0.72
1b84ff4955b2,0,,0.098,0.803
89610a4c1a6d,0,18220.0,0.765,0.53
d69bc73ab982,98,24140.0,0.59,0.18
9d3d8dc2fdbc,0,24100.0,0.346,0.309
a7a14004221e,98,22500.0,0.287,0.425
172edf4ebfb9,59,13500.0,0.787,0.575
f7b5e3a0f665,8,70200.0,0.14,0.72
5789509ff48b,0,26400.0,0.098,0.803
989fc3ad93f0,0,35900.0,0.787,0.575
f5056418bca8,100,24140.0,0.637,0.275
23e1567608b8,0,24140.0,0.526,0.052
839435dd4490,0,24500.0,0.346,0.309
8e54dc0c93d2,0,24140.0,0.098,0.803
8dc689f3ce3f,21,33000.0,0.146,0.709
51bb156e94e0,100,16600.0,0.685,0.369
f8cf8f2e98e2,4,23200.0,0.14,0.72
76c9a177952f,7,24140.0,0.14,0.72
ed58671eff67,0,47300.0,0.59,0.18
9107e4b1d896,3,14900.0,0.787,0.575
68e2feca460b,0,24000.0,0.423,0.153
0efaed88d3af,9,24140.0,0.757,0.514
3434e7882374,0,24140.0,0.098,0.803
2fb94e0525b2,0,14900.0,0.346,0.309
29230e6fab92,98,24140.0,0.729,0.458
f756e4c99b4f,29,,0.757,0.514
beb9f2bf0e57,4,24140.0,0.637,0.275
c360ec810c04,100,24140.0,0.637,0.275
793de914e110,0,24140.0,0.826,0.652
a78712bd09e1,25,21420.0,0.868,0.736
b590ab610fa8,100,6560.0,0.276,0.448
ab05f5414488,100,16600.0,0.532,0.064
69f534722210,0,24700.0,0.14,0.72
8df99dee92ae,0,27300.0,0.029,0.942
20ce3c0c61ee,66,24140.0,0.746,0.491
cc29fbfd15b8,83,24140.0,0.629,0.258
ecf27fcd3506,53,24140.0,0.204,0.592
1881bdacffa7,2,24140.0,0.171,0.659
fb432e402cdb,32,10800.0,0.746,0.491
a358d33a5c91,2,52900.0,0.098,0.803
c4511a34b5d2,0,24140.0,0.746,0.491
09bb8ab2187b,74,24140.0,0.746,0.491
28f23ab8227e,76,,0.746,0.491
d11d56a5a110,86,9620.0,0.746,0.491
8d195c5b18ff,4,,0.746,0.491
9df75625e191,72,,0.746,0.491
73db7db4ca34,97,24140.0,0.746,0.491
d0942765d992,97,24140.0,0.746,0.491
e2bbffa6d098,88,25780.0,0.746,0.491
7d72712d56ef,77,43300.0,0.746,0.491
61982bf3cbf3,0,29960.0,0.746,0.491
7fc3b08fd9c7,0,4980.0,0.746,0.491
f2b04d0022f2,0,24140.0,0.746,0.491
7fc804c8f637,44,33840.0,0.746,0.491
dfe7691ed460,0,2280.0,0.746,0.491
5feb9a85c9ea,0,440.0,0.746,0.491
02cecc893057,33,20180.0,0.746,0.491
a1f9a63fe1a2,0,15940.0,0.746,0.491
e99a2b64fb6e,53,,0.746,0.491
06ed8953e435,0,7420.0,0.746,0.491
8a3f10f0a937,8,16820.0,0.746,0.491
a07e5e0f8ea0,64,,0.746,0.491
a77f139b3b64,100,20060.0,0.746,0.491
b6926f7705b7,11,29640.0,0.746,0.491
8fb534b5d853,34,36540.0,0.746,0.491
27a0fded7e45,0,,0.746,0.491
a00ff3f6a4d5,9,22520.0,0.746,0.491
558244c63056,9,14780.0,0.746,0.491
91cfad450361,100,24140.0,0.746,0.491
7eda55838f4b,58,38460.0,0.746,0.491
50cb84dcf24f,85,19200.0,0.746,0.491
f1b3015a0637,45,48240.0,0.746,0.491
ee1a0a95c5ca,0,24140.0,0.746,0.491
8b0d81b5c99b,92,5800.0,0.746,0.491
61b7d7ae9ecf,92,5800.0,0.746,0.491
03fda9edd778,92,5800.0,0.746,0.491
6418933d996b,92,5800.0,0.746,0.491
f0533daca85a,92,5800.0,0.746,0.491
0b8f121b4580,98,5800.0,0.746,0.491
9ac2467b838c,98,5800.0,0.746,0.491
1a5a1bb899e6,0,19200.0,0.779,0.558
d8b53cfefee7,92,24140.0,0.746,0.491
2f61c5c05a7c,92,24140.0,0.746,0.491
66bd71a64f7f,7,45200.0,0.746,0.491
1d93ab7adf20,100,16420.0,0.746,0.491
372dca356876,5,53700.0,0.746,0.491
0e5f5fe0cbe4,36,58880.0,0.779,0.558
e2aa6dcf1a4f,0,,0.746,0.491
ce084e703985,53,48580.0,0.746,0.491
87cc52c1a2d6,97,16400.0,0.779,0.558
cf9a926bdbbb,12,58920.0,0.746,0.491
ee3fdea3f826,23,43140.0,0.746,0.491
e9e126eb6caa,95,24140.0,0.812,0.625
967a1a0d432e,0,14400.0,0.848,0.697
063d89cf2dcc,100,21200.0,0.779,0.558
83c51d16b693,73,28600.0,0.779,0.558
30e05fdee782,0,31200.0,0.848,0.697
7a57703aa7b3,0,28000.0,0.848,0.697
15314314a9cb,83,24140.0,0.746,0.491
0f4b81837ffc,65,,0.887,0.775
e2461c7661ba,52,52380.0,0.746,0.491
408ccdfa27f6,84,18640.0,0.887,0.775
fda4f3175a92,7,,0.887,0.775
733f66aedc05,48,720.0,0.923,0.847
a71ae7c9e9a6,35,720.0,0.923,0.847
3afacf814fce,7,,0.887,0.775
e3ae772fb696,0,,0.923,0.847
8121387e5d36,50,10960.0,0.923,0.847
b0f4cc05e94c,100,24140.0,0.923,0.847
206cc2d31bf1,0,17600.0,0.923,0.847
682f5219f0ff,0,,0.923,0.847
b08a80ef78e7,25,16500.0,0.637,0.275
7db0b046ed49,100,200.0,0.432,0.136
a99ccb1ed015,0,28100.0,0.323,0.353
567225e0f7d9,85,,0.923,0.847
753c2a878dfe,0,24140.0,0.993,0.986
60713ebcd3dd,0,14900.0,0.385,0.231
6d9fc97bbf70,0,42900.0,0.629,0.258
ece638689b87,62,6800.0,0.962,0.925
7bf0bede3107,0,23900.0,0.962,0.925
16d957a9185f,0,,0.923,0.847
3062a8f7879a,69,24140.0,0.962,0.925
f1eeced973cc,4,,0.962,0.925
f11a2763ae22,100,27700.0,0.962,0.925
8dd7b1bc6890,36,24140.0,0.001,0.998
752f080d7beb,0,29400.0,0.001,0.998
0860150c152a,61,,0.962,0.925
69801d58f71a,26,24140.0,0.04,0.92
00799e9ca52e,68,,0.923,0.847
0e625685cfd0,0,,0.001,0.998
a42518494dac,29,24140.0,0.04,0.92
afe4eb4f2bfe,29,24140.0,0.079,0.842
9a915777db9f,50,24140.0,0.079,0.842
f0f63aba8db0,8,24140.0,0.079,0.842
ad0d1659f3e4,0,28100.0,0.779,0.558
b93ba5c74bdd,0,28400.0,0.779,0.558
d1f4e083a02b,5,37700.0,0.923,0.847
a77b889c7883,0,28400.0,0.001,0.998
534f6170d41d,30,22100.0,0.118,0.764
e440042cba38,24,24140.0,0.118,0.764
f376fce2e5f2,24,24140.0,0.118,0.764
83ff7becc526,11,13900.0,0.193,0.614
38191d1f8a0e,1,15100.0,0.193,0.614
f4e82701aff4,0,48100.0,0.157,0.686
4cfe559ebc50,100,41200.0,0.226,0.548
c6924eaa69f0,35,24140.0,0.226,0.548
6e240aaf3fd3,100,24140.0,0.226,0.548
0d7585ee22be,95,860.0,0.262,0.475
198d5b4af5ca,0,6520.0,0.326,0.348
809afdcd7fad,0,24140.0,0.326,0.348
c6e91de51254,100,24140.0,0.326,0.348
6f018da3b5cb,2,19200.0,0.118,0.764
e05cd66f1e10,11,15280.0,0.637,0.275
6fb468669279,48,16660.0,0.757,0.514
cd31b97a28c7,100,24140.0,0.387,0.225
c51658442f20,12,32500.0,0.387,0.225
3b8a6c940474,65,32000.0,0.387,0.225
6304bf96227f,12,35400.0,0.387,0.225
09102eb4f054,0,24140.0,0.387,0.225
2005c113bed7,14,24140.0,0.418,0.164
6bb57c2b7b05,99,13160.0,0.418,0.164
0e57c63d996f,93,24140.0,0.448,0.103
572545d9797b,100,32480.0,0.448,0.103
2c8a07d11957,86,24140.0,0.448,0.103
7ed3d7ab2927,17,,0.448,0.103
a7e1f4d49bce,100,29600.0,0.448,0.103
434064bfd8ae,4,,0.448,0.103
a42ba93599e3,67,,0.448,0.103
91ab48390307,44,26680.0,0.448,0.103
431a09b9ff82,1,20920.0,0.448,0.103
f2f7e5d50be8,0,20240.0,0.448,0.103
a8f5a38ecdf1,30,20880.0,0.448,0.103
32768a049a27,48,,0.448,0.103
0cccc50ee7ef,72,,0.448,0.103
0bbdb5e23acf,0,16760.0,0.448,0.103
03720b548560,0,20060.0,0.448,0.103
ce384b04c4e7,36,37460.0,0.476,0.048
069a259955c7,84,,0.476,0.048
4db06a3eb16c,26,,0.476,0.048
b0529b28c11a,96,,0.476,0.048
64514beacad2,13,31300.0,0.476,0.048
28b0d06131fa,5,34640.0,0.476,0.048
79b1f395db27,80,31320.0,0.476,0.048
06213ee56619,16,,0.476,0.048
910b3e2e1b62,33,,0.476,0.048
1f0207cb0f22,36,36200.0,0.476,0.048
ad9c98243626,19,,0.476,0.048
7c5c8a1b4261,85,,0.476,0.048
4e03d88bcc90,4,30920.0,0.476,0.048
3a05b3d6e0e5,15,23440.0,0.448,0.103
1383ba87df2f,1,24140.0,0.476,0.048
7fe4816437c7,0,47900.0,0.507,0.014
87d6334abdc1,40,24140.0,0.507,0.014
a7f58fba0e6b,59,24140.0,0.507,0.014
fbf6aa356cec,0,41000.0,0.537,0.075
7b902a138497,76,43100.0,0.537,0.075
d630d80e1897,0,31800.0,0.537,0.075
903d12111f81,98,,0.448,0.103
652e363e2002,62,,0.507,0.014
80012b3568b4,3,,0.537,0.075
1d8c10554de0,100,25500.0,0.098,0.803
3ff6724ff16f,3,31200.0,0.146,0.709
43bccd95fab9,1,30600.0,0.568,0.136
ed332e228fd9,1,30600.0,0.568,0.136
c0b9f78dfa45,1,30600.0,0.568,0.136
ffa94dce74b4,0,24140.0,0.568,0.136
2788f34dbb6b,0,24140.0,0.598,0.197
3b5bc5551805,12,,0.598,0.197
7d531ba8f978,92,24140.0,0.629,0.258
1ec185d1c9db,0,33300.0,0.662,0.325
bb0e6c753922,0,24140.0,0.662,0.325
cb2e42bfdfbb,98,3920.0,0.662,0.325
13d7eedede3c,0,21000.0,0.165,0.67
ac2dd7e40016,100,24140.0,0.662,0.325
9bdf760d9b7c,0,34900.0,0.696,0.391
f7b02a7346a5,0,,0.696,0.391
2e6ca73e3a66,31,,0.696,0.391
556cf0943d18,64,,0.696,0.391
589613352f55,14,,0.696,0.391
fc44d3cd240a,17,,0.696,0.391
41579cba2c60,15,,0.696,0.391
60d7e6e12b63,16,,0.696,0.391
152cd8fc664e,15,,0.696,0.391
d8b4b71f5de8,0,24140.0,0.729,0.458
b1825b383a7c,0,24140.0,0.729,0.458
e6214f9ca371,0,26000.0,0.729,0.458
ecf4157f8ded,3,24140.0,0.729,0.458
403417e9063e,1,27800.0,0.696,0.391
9dd7f9e15ecb,0,27200.0,0.696,0.391
9364dd2c3360,47,,0.729,0.458
6fdc39c717dc,99,39900.0,0.729,0.458
698f9073230e,6,24140.0,0.762,0.525
104cfe96b25b,100,,0.798,0.597
e5e91d632803,22,24140.0,0.835,0.669
e12c9de5f0ad,15,24140.0,0.835,0.669
584cdb0b1fb6,0,,0.835,0.669
6bb366b3f992,46,,0.835,0.669
690f5c3cc980,0,58800.0,0.871,0.741
aeb0dd72c07a,0,35000.0,0.871,0.741
1a6a2ba33083,7,30200.0,0.871,0.741
b07b7601e7b4,7,30200.0,0.871,0.741
fc732a93afde,6,29800.0,0.871,0.741
926e5c5f2678,6,30500.0,0.871,0.741
eb746181a38f,0,24140.0,0.871,0.741
e3064d937ba5,4,,0.835,0.669
7536e0b1f0d8,0,20900.0,0.729,0.458
f64b230cb1a7,1,19900.0,0.871,0.741
6a2454e55818,0,43600.0,0.91,0.819
5ff5eb081d8a,88,,0.948,0.897
9caf7e90b2ba,88,,0.948,0.897
4f0768db813d,29,16660.0,0.948,0.897
dfe7c3fb136b,1,48600.0,0.987,0.975
e12a288eab65,100,24140.0,0.026,0.948
cc9d91906b9f,100,16300.0,0.065,0.87
12ed38930aba,0,28100.0,0.987,0.975
c8b1a4eb848a,99,24140.0,0.065,0.87
48d9e7fadbe5,100,14500.0,0.137,0.725
35c9f8776270,0,21300.0,0.173,0.653
41a337305f2a,100,60.0,0.823,0.647
c4dee1af73d7,71,17160.0,0.31,0.381
8fcc5219cb42,100,6620.0,0.757,0.514
ecde805d9cce,54,15180.0,0.757,0.514
9e8d86bde77d,100,32760.0,0.746,0.491
d8a1b58abe74,0,51300.0,0.243,0.514
b095e1c330f2,13,,0.243,0.514
c13dc406ce37,0,44400.0,0.273,0.453
d7a59688997e,42,24140.0,0.273,0.453
3b650b578c69,30,24140.0,0.273,0.453
5049ab207567,97,56200.0,0.273,0.453
07fd489e9394,0,27800.0,0.273,0.453
58d409651ae3,100,24140.0,0.273,0.453
efa5cf10fadc,0,3560.0,0.273,0.453
290b49806c58,4,1100.0,0.273,0.453
267c9e134832,100,,0.273,0.453
e211bc43d067,99,46300.0,0.273,0.453
79c37ea37cdb,9,31160.0,0.273,0.453
c4e5cec4d889,0,38740.0,0.273,0.453
15d18206e436,95,38100.0,0.273,0.453
5ba63b6b2714,100,,0.273,0.453
e588b0835566,9,,0.273,0.453
9c696cd19e3a,0,27040.0,0.273,0.453
f18ddd2a2b8b,34,35380.0,0.273,0.453
b0fd55fea999,6,31020.0,0.273,0.453
6cd47ff8f475,40,22340.0,0.273,0.453
6541e97a35ee,91,38120.0,0.273,0.453
ca39ee952ff2,34,15620.0,0.273,0.453
8a40af30ab31,17,34060.0,0.273,0.453
f0cdfd2cc934,5,32540.0,0.273,0.453
7d17bc6ec5e0,62,,0.273,0.453
130b173d1204,24,18640.0,0.273,0.453
d59a20b631b6,2,,0.273,0.453
474f1654168d,13,31280.0,0.273,0.453
54cd608cbece,14,31100.0,0.273,0.453
f52ea486d3c6,62,,0.273,0.453
f924028a09a2,88,33920.0,0.304,0.392
32cf05411f52,100,15200.0,0.304,0.392
c0042e6bea72,30,15100.0,0.273,0.453
c8dc2f592bfa,10,,0.273,0.453
5d3902ae49ea,0,,0.304,0.392
328b1a48bf5e,0,60000.0,0.273,0.453
0b32b064eb1b,0,33500.0,0.365,0.27
9177566f926a,0,24140.0,0.365,0.27
9eb9954d0720,0,24140.0,0.365,0.27
f4b07c542ed5,5,24140.0,0.365,0.27
c2f148303299,5,24140.0,0.365,0.27
5963414f5026,0,520.0,0.365,0.27
cc5e7f914829,58,24140.0,0.365,0.27
835292e2818c,0,36200.0,0.365,0.27
847adb029686,100,33660.0,0.365,0.27
62c526f0bfe1,95,,0.365,0.27
c52cbabda8d1,91,25040.0,0.365,0.27
39eeb79ee710,0,56700.0,0.365,0.27
b733611412f8,99,22060.0,0.365,0.27
0f979a6f9bd5,62,30460.0,0.365,0.27
3e0bf119b416,5,40360.0,0.365,0.27
5c947e22adf6,56,22920.0,0.365,0.27
39677ce5810f,32,25940.0,0.365,0.27
e6099c3a5165,0,29500.0,0.365,0.27
4211b78a4347,0,29660.0,0.365,0.27
b52031f83134,63,20440.0,0.365,0.27
23b228b77856,20,52120.0,0.365,0.27
470d9b4f2016,26,20080.0,0.365,0.27
df66d5afa133,73,24220.0,0.365,0.27
2dc406fbd71c,0,26300.0,0.365,0.27
9cc309fa535d,0,22240.0,0.365,0.27
d9c2d7701571,5,24140.0,0.365,0.27
522c47927a52,48,24140.0,0.396,0.209
090aad188551,99,24140.0,0.365,0.27
f68808907d8a,100,60.0,0.396,0.209
aaae8c1a0e00,36,,0.365,0.27
3c5fe985e268,0,24140.0,0.423,0.153
badde2f2abaf,30,24140.0,0.365,0.27
ba04c8650509,0,24140.0,0.396,0.209
acded445c956,0,25200.0,0.423,0.153
9b8e632b1b93,67,24140.0,0.423,0.153
84d7de2c449f,0,47000.0,0.423,0.153
116552af30a4,46,,0.423,0.153
7fab229e53a7,0,42300.0,0.365,0.27
a81a65e688f5,0,24140.0,0.423,0.153
307475dd835e,0,59200.0,0.579,0.158
0128f83f8437,3,32900.0,0.579,0.158
0b9fd5ec9ba9,0,24140.0,0.579,0.158
99f49dec8b42,7,24140.0,0.579,0.158
7d656a60c2eb,1,31200.0,0.579,0.158
892d13799bb3,23,39520.0,0.579,0.158
268a035c294f,61,24140.0,0.579,0.158
b9c5f91b7ba2,88,68820.0,0.612,0.225
b1373b6242bf,3,43800.0,0.612,0.225
ee8dc362794b,0,51800.0,0.612,0.225
600625835b56,0,40800.0,0.612,0.225
1db1ea8bfa94,43,,0.579,0.158
b64930463454,99,27820.0,0.612,0.225
ee68d3807af6,100,24140.0,0.548,0.097
d9fec86324bd,5,24140.0,0.365,0.27
d365d2be0c4e,0,4000.0,0.746,0.491
4750ce766ca2,63,24140.0,0.107,0.786
3229fc072e62,32,24140.0,0.115,0.77
1752725ccbf8,0,35100.0,0.365,0.27
50f493d774e3,0,41200.0,0.548,0.097
ae4f2f9b9528,73,9020.0,0.646,0.291
f6fcf5f2b08e,0,15100.0,0.748,0.497
6bfd630c3632,100,16100.0,0.748,0.497
f1aa3a5fd9fb,100,200.0,0.785,0.569
bf2aa9cb7d33,0,40000.0,0.785,0.569
49504747dd86,100,24140.0,0.785,0.569
073cf4e904bf,100,,0.715,0.43
cb16faa80c4e,100,,0.612,0.225
d1e7272b5338,6,,0.579,0.158
60cdbaff3184,0,45500.0,0.423,0.153
ac6aee83d9c0,86,24140.0,0.785,0.569
9c6035e727e5,0,24140.0,0.785,0.569
0c45b0d90ab9,97,21060.0,0.785,0.569
da4e818b0dc4,96,24140.0,0.785,0.569
9e1017cc395b,62,24140.0,0.785,0.569
7eba619fdb79,5,,0.785,0.569
28b2305e3265,91,22040.0,0.785,0.569
f7d15660b68c,91,23020.0,0.785,0.569
b22899e0a9d5,78,10380.0,0.785,0.569
bc1f103fecc6,85,24320.0,0.785,0.569
d463923b4292,52,,0.785,0.569
00b0748a96a9,1,24140.0,0.821,0.641
4a4b250022eb,4,19100.0,0.821,0.641
1abc26f38f07,91,,0.821,0.641
29cf1b59c2e5,2,24140.0,0.821,0.641
b9e7cbd09045,3,24140.0,0.821,0.641
ae439693402c,100,3960.0,0.785,0.569
9f85c2913e0b,31,,0.86,0.719
98a4d4b28407,1,20000.0,0.898,0.797
aa808212ea4d,95,24140.0,0.898,0.797
95cb1ce7d69d,63,24140.0,0.898,0.797
7ce9bbe8923b,100,8940.0,0.898,0.797
91c3e0531be8,70,,0.898,0.797
322cec64b5e8,96,11960.0,0.898,0.797
ab442c3c6ca9,98,21740.0,0.935,0.869
3dc4a02f7115,8,32200.0,0.935,0.869
710588899662,31,24140.0,0.898,0.797
923ad3858cb0,52,80700.0,0.973,0.947
330791021d01,0,34600.0,0.935,0.869
b9a75a863150,97,24140.0,0.048,0.903
e17ded552048,82,24140.0,0.085,0.831
44af9f4d8feb,0,25500.0,0.085,0.831
ae45ce97a21b,0,43700.0,0.085,0.831
418d32083909,0,43700.0,0.085,0.831
63c905cf7abd,0,25900.0,0.085,0.831
968a88aae258,85,24140.0,0.085,0.831
724668af8097,13,24140.0,0.085,0.831
b57f672868a4,2,58400.0,0.085,0.831
8bbba80a7b04,100,24140.0,0.085,0.831
946aa14c5ae3,100,24140.0,0.085,0.831
d1734b4b0a62,58,24140.0,0.085,0.831
512f1f1acf27,0,24140.0,0.085,0.831
7dc3524b2daf,68,24140.0,0.085,0.831
ba911f0f65ba,61,24140.0,0.085,0.831
e4c8d323916f,15,24860.0,0.085,0.831
f88374129ca8,20,24800.0,0.085,0.831
97d9d87aecc2,72,21980.0,0.085,0.831
09065bf5a081,32,24140.0,0.085,0.831
6e45ee20c2de,44,24140.0,0.085,0.831
abe1ad467376,25,,0.085,0.831
83b64fa867ac,74,24160.0,0.085,0.831
38d2ae62b539,67,32280.0,0.085,0.831
03d65940a7f4,42,24140.0,0.085,0.831
06e71086ff58,100,24140.0,0.085,0.831
bf7496371457,99,24140.0,0.085,0.831
8ce230f88901,100,24140.0,0.085,0.831
494dafd90e86,49,24140.0,0.085,0.831
ffc0185cf65f,1,24140.0,0.085,0.831
cfa3d7c75c26,97,,0.085,0.831
9aa691ea5014,72,39920.0,0.085,0.831
057cfa467f21,9,23440.0,0.085,0.831
b1692e4127aa,55,27700.0,0.085,0.831
6506c6b1d655,0,24140.0,0.085,0.831
5f63957ae288,100,24140.0,0.085,0.831
2728a13851e4,100,24140.0,0.085,0.831
2b21b1074a1c,77,17860.0,0.085,0.831
5b2bd870a6cc,74,,0.085,0.831
ed2e9cf27b37,98,24100.0,0.085,0.831
56ace0c501c7,32,22220.0,0.085,0.831
f2d806a59c98,0,26420.0,0.085,0.831
d80a09f3a992,0,24140.0,0.085,0.831
fe7fa3c75fce,0,24140.0,0.085,0.831
2a734f18435c,28,24140.0,0.085,0.831
7e3033cf48f4,44,24140.0,0.085,0.831
8eeb65f17f2f,10,34000.0,0.085,0.831
8f59d7301406,9,29240.0,0.085,0.831
3821fd84ddea,53,24640.0,0.085,0.831
63bfea58942e,0,26140.0,0.085,0.831
dd92ff765550,0,27320.0,0.085,0.831
5cb7760cbc32,20,24140.0,0.085,0.831
5e8da4fee6f4,0,22020.0,0.085,0.831
093e068754a5,48,30580.0,0.085,0.831
95ace9fb76ce,71,22780.0,0.085,0.831
718fbbc30395,91,24140.0,0.085,0.831
292d6533f50e,35,24140.0,0.085,0.831
4e80233dd7ec,8,24140.0,0.085,0.831
01e9b44811d0,40,24140.0,0.085,0.831
1cd35d590830,70,,0.085,0.831
697ca0e20f1d,38,21680.0,0.085,0.831
daf599516793,34,34680.0,0.085,0.831
64391a7a3259,8,26960.0,0.085,0.831
45f971726477,56,27760.0,0.085,0.831
1f3ca1f725ac,20,18680.0,0.085,0.831
4b998b29665e,6,24440.0,0.085,0.831
56f234f9b885,38,24140.0,0.085,0.831
17b07fdce838,65,13840.0,0.085,0.831
df72f9b5f021,100,24140.0,0.085,0.831
0f5b251091d7,100,24140.0,0.085,0.831
de49b571f512,44,30680.0,0.085,0.831
40608f6e28ab,95,23500.0,0.085,0.831
193212b3d163,76,5260.0,0.085,0.831
4ef0d4f2a04f,3,24140.0,0.085,0.831
4468dba9f2c5,100,24140.0,0.085,0.831
aec355e8a52e,2,25380.0,0.085,0.831
7575429a5bf8,19,27100.0,0.085,0.831
604569941237,5,19940.0,0.085,0.831
2a25cc9622d7,79,18440.0,0.085,0.831
8a3930ad2368,2,25380.0,0.085,0.831
6ffa78d4d765,23,24260.0,0.085,0.831
8b2b3f443181,42,24140.0,0.085,0.831
1d2d44352cde,8,23840.0,0.085,0.831
8e81b42ae6de,77,24440.0,0.085,0.831
a46816b2e6e8,3,27860.0,0.085,0.831
bdf09ac58da9,28,24140.0,0.085,0.831
c1465368cab4,69,24580.0,0.085,0.831
3439b33b2091,50,23600.0,0.085,0.831
c0e45f155851,0,24140.0,0.085,0.831
b383bad3f274,5,40320.0,0.085,0.831
cd611f5ff30a,56,16580.0,0.085,0.831
a16d85f5ebe2,39,18340.0,0.085,0.831
062f7d4ceb0a,11,,0.085,0.831
5efbb372a780,15,15580.0,0.085,0.831
ecc2545893e6,84,24140.0,0.085,0.831
1e0c1c0d4a22,77,29560.0,0.085,0.831
964b0500120b,7,20100.0,0.085,0.831
c456ca3dcd50,0,24140.0,0.085,0.831
19b0975a65f3,73,17280.0,0.085,0.831
504d53e1f87a,59,9260.0,0.085,0.831
6341215c0172,0,24140.0,0.085,0.831
03c99b45f2cc,38,28500.0,0.085,0.831
5d0dad8ae488,100,26920.0,0.085,0.831
3265dcf4b4b1,100,26100.0,0.085,0.831
3d815c96c7b3,16,31760.0,0.085,0.831
b1ebc1016d24,95,17500.0,0.085,0.831
9fac1ff1f667,59,40660.0,0.085,0.831
4929b14691bc,100,24140.0,0.085,0.831
01c22ab9177a,17,24140.0,0.085,0.831
05b67f9bba7f,0,24140.0,0.085,0.831
e5e60391a255,14,32080.0,0.085,0.831
082ecf237342,32,22180.0,0.085,0.831
62ce4e383f54,100,,0.085,0.831
0c794b1babc1,5,34520.0,0.085,0.831
da19df163728,4,19620.0,0.085,0.831
c0bc4d1d212c,3,20200.0,0.085,0.831
4d888d66985b,81,24140.0,0.085,0.831
8c10f1a7ad39,96,,0.085,0.831
55bd0a9218dd,48,10620.0,0.085,0.831
acb102b27034,87,24140.0,0.085,0.831
e5a41b0efdf8,27,25900.0,0.085,0.831
809cf3f118f0,0,24140.0,0.085,0.831
cdc0fcee2989,5,19940.0,0.085,0.831
95e2b8656f93,32,24140.0,0.085,0.831
66a4224b8ac6,11,24140.0,0.085,0.831
4202ed9f786e,97,26280.0,0.085,0.831
7fe300c99d60,10,24140.0,0.085,0.831
61620715a81b,67,28320.0,0.085,0.831
ade7d7273efb,5,26560.0,0.085,0.831
4aa7d1c594cb,48,27800.0,0.085,0.831
a0d87577f6c4,0,28680.0,0.085,0.831
4aeec2d07746,8,19780.0,0.085,0.831
a83f100bab2d,0,32200.0,0.085,0.831
c8d0f82b5208,100,24140.0,0.085,0.831
5d84d6c92880,0,28740.0,0.085,0.831
8649d6afde35,100,24140.0,0.085,0.831
f6ae62929307,0,30600.0,0.085,0.831
4ab99cb431a6,5,32880.0,0.085,0.831
a4dc136a6f09,30,36220.0,0.085,0.831
d7f2e7b17719,16,23220.0,0.085,0.831
a3594441e9c3,17,24140.0,0.085,0.831
82aa8104af31,44,12640.0,0.085,0.831
c7379ba8633f,15,21480.0,0.085,0.831
2a17ee2f88e1,77,24440.0,0.085,0.831
fbf68f3bbda6,44,26300.0,0.085,0.831
722637e556fa,0,29340.0,0.085,0.831
d221914d7dd5,9,24880.0,0.085,0.831
3eabe1b2b08e,51,24140.0,0.085,0.831
f210324371cc,29,26020.0,0.085,0.831
f1c2b9932612,6,24140.0,0.085,0.831
70f03703c5a6,30,30140.0,0.085,0.831
9360bfab1e81,94,33420.0,0.085,0.831
1fcfcd1fcc1e,57,27380.0,0.085,0.831
40fbeee8ee49,0,20340.0,0.085,0.831
824c982116cf,94,12280.0,0.085,0.831
dd1726cb639e,45,40160.0,0.085,0.831
75f3bf1bf934,23,29420.0,0.085,0.831
77115ce29001,85,9520.0,0.085,0.831
6c418ba66760,2,25640.0,0.085,0.831
f1ddf0ee2e00,0,23220.0,0.085,0.831
b37c53a454a6,54,24140.0,0.085,0.831
fbb5a90be47d,64,24980.0,0.085,0.831
08e2192a60ab,45,28860.0,0.085,0.831
1b9282e7cceb,67,19480.0,0.085,0.831
501e6eeeb4da,97,15460.0,0.085,0.831
b1daafb2621b,20,33760.0,0.085,0.831
07dce94d5a5f,1,,0.085,0.831
fc4947e2a323,70,23880.0,0.085,0.831
91f954a3fee6,91,18240.0,0.085,0.831
b9b19fd07ec9,34,31960.0,0.085,0.831
2e19924ec7db,57,19080.0,0.085,0.831
628736d32dc4,6,26700.0,0.085,0.831
a440126a4027,19,25420.0,0.085,0.831
830707a8b78a,25,24460.0,0.085,0.831
880df9320e12,0,27440.0,0.085,0.831
360a9d077597,0,31780.0,0.085,0.831
108140a42d36,16,24360.0,0.085,0.831
11a8e8f95ee5,100,25100.0,0.085,0.831
a252c7c4d53b,91,20840.0,0.085,0.831
977a48d84e55,33,,0.085,0.831
e6abedba6d72,71,22200.0,0.085,0.831
cf64c7517647,0,31660.0,0.085,0.831
ee1887f0c3f2,52,24020.0,0.085,0.831
f55f1263c1f7,55,24140.0,0.085,0.831
e41013509102,34,,0.085,0.831
49893023286f,42,,0.085,0.831
626ad9880ee5,69,28020.0,0.085,0.831
9085503b7b60,23,22360.0,0.085,0.831
50574660d587,3,22800.0,0.085,0.831
a56099853520,16,23620.0,0.085,0.831
9fd3a060771c,3,22800.0,0.085,0.831
048ed2aae8f0,9,7600.0,0.085,0.831
980ddbc0218a,7,13260.0,0.085,0.831
2c1b1c62058e,7,14040.0,0.085,0.831
5e8131858e0b,55,28060.0,0.085,0.831
502ccedc63e7,100,24140.0,0.085,0.831
060f60cc9f4c,11,23300.0,0.085,0.831
4fe93abf5cd9,83,15920.0,0.085,0.831
8082536f57bc,100,25280.0,0.085,0.831
f2e3800ab494,91,21940.0,0.085,0.831
5d87798bc529,1,29060.0,0.085,0.831
2755eda10772,100,25160.0,0.085,0.831
6faab0f6eb1c,8,24240.0,0.085,0.831
37a3518f90e9,100,24900.0,0.085,0.831
797c5d34731e,63,26920.0,0.085,0.831
ec2bc2d90f31,0,32700.0,0.085,0.831
911e7d1b1d8d,2,,0.085,0.831
62bd955b5514,98,12900.0,0.085,0.831
ab52231d2eac,95,16300.0,0.085,0.831
fcb51b4e8cfc,0,29580.0,0.085,0.831
aa196f059bcf,6,32660.0,0.085,0.831
cbb382729e59,7,31140.0,0.085,0.831
80050c593f6f,29,,0.085,0.831
c1cc142533a1,49,21540.0,0.085,0.831
d81eb507c118,0,24020.0,0.085,0.831
1bbe1163646e,12,47900.0,0.085,0.831
c8f8236e3bce,88,16000.0,0.085,0.831
2fd87b6cea58,0,22020.0,0.085,0.831
61345c893a99,21,16120.0,0.085,0.831
24f623eb9aa2,97,24460.0,0.085,0.831
ac905c5a0bdf,98,28140.0,0.085,0.831
7e3fdcb936ec,64,25440.0,0.085,0.831
b420ecac07c7,0,24140.0,0.085,0.831
12e901e76fe0,0,25080.0,0.085,0.831
e143851bedf0,0,14060.0,0.085,0.831
64cb69e0ba87,23,15160.0,0.085,0.831
bffddf2d60c8,33,15700.0,0.085,0.831
d0a5d11cb096,13,26020.0,0.085,0.831
ac2c113d11e5,0,25640.0,0.085,0.831
d752a263b035,19,28100.0,0.085,0.831
b1243eea7546,94,16760.0,0.085,0.831
0ea63b687e37,41,29620.0,0.085,0.831
758b44237629,80,,0.085,0.831
deb1eaeacdee,2,28420.0,0.085,0.831
0a589c2f0c75,7,20820.0,0.085,0.831
312ab5334e7f,42,29260.0,0.085,0.831
c932c76697a4,64,23220.0,0.085,0.831
f007c4162639,27,24160.0,0.085,0.831
71771998785a,64,,0.121,0.759
a5524aa6a783,97,16060.0,0.085,0.831
1aceab55ea5e,23,24040.0,0.085,0.831
caf97805a4bf,100,24140.0,0.085,0.831
598827551a4c,2,14700.0,0.085,0.831
dd3ed3a5482e,16,25240.0,0.085,0.831
695c7f908781,0,25020.0,0.085,0.831
9243077ec733,0,24140.0,0.085,0.831
c2d232d74594,100,24000.0,0.085,0.831
f9981d9a903f,95,9580.0,0.085,0.831
97cfd36fba0f,1,23220.0,0.085,0.831
5287c53fd434,45,21440.0,0.085,0.831
744f6bfa16d1,30,23900.0,0.085,0.831
21ee3f9212d8,12,14540.0,0.085,0.831
bd3de7bc9362,9,24140.0,0.085,0.831
26bfa9428ab1,58,24140.0,0.085,0.831
08d92820b9b8,31,25660.0,0.085,0.831
8b0b3848348f,94,28120.0,0.085,0.831
5b7a8fb8aebe,18,25020.0,0.085,0.831
f1b32a2dec23,21,25920.0,0.085,0.831
842be133dbdf,0,27740.0,0.085,0.831
6809ecfe5577,36,26740.0,0.085,0.831
0a38b1449fd2,49,,0.085,0.831
f2ab0fa33be3,7,28920.0,0.085,0.831
449dbe3f3a8a,51,,0.085,0.831
176eb95aaec8,11,33020.0,0.085,0.831
2819bcdb1490,5,,0.085,0.831
08c2f2cc1119,73,32760.0,0.085,0.831
9128356f03ee,0,24140.0,0.085,0.831
16953feacfcf,0,25520.0,0.085,0.831
f1d4f3d9b977,1,27780.0,0.085,0.831
2c4ae3b8b96b,2,13520.0,0.085,0.831
b22f98fe3cb4,78,29320.0,0.085,0.831
78199d2bf33a,39,25960.0,0.085,0.831
603b1123178f,92,27440.0,0.085,0.831
5cd4223cf125,73,32760.0,0.085,0.831
2a824ad8178b,0,27000.0,0.085,0.831
1a4012cffa9c,27,27040.0,0.085,0.831
450c2c6b5c40,70,19660.0,0.085,0.831
884684fa6fea,77,20480.0,0.085,0.831
2131ccd01ec4,0,28120.0,0.085,0.831
5f4c1492f012,94,10140.0,0.085,0.831
0032ce69476d,7,24140.0,0.085,0.831
7d83eb6e2830,79,,0.085,0.831
2248da7a5567,0,24140.0,0.085,0.831
0a09907ad307,100,23380.0,0.085,0.831
7879bd5720d8,0,22040.0,0.085,0.831
ff804f0de6f6,31,21060.0,0.085,0.831
c89076381043,100,24660.0,0.085,0.831
0a4b67a965d3,34,,0.085,0.831
61434c29d656,100,23700.0,0.085,0.831
3401254c8229,0,22480.0,0.085,0.831
f9c361811398,21,16120.0,0.085,0.831
350569849d07,34,28960.0,0.085,0.831
9e7e1c37a6f7,85,20660.0,0.085,0.831
baca2d99a829,3,,0.085,0.831
56089dcfee2b,0,24140.0,0.085,0.831
1dcee0af11f2,94,24140.0,0.085,0.831
dd3efed267f3,8,19860.0,0.085,0.831
c07951bfa2cd,100,24520.0,0.085,0.831
d774ed0ae978,94,24620.0,0.085,0.831
c75faa125c03,78,28520.0,0.085,0.831
5b00b60f8375,100,23380.0,0.085,0.831
d5d36cb6b070,80,20220.0,0.085,0.831
e08ec6f1ba0f,80,16400.0,0.085,0.831
974e3a67a092,100,,0.085,0.831
e1874b116d45,0,32100.0,0.085,0.831
5acb640b2910,95,34180.0,0.085,0.831
3a261ffcf5c7,0,19660.0,0.085,0.831
b9335d3614d4,0,25900.0,0.085,0.831
6f9dc9109209,18,24140.0,0.085,0.831
96e76eaf2248,0,33120.0,0.085,0.831
c2ecc1ce63ee,17,33040.0,0.085,0.831
e3dcc271b95b,63,28840.0,0.085,0.831
7c9355c61657,35,21580.0,0.085,0.831
f39347b2f934,25,25320.0,0.085,0.831
25303f44463b,20,24400.0,0.085,0.831
f5bdc5bcbce1,3,30380.0,0.085,0.831
d4e8b95f6a1d,91,24260.0,0.085,0.831
0255c68768d5,0,24160.0,0.085,0.831
a2a099191076,0,23880.0,0.085,0.831
db4b7ff8a11a,52,24140.0,0.085,0.831
fe6ed2576709,3,14920.0,0.085,0.831
45f8f3a5a21d,90,23380.0,0.085,0.831
df93965ec4d5,27,23080.0,0.085,0.831
6555929c0956,13,17480.0,0.085,0.831
4d513b521dcf,0,34080.0,0.085,0.831
dd478fef3f11,0,30320.0,0.085,0.831
ee01b2971341,0,31760.0,0.085,0.831
f3ba1b5975da,57,28260.0,0.085,0.831
512f46a31bbe,45,16620.0,0.085,0.831
1789ba6fa56d,86,27560.0,0.085,0.831
f42caff9ba9a,0,23860.0,0.085,0.831
103d90093e6e,98,26860.0,0.085,0.831
9560efbabc1b,63,28060.0,0.085,0.831
afa4361dca3b,0,26000.0,0.085,0.831
5c5ea0d995c5,5,16280.0,0.085,0.831
41baceee366b,5,21380.0,0.085,0.831
9f55e6587e14,0,22020.0,0.085,0.831
f7d63c4f56fe,0,29900.0,0.085,0.831
07f907ec1612,0,19560.0,0.085,0.831
55ef45b54747,0,30320.0,0.085,0.831
1a59126c613b,8,17980.0,0.085,0.831
277c51af8e11,27,28580.0,0.085,0.831
f09faf9b0c2a,34,20560.0,0.085,0.831
d9a64ef41eef,60,26220.0,0.085,0.831
b7cffdb1367a,80,18120.0,0.085,0.831
f5a1eef6277a,94,9100.0,0.085,0.831
483bb57878dd,0,19440.0,0.085,0.831
d56f8c2e0e56,74,23560.0,0.085,0.831
197069d5b0cc,0,12680.0,0.085,0.831
5610a08b838c,1,20880.0,0.085,0.831
fccdf08339d6,59,22780.0,0.085,0.831
9603c9710e72,38,24620.0,0.085,0.831
1fc4e52126e2,39,27920.0,0.085,0.831
f3b2e074c701,2,26920.0,0.085,0.831
5db7529281ff,63,22020.0,0.085,0.831
912bef2641e9,0,23320.0,0.085,0.831
28066aa6d8a6,29,25040.0,0.085,0.831
badc65b4a74e,5,27980.0,0.085,0.831
04dd622fa61e,95,15080.0,0.085,0.831
1fe21fecd9d8,33,29880.0,0.085,0.831
79e02b3e3cae,55,30560.0,0.085,0.831
c72b9f088c4e,1,22300.0,0.085,0.831
f11e6d6736f2,39,29400.0,0.085,0.831
f9adb3f96915,100,25120.0,0.085,0.831
b312295fbd07,38,27520.0,0.085,0.831
beca59175fc9,88,14380.0,0.085,0.831
1e77f4933c28,38,27520.0,0.085,0.831
74f59c6a80b7,67,23220.0,0.085,0.831
1cc2f9ef2017,0,29880.0,0.085,0.831
98eb50f5b349,79,28660.0,0.085,0.831
451bde0dde0e,54,19380.0,0.085,0.831
a2cfd181b9dd,20,23900.0,0.085,0.831
56c7dfc2d923,19,19320.0,0.085,0.831
39854729d335,100,7180.0,0.085,0.831
412fc62b3921,86,12400.0,0.085,0.831
3e19b56ff424,5,17200.0,0.085,0.831
e64ea606bb03,97,13260.0,0.085,0.831
dd9d5e88b088,97,13260.0,0.085,0.831
384a05df7007,12,27220.0,0.085,0.831
a1c7beb1f454,0,33760.0,0.085,0.831
fa25988e5b8f,89,9140.0,0.085,0.831
88da6411f4e6,2,31540.0,0.085,0.831
5dad50e9ba32,70,25500.0,0.085,0.831
2859e9b7a034,15,26380.0,0.085,0.831
e490c661a488,58,25620.0,0.085,0.831
a45d5c41d6e2,98,23260.0,0.085,0.831
1da36ff09e50,30,15720.0,0.085,0.831
662c0f4aa294,0,33780.0,0.085,0.831
5ef4669f6af6,0,17860.0,0.085,0.831
d7685be893f7,27,27240.0,0.085,0.831
2d4e0d70d069,54,17920.0,0.085,0.831
94fdb59e7e68,57,28260.0,0.085,0.831
552e9bbb8e6f,0,27680.0,0.085,0.831
0dc93e1f640b,0,24300.0,0.085,0.831
940b2f7e32b1,9,28640.0,0.085,0.831
9b7254ba6116,80,19160.0,0.085,0.831
79f39b7ccb6e,11,,0.085,0.831
0cda9c1674fa,0,24860.0,0.085,0.831
b16dccc4ccc8,87,6160.0,0.085,0.831
c4d99f3e36b3,5,26380.0,0.085,0.831
9346eb6993cb,95,20860.0,0.085,0.831
ac3ccf5e2d45,84,24340.0,0.085,0.831
0c1fe0723f49,33,24760.0,0.085,0.831
e356fb0d747c,2,24140.0,0.085,0.831
376eaadd9e96,73,16360.0,0.085,0.831
a5beb6b13478,0,20460.0,0.085,0.831
9dc4afb83ae5,57,28260.0,0.085,0.831
79e9ec6ebc9d,100,,0.085,0.831
349561410b04,0,27520.0,0.085,0.831
e4289f7c6a57,0,26900.0,0.085,0.831
cb7b365161a0,0,18500.0,0.085,0.831
d08a1eef32a5,32,26140.0,0.085,0.831
2f2ef01f494e,3,26980.0,0.085,0.831
3c4c6f18383e,82,20660.0,0.085,0.831
a7d717f525ce,48,23940.0,0.085,0.831
602d2e332b25,28,21560.0,0.085,0.831
5e6927681b55,74,22560.0,0.085,0.831
0181c10fca7e,19,24620.0,0.085,0.831
c322ffa4fa5b,2,20440.0,0.085,0.831
829219263db8,43,20260.0,0.085,0.831
ee0ea977132d,38,22440.0,0.085,0.831
29ce37da6b34,20,4620.0,0.085,0.831
0b700430f4dc,26,25900.0,0.085,0.831
be5299bf9c01,0,24140.0,0.085,0.831
56e3aaee8412,91,10020.0,0.085,0.831
c534f9faf781,0,23860.0,0.085,0.831
95f11beca59c,38,20500.0,0.085,0.831
f81be9654a41,13,26320.0,0.085,0.831
3530696d4cc5,33,30180.0,0.085,0.831
c1f014c4229d,91,22960.0,0.085,0.831
29bee38c8683,91,25620.0,0.085,0.831
cd84d1e580a5,0,27460.0,0.085,0.831
e2b8832de3d2,0,31240.0,0.085,0.831
714a4462b525,0,24980.0,0.085,0.831
5050143782ee,43,16360.0,0.085,0.831
ac4f48adfd0e,95,24420.0,0.085,0.831
83da62ee9cfa,33,25080.0,0.085,0.831
b75cfc6f1a11,35,19760.0,0.085,0.831
cf3ab27dcd46,0,23680.0,0.085,0.831
92cd1207dbf8,1,24140.0,0.085,0.831
46e29c985518,83,7120.0,0.085,0.831
73ec094f58d6,0,24140.0,0.085,0.831
e4ee3450c46e,81,17960.0,0.085,0.831
58a42fd555c3,6,18840.0,0.085,0.831
449566fb97aa,16,20840.0,0.085,0.831
b14ff185385d,10,24680.0,0.085,0.831
ae2cabdce42b,17,18340.0,0.085,0.831
9065ee035e74,6,15400.0,0.085,0.831
12e209dcd963,0,27160.0,0.085,0.831
a00edd15bb38,99,24140.0,0.121,0.759
205f3b22bfc4,24,23520.0,0.085,0.831
c589ea03c4fc,97,15140.0,0.085,0.831
6870882cf51e,41,27380.0,0.085,0.831
2dcbb07fff18,0,32220.0,0.085,0.831
26ae6a4cd9b6,6,24140.0,0.085,0.831
d21488b40001,9,26380.0,0.085,0.831
e7cf8717016a,0,21460.0,0.085,0.831
1ea8ded0dc7f,0,29980.0,0.085,0.831
858e79d55b36,34,15240.0,0.085,0.831
d79eeedeef53,24,16380.0,0.085,0.831
ac3eedf06648,2,19980.0,0.085,0.831
0f40aa3cdc71,16,22780.0,0.085,0.831
cf7b62e81cae,1,34420.0,0.085,0.831
2074932ae0ca,95,8520.0,0.085,0.831
8c3f778cef2c,93,6660.0,0.085,0.831
65009a23e9cc,12,34520.0,0.085,0.831
ed0986d5042c,0,24140.0,0.085,0.831
e7caa31a698b,0,22820.0,0.085,0.831
1600af45c46a,38,21840.0,0.085,0.831
64b35b3aacb1,20,14500.0,0.085,0.831
00be57291970,18,18320.0,0.085,0.831
fd0336e413e2,100,25040.0,0.085,0.831
5763268878ac,0,26360.0,0.085,0.831
3bf8c88e0e80,35,,0.085,0.831
dfa9b310a3b5,100,25120.0,0.085,0.831
e1d39d75b5f0,35,23200.0,0.085,0.831
e6aa6c8a4633,30,9120.0,0.085,0.831
e180fbbe8326,30,11700.0,0.085,0.831
2520ec172a11,5,25900.0,0.085,0.831
606af5d40dcf,0,18540.0,0.085,0.831
b43f1e41294d,3,14760.0,0.085,0.831
525a9588ebc7,11,24140.0,0.085,0.831
82f4e89f7c44,2,30000.0,0.085,0.831
781d6327392d,15,23060.0,0.085,0.831
1e69a91869a6,0,24140.0,0.085,0.831
2d1f58cd2e6f,8,23380.0,0.085,0.831
2a464478ee8a,0,41020.0,0.085,0.831
9546ce220733,60,24140.0,0.085,0.831
424eb5373d6e,4,25640.0,0.085,0.831
8b4439351600,0,25140.0,0.085,0.831
a557c5ced4e4,46,26000.0,0.085,0.831
3a6a3c9be15e,63,12640.0,0.121,0.759
e3d758f2ae9b,8,16180.0,0.085,0.831
4de73020d27b,100,7140.0,0.085,0.831
647c47531840,56,18520.0,0.085,0.831
343a819b4e65,24,22000.0,0.085,0.831
27f3f1bc53dc,2,27760.0,0.085,0.831
916a21da5e88,31,9040.0,0.085,0.831
5a5d9ad9898b,10,31920.0,0.085,0.831
14cdfdde1c08,13,28000.0,0.085,0.831
a9d8c011feff,95,7880.0,0.085,0.831
45bb17ce8336,85,15240.0,0.085,0.831
65a8a881cf7e,51,26480.0,0.085,0.831
04d5b589aa42,30,11200.0,0.085,0.831
9f7f6c93168e,54,20580.0,0.085,0.831
8d4c72c35196,35,,0.085,0.831
8d72120683a2,3,24820.0,0.085,0.831
7498b2399456,0,6400.0,0.085,0.831
525bf21be835,31,10760.0,0.085,0.831
d7b2c57462d8,16,15340.0,0.085,0.831
9edbb810f16a,98,8940.0,0.085,0.831
34f99b567cdc,0,26720.0,0.085,0.831
ef1b27799c06,77,18500.0,0.121,0.759
0d07733b095f,0,9300.0,0.085,0.831
51300692f67d,0,18160.0,0.085,0.831
4ef8c27785a5,1,26660.0,0.085,0.831
dc48ae001bf9,74,26120.0,0.085,0.831
7ae5f816c112,17,29720.0,0.085,0.831
6ea1b4583d82,89,27460.0,0.085,0.831
a6733fbc48bf,83,21340.0,0.085,0.831
1b3ced1fee91,31,28980.0,0.085,0.831
8070319c6f3f,0,12300.0,0.085,0.831
0d986558a6a0,69,24180.0,0.085,0.831
3fe185c07ad0,16,26940.0,0.085,0.831
91d657351b35,70,23540.0,0.085,0.831
68d77464102b,100,24140.0,0.085,0.831
9e27d1507603,74,26820.0,0.085,0.831
6443c1be414d,12,5500.0,0.085,0.831
aff16372b66c,27,13580.0,0.085,0.831
e97cca7f301b,0,30760.0,0.085,0.831
8ce7e49efe0b,71,14660.0,0.085,0.831
58066b040aa4,100,26480.0,0.085,0.831
4ccf10f8e28a,0,16700.0,0.085,0.831
cb0fb0feecb3,4,25640.0,0.085,0.831
d390d01561be,24,26940.0,0.085,0.831
9b23080b7627,0,31160.0,0.085,0.831
cd61bb6f4906,12,29800.0,0.085,0.831
ff63bd3c7be5,0,24140.0,0.085,0.831
a0564f06efbf,16,21300.0,0.085,0.831
e3fa04b1f840,98,23820.0,0.121,0.759
1c209805d881,1,26980.0,0.085,0.831
3ccedd0146e9,0,23460.0,0.085,0.831
7696014df444,3,19580.0,0.085,0.831
49e312a89136,92,12320.0,0.121,0.759
e7ae216d1403,89,22680.0,0.085,0.831
67f1a3f7d6ad,9,6880.0,0.085,0.831
53eacab5cb54,0,24140.0,0.085,0.831
fa0c971c9171,61,20940.0,0.085,0.831
634c6f24b961,0,22160.0,0.121,0.759
698bb2870e2c,31,30760.0,0.085,0.831
c10af35ec372,100,17480.0,0.121,0.759
2c4fd4d27656,16,19400.0,0.085,0.831
9dddda6079d1,16,21360.0,0.085,0.831
3211097d6b72,27,23080.0,0.085,0.831
4d051c843ac5,42,,0.085,0.831
4552bec7afb0,12,24140.0,0.085,0.831
605830852a78,32,14880.0,0.085,0.831
59c0c8667302,1,35700.0,0.085,0.831
bca0acd8652d,48,22340.0,0.121,0.759
4281a0acfec5,0,26140.0,0.085,0.831
358d98c40fc8,4,29280.0,0.085,0.831
985a5b4afd23,34,20900.0,0.121,0.759
b6780de5593c,13,15860.0,0.121,0.759
f857bb28762f,0,25780.0,0.085,0.831
61ecb626d967,42,,0.085,0.831
98b5532ddafe,69,9700.0,0.085,0.831
13a0067719a6,24,20600.0,0.085,0.831
f8596a1e1d69,100,26300.0,0.085,0.831
a1b3a74c1396,1,26840.0,0.085,0.831
b03e49d71b03,12,10760.0,0.121,0.759
139bdbe46e9d,100,18640.0,0.085,0.831
e920e50d8970,0,21620.0,0.085,0.831
400f4548fd39,100,24140.0,0.121,0.759
b7dcaf6894af,0,11740.0,0.121,0.759
4c2802076255,19,23400.0,0.085,0.831
dde873daf14b,80,,0.085,0.831
8ae101004475,66,34460.0,0.085,0.831
e4c51ed7dd5c,0,35220.0,0.085,0.831
ad7e7908b5bd,52,29720.0,0.085,0.831
973576ee4aaa,70,16040.0,0.085,0.831
4e5fe9192757,89,31880.0,0.085,0.831
a3c6dc60df24,87,21780.0,0.085,0.831
a87ee9eda423,100,18020.0,0.121,0.759
bb9e9f88dac9,0,31620.0,0.085,0.831
eb6779fb4c23,0,18060.0,0.085,0.831
e8a49b1651ba,0,29140.0,0.085,0.831
0e0064368902,17,11500.0,0.085,0.831
5b276f02a9bf,0,30220.0,0.085,0.831
5d187413507a,0,18560.0,0.121,0.759
2b530181f8f0,59,21480.0,0.085,0.831
470feeaecf0e,80,4660.0,0.085,0.831
d0ebc36e733c,82,,0.085,0.831
bdb8d01c1817,22,24140.0,0.085,0.831
454bcbdeb47f,59,25060.0,0.085,0.831
fd37f653a166,2,22980.0,0.085,0.831
5290304ad2d6,1,11760.0,0.121,0.759
b732ee27ca88,55,27440.0,0.085,0.831
3b8257d82601,8,24140.0,0.085,0.831
bba74b5b3382,90,24140.0,0.085,0.831
7f44eb10a475,16,75200.0,0.121,0.759
47b20924884d,0,58100.0,0.121,0.759
5460d40b2f85,95,8380.0,0.085,0.831
6b322c58aeaf,17,23520.0,0.121,0.759
58c21a8d30ba,0,27320.0,0.121,0.759
fc664210582e,55,17720.0,0.085,0.831
2070942bb7f3,9,24440.0,0.121,0.759
1a5885a3c33f,100,5600.0,0.121,0.759
faafbbd15ad2,100,24140.0,0.121,0.759
bd0b9ebcbb52,12,20180.0,0.121,0.759
dac5bf6e032f,85,,0.121,0.759
f72c03eb4707,26,18540.0,0.085,0.831
bbcc06a63359,15,22540.0,0.085,0.831
adeccb697126,46,6700.0,0.085,0.831
6cab6318640e,0,26460.0,0.085,0.831
0b7723e1dac8,61,11080.0,0.085,0.831
ba3da8fe2245,15,35300.0,0.121,0.759
f77f2163dc0d,0,23900.0,0.085,0.831
7d92e093064d,23,24520.0,0.085,0.831
661c8b84ec1f,59,18180.0,0.121,0.759
d6090ac3d33b,2,17100.0,0.121,0.759
1ffd3e08bc4e,94,9200.0,0.085,0.831
20f43b095815,83,21340.0,0.085,0.831
bf081a0c53c2,88,9020.0,0.085,0.831
efa038e11643,94,10400.0,0.085,0.831
bc06b361f4d0,30,31640.0,0.085,0.831
65ae26a4f316,13,16360.0,0.121,0.759
375dbb0b1030,5,13320.0,0.121,0.759
ae4a91935df0,19,23400.0,0.085,0.831
29bded6ed557,94,13660.0,0.121,0.759
b20ff0bb7430,98,6100.0,0.085,0.831
3e52e90771b2,64,23780.0,0.085,0.831
65b341349b6a,1,29300.0,0.121,0.759
964da96ffea8,90,26380.0,0.085,0.831
5c2e6f9b8442,0,18280.0,0.085,0.831
0dde06528416,0,42600.0,0.121,0.759
df7bb777b3cf,95,6780.0,0.121,0.759
420710559b3c,2,27300.0,0.121,0.759
f7d7688ee459,0,23060.0,0.085,0.831
1060cfe9810f,89,16000.0,0.085,0.831
c9a0de22ea81,12,40400.0,0.121,0.759
db0dfe91869f,19,19960.0,0.085,0.831
e3f7e391bdf0,94,18660.0,0.121,0.759
a3e8cb32e9a4,2,25900.0,0.085,0.831
f24b1899f92e,87,20100.0,0.121,0.759
41eb3814c747,16,23100.0,0.121,0.759
9e79367ce5f4,64,28080.0,0.085,0.831
c5c82ca281a4,24,20600.0,0.085,0.831
46f54644695c,100,24140.0,0.085,0.831
232907fdebbb,54,24140.0,0.121,0.759
4fae2f994826,0,24080.0,0.085,0.831
297fd22609ed,0,33400.0,0.121,0.759
e916238c6ecd,89,24140.0,0.085,0.831
1bad19ede82d,26,24140.0,0.085,0.831
29522dd0d8ae,25,31820.0,0.085,0.831
3cf60fef33ed,2,27300.0,0.121,0.759
b54be2faaee9,0,21000.0,0.121,0.759
613abf4fa994,1,36000.0,0.121,0.759
0a1a09110f4e,0,20800.0,0.121,0.759
ffddfe425688,37,19480.0,0.121,0.759
41422e307fb8,4,24100.0,0.121,0.759
cf177efcfe14,0,25800.0,0.121,0.759
a353bf7ce8d5,51,9060.0,0.121,0.759
4af81a427db5,5,21140.0,0.085,0.831
15a68365221f,98,21760.0,0.121,0.759
66e4f753755a,80,,0.085,0.831
f6e480b6ead1,0,37200.0,0.121,0.759
7f059e4104a2,35,14960.0,0.121,0.759
cdbdf9e43db5,5,21060.0,0.085,0.831
7140ec2ac80c,0,19540.0,0.085,0.831
a957874256f7,100,17540.0,0.121,0.759
5ca58c9681bc,0,45000.0,0.121,0.759
bfcb4d54ef0d,46,39200.0,0.121,0.759
d608a7487435,27,15560.0,0.121,0.759
3c2856709853,8,28000.0,0.121,0.759
0e05b277904a,56,37720.0,0.085,0.831
af016b539d63,0,37700.0,0.121,0.759
2b941408f0f9,100,24000.0,0.121,0.759
6c2f90482897,6,44200.0,0.121,0.759
ab32c29318aa,62,26400.0,0.085,0.831
11eb2b70e2b9,0,25900.0,0.121,0.759
f4a570944fbf,47,39700.0,0.121,0.759
9a6b2df79dcb,100,22200.0,0.121,0.759
9271049c8786,0,21000.0,0.121,0.759
b97f3416ac21,18,13720.0,0.085,0.831
277903785061,0,23000.0,0.121,0.759
0390e7a928b8,100,15140.0,0.121,0.759
4caed7fa44c4,2,6160.0,0.085,0.831
76d292ef3807,13,17340.0,0.121,0.759
230b6bb4d8f6,80,19040.0,0.121,0.759
18e259e6e5ac,0,33200.0,0.121,0.759
460fcf51030e,73,19420.0,0.121,0.759
a43fe099729f,100,14200.0,0.121,0.759
f8475a842419,55,14300.0,0.121,0.759
5516a3e586b4,0,30300.0,0.121,0.759
46dc5d3c35ed,26,40300.0,0.121,0.759
ca318690d4d0,0,34500.0,0.121,0.759
1b5f51f3dccc,0,25900.0,0.121,0.759
e0b92285d0c4,9,20300.0,0.085,0.831
d99e5770f94c,0,27000.0,0.121,0.759
366ee4ed1c8d,100,16500.0,0.121,0.759
84086b41eb71,1,24300.0,0.121,0.759
276c975fd685,47,15300.0,0.121,0.759
37c541ebccce,0,25000.0,0.121,0.759
bd79ccffcc26,0,29600.0,0.121,0.759
a80c5ff8f7bb,0,37200.0,0.121,0.759
8642222e04fe,0,25900.0,0.121,0.759
c5634891bd25,3,16600.0,0.121,0.759
dd372006bd07,0,20500.0,0.121,0.759
d2eecd14c243,32,20500.0,0.121,0.759
524b3cedc0b8,0,35600.0,0.121,0.759
d757b8382efd,0,18000.0,0.121,0.759
5841ddca5308,0,35700.0,0.121,0.759
08ac52c1ebae,0,26900.0,0.121,0.759
45ccd6d19b26,1,25800.0,0.121,0.759
27081ccab850,31,24020.0,0.121,0.759
710509553ec8,94,28200.0,0.121,0.759
8db9747f5cde,2,39300.0,0.121,0.759
828a725f79dc,1,39200.0,0.121,0.759
70b3a356b899,0,58300.0,0.121,0.759
33ba6fea636d,0,26500.0,0.121,0.759
30981de2bbd6,11,37600.0,0.121,0.759
a9dd342b4008,14,19060.0,0.085,0.831
1d1b311b3b34,0,33000.0,0.121,0.759
d2a8df67a9ed,1,39200.0,0.121,0.759
e1c3983cd9f5,0,20320.0,0.085,0.831
eb28cf6cf77d,0,20000.0,0.121,0.759
33e3005d142a,0,37700.0,0.121,0.759
5c0ca96085e3,26,11120.0,0.121,0.759
686b9991cf47,0,23600.0,0.121,0.759
e278594324f5,0,21900.0,0.121,0.759
905b0a35eb27,0,37400.0,0.121,0.759
e6834ffa0f6c,1,23900.0,0.121,0.759
c87c212632e4,7,29400.0,0.121,0.759
51882e08595c,99,16900.0,0.121,0.759
8abd9a0151a5,0,31900.0,0.121,0.759
e1cc4983e956,0,28100.0,0.121,0.759
9f14b1aa7d8b,0,27300.0,0.121,0.759
9a7d13e9bea0,13,18880.0,0.121,0.759
464aa7b0d5d2,0,16900.0,0.121,0.759
99d7d42d3dea,14,25700.0,0.121,0.759
98b640fcaf42,2,14500.0,0.121,0.759
e35c943af4c8,35,36100.0,0.121,0.759
51a83c3e1cf5,0,24400.0,0.121,0.759
b48ab37f42be,24,16300.0,0.121,0.759
48fd716d11a7,2,30900.0,0.121,0.759
e6dcf52aa1c3,0,24400.0,0.121,0.759
ff9dc2832649,2,36300.0,0.121,0.759
2a4636165280,0,15300.0,0.121,0.759
7a3804f20eae,24,30300.0,0.121,0.759
e4419370b883,0,25200.0,0.121,0.759
68b3d6211ae6,0,30000.0,0.121,0.759
5602a824976a,0,32900.0,0.121,0.759
d163cb7e9bad,3,21800.0,0.121,0.759
fda1310ee4e1,9,22900.0,0.121,0.759
71644ecd941f,0,18900.0,0.085,0.831
249749ec7d93,0,27300.0,0.121,0.759
ffbfb5d910e8,49,23300.0,0.121,0.759
df572dfe7b04,4,44300.0,0.121,0.759
f5833812bd8b,0,28200.0,0.121,0.759
1e820869217c,0,34600.0,0.121,0.759
851f8bf43642,0,20100.0,0.121,0.759
cf6f296ada74,0,24500.0,0.121,0.759
adcff684ff96,0,26900.0,0.121,0.759
efc9527670d8,0,23300.0,0.121,0.759
1afdeed13a0c,12,31400.0,0.121,0.759
ef8528f381a4,12,31000.0,0.121,0.759
4b7b377cb492,0,36100.0,0.121,0.759
dc0442c80e97,0,44800.0,0.121,0.759
a601ab47f09f,0,26200.0,0.121,0.759
1716c4da4a50,3,29200.0,0.121,0.759
1f0a1981f067,2,,0.085,0.831
6fb2ae4a49de,0,26400.0,0.121,0.759
94604bfced24,0,27200.0,0.121,0.759
479baa9c4c15,11,23840.0,0.121,0.759
a2180e2f3d52,0,33300.0,0.121,0.759
616f94f4cc07,1,29800.0,0.121,0.759
81470578db9b,98,19500.0,0.121,0.759
2fb7f293cfec,0,32200.0,0.121,0.759
351da00bd7dc,0,21100.0,0.121,0.759
0c65815f8d69,2,23400.0,0.121,0.759
3c984761de32,4,27300.0,0.121,0.759
809e1fd8dc79,16,12200.0,0.121,0.759
da9a78a587ba,0,17160.0,0.085,0.831
5fd9c1087aae,0,31200.0,0.121,0.759
4ba490b9743a,0,56000.0,0.121,0.759
07a2ec2602be,0,29800.0,0.121,0.759
5845dc7f0278,77,44300.0,0.121,0.759
f29de48de4a0,0,31100.0,0.121,0.759
034299f28832,0,29200.0,0.121,0.759
ba536386afd8,0,26300.0,0.121,0.759
0ce175078d7c,50,16700.0,0.121,0.759
90dfe5879a4a,27,45700.0,0.121,0.759
c5ea89460b95,50,20800.0,0.121,0.759
62f444c99d87,53,42300.0,0.121,0.759
dc510df7273c,0,37500.0,0.121,0.759
e3009f678aa2,0,37700.0,0.121,0.759
2195c7d7c55d,68,24700.0,0.121,0.759
66500fca08dd,0,23700.0,0.121,0.759
b0c61beab886,0,25000.0,0.121,0.759
c99d1da6fd89,0,26100.0,0.121,0.759
27246738bdfa,63,15260.0,0.121,0.759
febf8f47b1c4,0,61500.0,0.121,0.759
11648f5aa100,0,21400.0,0.121,0.759
17666bb784ff,13,19900.0,0.121,0.759
f64f359b5a10,0,20300.0,0.121,0.759
1d1d6e4ebc01,18,30400.0,0.121,0.759
9e84bc1b9755,3,33300.0,0.121,0.759
e87a8de4e2f7,1,31600.0,0.121,0.759
3416a42ac2a2,0,26500.0,0.121,0.759
e9000e22ba6b,14,20000.0,0.085,0.831
9718bc398371,13,21200.0,0.121,0.759
4adfaa9f7813,2,22100.0,0.121,0.759
a07f92897931,0,37300.0,0.121,0.759
37d534671e34,9,42800.0,0.121,0.759
7ba9ea9b48cd,0,25500.0,0.121,0.759
be5a8d47391e,0,49200.0,0.121,0.759
eb3dca900e14,1,31200.0,0.121,0.759
ecebd201139a,6,19100.0,0.121,0.759
5b7f30965dda,0,57700.0,0.121,0.759
46a357aabd74,95,21580.0,0.121,0.759
a6517c5fdcda,99,16500.0,0.121,0.759
ffbccc1d64cd,0,14600.0,0.121,0.759
61ebc920b797,88,36600.0,0.121,0.759
53eb417cb929,0,36100.0,0.121,0.759
61f413891797,0,30800.0,0.121,0.759
1d8e49ad5535,50,25900.0,0.121,0.759
5128dfb7bd19,41,18220.0,0.085,0.831
cf15d5777009,0,30900.0,0.121,0.759
274e2c2210ca,0,35000.0,0.121,0.759
9d11e538a467,30,18580.0,0.121,0.759
6ad43c34b38a,0,23700.0,0.121,0.759
c9da3d4650ea,0,28400.0,0.121,0.759
13f5dab931d8,0,29000.0,0.121,0.759
3cb976563a6f,0,27400.0,0.121,0.759
ea9f8f5ecd47,5,15100.0,0.121,0.759
c2712a01a15d,0,37300.0,0.121,0.759
eb3c30249ca8,0,35200.0,0.121,0.759
606c34a47a85,15,33300.0,0.121,0.759
990434ab46fa,0,27300.0,0.121,0.759
817082666e38,0,28600.0,0.121,0.759
11261feb25d7,0,26400.0,0.121,0.759
3f9976d1ab7c,0,29100.0,0.121,0.759
36d1a8b4ee73,29,2700.0,0.121,0.759
049d155bf573,4,17300.0,0.121,0.759
568451cdbf6a,0,35100.0,0.121,0.759
b691ad22fc93,0,19100.0,0.121,0.759
5e01e4df501d,0,50400.0,0.121,0.759
c9e59937c415,0,20100.0,0.121,0.759
fbbb62a83f3b,20,18800.0,0.121,0.759
3174a81efbbd,100,36300.0,0.121,0.759
1607a85f6516,0,19600.0,0.121,0.759
00f25b1bdc67,4,28000.0,0.121,0.759
75a9fb3926c6,4,14000.0,0.121,0.759
b092a5ba240d,0,27900.0,0.121,0.759
e3bf99feba35,0,24100.0,0.121,0.759
5c3771698ed5,0,20600.0,0.085,0.831
cee67e53d756,0,36100.0,0.121,0.759
395265841ac5,0,24700.0,0.121,0.759
303d15d63309,87,22700.0,0.121,0.759
272be1e67a99,0,38500.0,0.121,0.759
9225bcebe4dc,0,21200.0,0.121,0.759
b249e9e66281,37,30400.0,0.121,0.759
d23af1a87ef2,0,28600.0,0.121,0.759
7590d9785e44,0,28100.0,0.121,0.759
fbea4d2efddf,0,36300.0,0.121,0.759
eb9f69014532,1,48100.0,0.121,0.759
6d9005f86fd3,81,16400.0,0.121,0.759
dbd2678b98b9,0,19700.0,0.121,0.759
b66fabab2b7a,0,35600.0,0.121,0.759
05cfeede6912,99,26600.0,0.121,0.759
cedb691fae3f,0,31800.0,0.121,0.759
40e32f5036d0,0,27000.0,0.121,0.759
d5f5e4bc3445,2,47400.0,0.121,0.759
a2fb5cc91996,0,24100.0,0.121,0.759
c83e8baf02d0,17,26900.0,0.121,0.759
b2bdef51eb33,0,29960.0,0.085,0.831
a624df5d4540,0,40400.0,0.121,0.759
19441da18899,3,29000.0,0.121,0.759
d8e378d17b2c,21,22400.0,0.121,0.759
e493e33429e0,1,24900.0,0.121,0.759
4e02ca3ab6fb,0,32300.0,0.121,0.759
d2530ed5ca17,99,28700.0,0.121,0.759
3a08539127a0,50,22300.0,0.121,0.759
54bf71345dc7,0,39100.0,0.121,0.759
80e481ad26df,6,31400.0,0.121,0.759
73c5b74998fb,54,42900.0,0.121,0.759
5a442a6f62d0,0,33800.0,0.121,0.759
d9ac1b523a46,0,30000.0,0.121,0.759
34947b9c5578,48,41500.0,0.121,0.759
be978c0fa1fa,0,33100.0,0.121,0.759
e754d97549b1,0,30100.0,0.121,0.759
f28663916123,2,19600.0,0.121,0.759
79e86ee47303,43,13200.0,0.121,0.759
047908ca9963,0,90000.0,0.121,0.759
d8c875b58e59,0,24100.0,0.121,0.759
2d9862ea5bc1,0,30400.0,0.121,0.759
e700c1479990,99,38700.0,0.121,0.759
b444f685012c,0,38900.0,0.121,0.759
02c8c19149a2,98,1460.0,0.121,0.759
b3ac5c78fb4e,0,40500.0,0.121,0.759
36274604ce41,100,300.0,0.121,0.759
e7df9ae81b80,99,42400.0,0.121,0.759
ec708f276f0b,1,18200.0,0.121,0.759
c3227fde128f,0,49200.0,0.121,0.759
9ecad065a25d,0,20400.0,0.121,0.759
83f1f7e17108,0,17200.0,0.121,0.759
fd0cf83f8b51,14,20200.0,0.121,0.759
fb227258f532,59,17340.0,0.085,0.831
a38cf1a47a76,99,20000.0,0.121,0.759
c714e2016f95,0,31000.0,0.121,0.759
3f0a998924fb,0,43600.0,0.121,0.759
09c949e1e549,0,31200.0,0.121,0.759
79b73b83fbac,6,42900.0,0.121,0.759
8478aaccd5fc,0,22800.0,0.121,0.759
bad76557412a,0,21300.0,0.121,0.759
b4e6f778f241,0,37600.0,0.121,0.759
8cd3e893a6c8,0,37000.0,0.121,0.759
2de91ccb301c,0,35700.0,0.121,0.759
b40fc7183af0,3,24200.0,0.121,0.759
3ac751b884a3,100,15600.0,0.121,0.759
1b8b199ac4ae,8,28500.0,0.121,0.759
46f65778ca23,40,800.0,0.121,0.759
ba347b57feff,66,5520.0,0.085,0.831
758579010452,22,29100.0,0.121,0.759
f070b541cccb,0,45400.0,0.121,0.759
514571437a9e,0,27200.0,0.121,0.759
3aa476a76f03,0,28000.0,0.121,0.759
6900bc70f7bd,0,34300.0,0.121,0.759
9ace3d3dcbfe,3,,0.085,0.831
9ff325c62d9a,64,21600.0,0.121,0.759
6bb09c124132,0,68300.0,0.121,0.759
4aafbdaf06e8,0,49600.0,0.121,0.759
5af7a05fd916,0,56000.0,0.121,0.759
58fa46b51cef,42,13800.0,0.121,0.759
1d7522906c87,0,25800.0,0.121,0.759
fe78423daa03,1,31200.0,0.121,0.759
8a4579008dfa,0,23300.0,0.121,0.759
74b7e4570152,37,22300.0,0.121,0.759
7a33ad8ce382,0,37400.0,0.121,0.759
d98d7251bb66,0,27200.0,0.121,0.759
31dfeb85c21f,3,15400.0,0.121,0.759
82a296d5e303,64,27200.0,0.121,0.759
0ed2d16962f7,18,36400.0,0.121,0.759
985f5a5e8ab2,4,19200.0,0.121,0.759
e14016bbcb6d,88,,0.085,0.831
c7562b2cd24e,0,22500.0,0.121,0.759
749ebb9af7b6,0,28800.0,0.121,0.759
d9bc45dfa190,0,40600.0,0.121,0.759
e9555289ba34,0,33100.0,0.121,0.759
78147cbe3348,40,22100.0,0.121,0.759
a7b0f3039cee,26,17300.0,0.121,0.759
2880e62213b8,22,20800.0,0.121,0.759
ed91fc7acea9,28,14800.0,0.121,0.759
94689d883550,1,39700.0,0.121,0.759
da0856ffee34,0,29300.0,0.121,0.759
d4bbb2733b3d,41,18700.0,0.121,0.759
e1c99623b641,9,16000.0,0.121,0.759
f3388f822cf8,0,16700.0,0.121,0.759
27180ebd9ee1,19,14100.0,0.121,0.759
e3ebf132f05c,0,22000.0,0.121,0.759
4d73e3a77b9a,0,33100.0,0.121,0.759
fe6b234b7cc1,50,2600.0,0.121,0.759
c9697aebf896,0,27800.0,0.121,0.759
b26a8b389514,47,38400.0,0.121,0.759
808d869af119,1,48700.0,0.121,0.759
e03b5c5825a8,0,66700.0,0.121,0.759
a20deff4040e,0,45800.0,0.121,0.759
845eb8693c38,0,26400.0,0.121,0.759
e5c7c89d602d,6,21800.0,0.121,0.759
430de4952dd2,0,29100.0,0.121,0.759
5eae49c07fe7,14,16400.0,0.121,0.759
71e71bef4817,0,17700.0,0.121,0.759
1840abc492ef,5,37500.0,0.121,0.759
a8d99b385872,3,34600.0,0.121,0.759
c6b64e65f44d,0,24900.0,0.121,0.759
cdee5ca963bc,0,29100.0,0.121,0.759
e262b7d4535f,8,26700.0,0.121,0.759
0259d10850bb,0,20200.0,0.121,0.759
a1bf027e9735,50,39700.0,0.121,0.759
51f12f6f1e72,0,20300.0,0.121,0.759
2bfb0142765f,37,18400.0,0.121,0.759
c6d70516d0e4,0,28900.0,0.121,0.759
c6c4afd02217,0,37500.0,0.121,0.759
a5a09ccbdcf5,2,39300.0,0.121,0.759
03d226497508,1,28400.0,0.121,0.759
668518b10db2,76,27100.0,0.121,0.759
7b202ccee91d,18,15500.0,0.121,0.759
de27eb63d33a,0,34300.0,0.121,0.759
2e8afcf2e0f9,0,21900.0,0.121,0.759
9176baf86db1,99,36100.0,0.121,0.759
4591c0286dd8,100,22300.0,0.121,0.759
83b35f21eb09,0,32200.0,0.121,0.759
738ff35c7367,0,48600.0,0.121,0.759
ac2886cd65f4,28,30200.0,0.121,0.759
27d6e9396165,0,38900.0,0.121,0.759
9186c593e39b,9,31600.0,0.121,0.759
91131a10991c,94,41100.0,0.121,0.759
1b08f0abb498,0,22900.0,0.121,0.759
7323845a32f3,2,31200.0,0.121,0.759
cad62d580ebc,0,39900.0,0.121,0.759
b9b45bfd0c81,0,27300.0,0.121,0.759
0b1ccf9cd4bb,0,22400.0,0.121,0.759
4312192f7e09,0,35100.0,0.121,0.759
e0f20fe27e1e,0,37000.0,0.121,0.759
95433a9775a7,48,48100.0,0.121,0.759
18dcb5b3ed11,93,16200.0,0.121,0.759
fc44dbc1fc0f,2,32700.0,0.121,0.759
03b3d70d2046,0,37900.0,0.121,0.759
7e64ee239811,0,24000.0,0.121,0.759
c5d3fc412ab6,30,48000.0,0.121,0.759
a3a38d23557b,1,16300.0,0.121,0.759
fa93e15347a5,0,33700.0,0.121,0.759
99680a32086c,22,15700.0,0.121,0.759
90a4d3094ced,93,16200.0,0.121,0.759
8eb1ccd36f5d,4,17400.0,0.121,0.759
cd851ac10f96,0,28900.0,0.121,0.759
fcb8fcef1c63,0,29900.0,0.121,0.759
55e666acf2f2,0,29600.0,0.121,0.759
0af3bf517272,0,37600.0,0.121,0.759
8c33fb1adb5f,0,46000.0,0.121,0.759
58568eaaa4c1,2,21600.0,0.121,0.759
462f92cd5d72,0,29800.0,0.121,0.759
31560234166b,2,25800.0,0.121,0.759
104d61c6908f,0,61000.0,0.121,0.759
781d2f9c7a48,2,14600.0,0.121,0.759
a8edec45b03f,22,55500.0,0.121,0.759
64f9c7498c44,0,62800.0,0.121,0.759
b783b0d788f2,0,39600.0,0.121,0.759
beb52b10f394,0,43700.0,0.121,0.759
261fa03fc277,0,17600.0,0.121,0.759
3c0a1c11242f,0,37300.0,0.121,0.759
7b63b2094fd7,1,34200.0,0.121,0.759
35346396e36e,0,37700.0,0.121,0.759
f89af86d0286,100,30500.0,0.121,0.759
c0cc72d73b0f,39,22000.0,0.121,0.759
d61fd1a7c533,6,15700.0,0.121,0.759
a32242610c5d,0,17500.0,0.121,0.759
ae07841dcf5c,2,44500.0,0.121,0.759
40a76b156575,0,40500.0,0.121,0.759
4a5a644a3531,1,24140.0,0.121,0.759
99480a430e99,37,21100.0,0.121,0.759
f97b96d8ee9b,0,33700.0,0.121,0.759
328df03ba055,0,32500.0,0.121,0.759
6f53778a7254,0,32900.0,0.121,0.759
91b4ac083c29,33,24760.0,0.085,0.831
45508dc0b8e2,50,18600.0,0.121,0.759
fb474eb92c7b,0,21500.0,0.121,0.759
05fa294b357f,0,43000.0,0.121,0.759
48602f910236,0,29000.0,0.121,0.759
075791d5f8fd,0,26500.0,0.121,0.759
2523148e4274,0,37400.0,0.121,0.759
52ecd35769f9,0,31600.0,0.121,0.759
41ff2fc0bdb8,0,39900.0,0.121,0.759
849e7e5afe6c,0,25800.0,0.121,0.759
23940ad3c664,34,35900.0,0.121,0.759
5041d5d0f3b5,0,22300.0,0.121,0.759
0e77c784d81d,0,23700.0,0.121,0.759
1b4c4e7c9564,0,36300.0,0.121,0.759
eb30e4103aa1,0,25100.0,0.121,0.759
c902c08e5a31,1,23500.0,0.121,0.759
80851bcb0494,0,37200.0,0.121,0.759
7a4d1477e9c0,0,39300.0,0.121,0.759
dc42f527ee5a,0,39000.0,0.121,0.759
7a181386ea9a,0,17900.0,0.121,0.759
fb87d2e116c0,0,36300.0,0.121,0.759
9fa25692a471,0,37400.0,0.121,0.759
0a82fae7a07f,99,45800.0,0.121,0.759
ac18f56b8811,12,31400.0,0.121,0.759
82efbf606545,0,35000.0,0.121,0.759
1bedf8336879,5,70900.0,0.121,0.759
680237d2278f,100,29300.0,0.154,0.692
1f1e0e164419,0,33100.0,0.121,0.759
0d4089e78d61,1,27400.0,0.121,0.759
af62ace9244f,0,24800.0,0.121,0.759
303fb97dc7dd,1,32700.0,0.121,0.759
ca3792173943,0,28200.0,0.121,0.759
295372e4d2ab,6,23800.0,0.121,0.759
95dda2c65fd1,52,18300.0,0.121,0.759
f551826161b8,0,36600.0,0.121,0.759
2342c49341ad,13,29500.0,0.121,0.759
5306a531fc3d,30,45100.0,0.121,0.759
73e05f50205a,0,20200.0,0.121,0.759
40798f9d269e,0,90000.0,0.121,0.759
31f390b88c7f,0,28900.0,0.121,0.759
6ef012187026,0,55500.0,0.121,0.759
9e45a873d6fa,0,16900.0,0.121,0.759
5a3d6534231e,5,22600.0,0.121,0.759
1d73f11dfc44,1,39100.0,0.121,0.759
d0c5f6113e58,0,36300.0,0.121,0.759
a9e468d507c0,0,20900.0,0.121,0.759
7fd80883a85d,53,38400.0,0.121,0.759
42b61ca42973,0,38600.0,0.121,0.759
1ce0f125f379,12,22000.0,0.121,0.759
dd0d63b67d8a,79,26700.0,0.121,0.759
a53491d0e434,100,16800.0,0.121,0.759
6fa48042226e,0,23700.0,0.121,0.759
630a402d2238,0,34800.0,0.121,0.759
7b5cd935fb5c,0,27500.0,0.121,0.759
918067961b6a,0,21400.0,0.121,0.759
38d56445bcd9,94,24400.0,0.121,0.759
107bb10d41db,4,14100.0,0.121,0.759
c28b53387001,7,18300.0,0.121,0.759
9c69e804d19c,0,16100.0,0.121,0.759
2533cd2386f2,0,26200.0,0.121,0.759
f0c4413746af,0,43500.0,0.121,0.759
b3f96def63d5,100,37000.0,0.154,0.692
04494671dc56,0,30000.0,0.121,0.759
790b39135900,0,33500.0,0.121,0.759
3c1c1c6d10ba,0,33400.0,0.121,0.759
3c2fd10dbf9c,0,45900.0,0.121,0.759
a5d1418967dd,0,30800.0,0.121,0.759
84a90b967871,86,24140.0,0.121,0.759
556bb33597cb,35,22300.0,0.121,0.759
8808771293c8,10,35100.0,0.121,0.759
23f95cabf57d,0,15900.0,0.121,0.759
47794a8555cf,0,39300.0,0.121,0.759
b2852a3c6412,0,17400.0,0.121,0.759
6cb0e1d7ae90,1,22700.0,0.121,0.759
f0302bc1ba1d,0,46700.0,0.121,0.759
2cec67819662,46,32400.0,0.121,0.759
8e909d4b1407,3,25100.0,0.121,0.759
4b466702bca2,92,24140.0,0.121,0.759
e8b2b01b7985,2,32900.0,0.121,0.759
268c2170e2bb,0,32800.0,0.121,0.759
97e3b0ebf6d8,0,30500.0,0.121,0.759
a47a45b61e3d,7,22000.0,0.121,0.759
318dee1360e5,4,18300.0,0.121,0.759
0a52b707840c,0,28300.0,0.121,0.759
dcbca1761674,21,49400.0,0.121,0.759
9bf937e658f5,50,23100.0,0.121,0.759
159fb4caa453,12,44000.0,0.121,0.759
8aebe92cd3ae,0,22200.0,0.121,0.759
e82e24f2dd72,0,26300.0,0.121,0.759
8d8fb0da3cda,100,12400.0,0.121,0.759
afe67050fec9,0,22500.0,0.121,0.759
ed5d5f68d32c,0,38100.0,0.121,0.759
724918a47a8d,0,19500.0,0.121,0.759
3ec6d3ba0a35,100,26200.0,0.121,0.759
25cc1b9e3ec7,0,31900.0,0.121,0.759
817be7f70fd7,0,23600.0,0.121,0.759
344e435636e5,2,19400.0,0.121,0.759
870c547edea0,1,13200.0,0.121,0.759
d92c620a5fda,0,37100.0,0.121,0.759
a1b975749093,14,39200.0,0.121,0.759
53fe811f056e,0,82200.0,0.121,0.759
407bafd385d8,0,30300.0,0.121,0.759
1fc96e528eb4,0,52400.0,0.121,0.759
2b9e1b3d0e64,0,25000.0,0.121,0.759
b1cfa14b9b6f,72,31700.0,0.121,0.759
56b8a50e91b2,0,21300.0,0.121,0.759
877c2e1e37c7,42,19900.0,0.121,0.759
ecd24111756d,0,29900.0,0.121,0.759
bf0b73e71570,0,17000.0,0.121,0.759
c8db33cd7373,100,12600.0,0.154,0.692
c0ec0999d9de,0,40400.0,0.121,0.759
ccbfe3d41582,3,20800.0,0.121,0.759
7e1a6d276459,0,26000.0,0.121,0.759
2c9fe522846b,0,21600.0,0.121,0.759
f2b73c7517b7,97,15700.0,0.121,0.759
13c5bb44971d,0,17000.0,0.154,0.692
68f292064b0e,5,21600.0,0.121,0.759
c862a21080c5,65,59200.0,0.121,0.759
82176e6433bf,0,31700.0,0.121,0.759
50e7e88ee4f3,0,24700.0,0.121,0.759
cc0688527d9a,1,52700.0,0.121,0.759
90c38defeb73,0,35600.0,0.121,0.759
3cab75824291,0,28900.0,0.121,0.759
0d0092b5bf38,7,36300.0,0.121,0.759
3dd63a4fb138,42,16900.0,0.121,0.759
467acb1e46d5,0,19200.0,0.121,0.759
37be37922d71,1,18900.0,0.121,0.759
64c87d6250d2,0,35400.0,0.121,0.759
e7068962edb4,3,23900.0,0.154,0.692
ffb94e021a39,0,33800.0,0.121,0.759
1481fdb05f36,0,27400.0,0.121,0.759
98f0c13deec6,5,43400.0,0.121,0.759
a57e4b578df4,100,15800.0,0.121,0.759
f0934ff37c69,0,45000.0,0.121,0.759
538bbe1125b5,21,28900.0,0.121,0.759
ba088fe37411,0,61300.0,0.121,0.759
e3967250ad42,6,13400.0,0.121,0.759
6d4522689a98,50,33900.0,0.121,0.759
db540266c4e0,0,20600.0,0.121,0.759
55e1e8494ee4,0,44500.0,0.121,0.759
453d9138e8d3,0,59800.0,0.121,0.759
675208534697,6,23500.0,0.121,0.759
8607370919f3,0,33700.0,0.121,0.759
20cd74b3d36a,0,19600.0,0.121,0.759
d4cb5a620f04,65,60600.0,0.121,0.759
b2034d8c73e3,0,38900.0,0.121,0.759
1eb762ce8061,0,23800.0,0.121,0.759
50b2e7ed4aaf,0,26900.0,0.121,0.759
2dde0d3a25f2,0,26500.0,0.121,0.759
f5fd705d7a9b,24,18300.0,0.121,0.759
0832c56607cd,100,48300.0,0.085,0.831
4b7e838d0232,0,27300.0,0.121,0.759
9d6d941d14a9,0,35300.0,0.121,0.759
a142047dc8e5,10,47900.0,0.121,0.759
763cc185efc9,0,19000.0,0.121,0.759
fc2687d829d5,41,24140.0,0.121,0.759
fffdf03f60c1,29,15400.0,0.121,0.759
931500f5fdc1,0,34260.0,0.085,0.831
2a4cda568436,0,17900.0,0.121,0.759
8322efaf5c06,0,41700.0,0.121,0.759
46628d785dc5,0,27800.0,0.121,0.759
f1c4a3f8c01f,22,25100.0,0.121,0.759
86f5201e80af,19,40600.0,0.121,0.759
4533410731d9,0,28400.0,0.121,0.759
e4a3bff67d3b,50,38300.0,0.121,0.759
4c1b4951d2f2,2,22300.0,0.121,0.759
35f58ccc2ca3,0,31600.0,0.121,0.759
2d0282d5dd69,0,33700.0,0.154,0.692
6991e3e5b313,0,35000.0,0.121,0.759
ce785a2de39a,16,28200.0,0.121,0.759
47ba392e22de,1,21500.0,0.121,0.759
94121df31245,0,36900.0,0.121,0.759
cbe603f92b3c,2,24140.0,0.121,0.759
04577a47a9bb,0,34100.0,0.121,0.759
f5286296fde6,0,25700.0,0.121,0.759
b568f6b5ed03,48,14900.0,0.121,0.759
a01f1fcc63ce,99,34400.0,0.121,0.759
e1f9fcac0f37,26,,0.085,0.831
5e25faf3c759,0,24300.0,0.121,0.759
2e8b5fbc2c1e,25,30600.0,0.121,0.759
871166380460,0,21700.0,0.121,0.759
4a33d0200050,0,44300.0,0.121,0.759
8ad7305078c3,0,61900.0,0.121,0.759
4216e687ac69,1,22900.0,0.121,0.759
6792b1265678,9,12200.0,0.121,0.759
40fa8cb8cf7c,0,50400.0,0.121,0.759
daef935ae968,2,24140.0,0.121,0.759
dbcf853cc3e4,0,68900.0,0.121,0.759
f3625915e8b0,0,51500.0,0.121,0.759
98697f590eab,0,56100.0,0.121,0.759
66557fbbf921,21,20600.0,0.121,0.759
c1a14ce075fc,4,14100.0,0.121,0.759
fcf741cff2f5,1,32800.0,0.121,0.759
1a26ecce8d59,0,31800.0,0.121,0.759
879af40f51da,0,30000.0,0.121,0.759
2a0b4ad84f52,0,38500.0,0.048,0.903
91ad04e37de2,0,29300.0,0.121,0.759
32e29c60f82e,0,33600.0,0.121,0.759
ecd07fdce2b3,100,12200.0,0.121,0.759
7a1ffb5229f7,0,44800.0,0.121,0.759
f8c3a717badb,0,90000.0,0.121,0.759
18e7a36d08b9,0,21300.0,0.121,0.759
3b05b7f0d3d1,0,15700.0,0.121,0.759
28b1012a8c70,24,24140.0,0.121,0.759
8b3b78e9cb8c,1,55000.0,0.121,0.759
6f15d67c9405,98,27000.0,0.121,0.759
911ebadaed36,74,24140.0,0.121,0.759
45f3f6398bb0,84,11320.0,0.085,0.831
f7237eeadc62,74,24140.0,0.121,0.759
0ad63ea76e26,0,69500.0,0.121,0.759
d3d3c65e2161,0,28700.0,0.121,0.759
15dce8a68e8e,0,32600.0,0.121,0.759
4116c4614669,100,10020.0,0.085,0.831
3cf99e029755,0,21500.0,0.121,0.759
9242b3d283a1,0,43600.0,0.121,0.759
425066b3596a,2,19300.0,0.121,0.759
80824831c3b7,1,23700.0,0.121,0.759
db217d25fee4,1,24800.0,0.121,0.759
3810d8b7d062,4,28000.0,0.121,0.759
3b5e2e6813ab,1,27100.0,0.121,0.759
c86dfaf28fde,100,27100.0,0.154,0.692
19069648af44,0,53200.0,0.121,0.759
49db68033b27,0,26800.0,0.121,0.759
642e3bc0e901,0,26700.0,0.121,0.759
a7a9a5c14806,0,32700.0,0.154,0.692
36f46b776850,0,79200.0,0.121,0.759
bbb219bdfa35,0,51500.0,0.121,0.759
f2d6e28124ef,0,34700.0,0.121,0.759
02af140efb69,0,36500.0,0.121,0.759
f59d8e212d22,26,12900.0,0.121,0.759
47f202f554ad,30,44600.0,0.121,0.759
a0bdc1493234,0,37300.0,0.121,0.759
a58c4a3f71a7,13,24500.0,0.121,0.759
9ec8dccb781d,0,33400.0,0.121,0.759
f9c405cfc3c9,0,24500.0,0.121,0.759
a5671726ba27,32,53000.0,0.121,0.759
820ccf6497a1,16,24140.0,0.121,0.759
d8a16fde6f08,0,28800.0,0.121,0.759
1ff42b072679,0,19200.0,0.121,0.759
6a3cde7271e3,11,27700.0,0.121,0.759
7e54aaeb5a2c,0,32000.0,0.121,0.759
c236d3bd6eb8,0,36000.0,0.121,0.759
11b9799c0b25,1,36000.0,0.121,0.759
2636272aa838,9,28700.0,0.121,0.759
3fe8e6c738cc,0,45500.0,0.121,0.759
d70fb0e1106b,100,14500.0,0.154,0.692
611b2c76548c,0,61700.0,0.121,0.759
bf8a8c80e719,0,25400.0,0.121,0.759
544ceab50c79,0,61300.0,0.121,0.759
8d8bb2c6983a,4,45400.0,0.121,0.759
dd1d1d52ded0,0,37000.0,0.121,0.759
e8f6ff32c83c,0,42000.0,0.121,0.759
d59b5c1ab0d1,0,40800.0,0.121,0.759
4d58f406e74d,0,26600.0,0.121,0.759
13852b476b82,0,64100.0,0.121,0.759
86215104cc8e,0,74300.0,0.121,0.759
9afce96be6aa,0,36200.0,0.121,0.759
546607f4b746,0,46000.0,0.121,0.759
e9cdd015af86,0,29100.0,0.121,0.759
db35da5dfb5c,0,22900.0,0.121,0.759
04808e5721e9,83,27600.0,0.121,0.759
8e3d15142198,0,90000.0,0.121,0.759
0dea85b5ccd2,99,14620.0,0.085,0.831
fa24912c5cb4,9,39900.0,0.121,0.759
7ce216c11dfb,2,53700.0,0.121,0.759
96c942e8a61b,2,24140.0,0.085,0.831
218725ae42ba,0,67900.0,0.121,0.759
f6f69345b444,0,30100.0,0.121,0.759
c68eb1607d68,16,42300.0,0.121,0.759
23e3717d85f4,67,23240.0,0.085,0.831
e442150f2467,0,30700.0,0.121,0.759
e9881cba23dc,19,67900.0,0.121,0.759
953f04f09bb3,3,19100.0,0.121,0.759
c1033e2235c9,0,22400.0,0.121,0.759
724152a46777,73,30200.0,0.085,0.831
e63adf682db5,74,24140.0,0.121,0.759
7f95ea575325,0,38600.0,0.121,0.759
ab2a5b920d83,3,86200.0,0.121,0.759
ede6077db8dd,0,30100.0,0.121,0.759
a2c9fb3322ea,3,33100.0,0.121,0.759
6d363c1f884f,0,42100.0,0.121,0.759
803e32334f8c,0,58900.0,0.121,0.759
880a791dbedd,5,33200.0,0.121,0.759
acc45246d3b1,0,30800.0,0.121,0.759
52a8ff1c5582,1,23400.0,0.121,0.759
56f18a93d762,0,24140.0,0.085,0.831
cdfe3ee85360,0,18400.0,0.121,0.759
30d093a2cdce,0,42000.0,0.121,0.759
50aa70705dd8,0,44500.0,0.121,0.759
7b93095f18ab,17,24140.0,0.121,0.759
eba43e55eea1,0,47100.0,0.121,0.759
eda5232e38b8,0,43900.0,0.121,0.759
80866c8cc928,0,32700.0,0.121,0.759
1a65e005e5ab,60,24140.0,0.121,0.759
72520c786adc,0,26100.0,0.121,0.759
cca50a9b1169,0,49000.0,0.121,0.759
9c1cbaf50569,0,18800.0,0.121,0.759
7b5e6ac6a68e,35,45800.0,0.121,0.759
9793f2271e50,76,24140.0,0.121,0.759
07f5ead0cf5a,63,24140.0,0.121,0.759
2ad1c868d0d9,99,49300.0,0.121,0.759
2a1fd5acc721,3,56700.0,0.121,0.759
761ff21fda50,74,24140.0,0.121,0.759
e5b660b7dbb5,0,45500.0,0.121,0.759
63cafdb2b054,0,57100.0,0.121,0.759
9d82d4db1afa,0,37600.0,0.121,0.759
dcd982244e19,0,34100.0,0.121,0.759
4c8b096c2fd4,0,29280.0,0.085,0.831
c66c795f8196,14,24140.0,0.085,0.831
cdf520ad0d4c,0,55500.0,0.121,0.759
cf3f6eccc8ee,0,45500.0,0.121,0.759
c7fd3d241695,0,39800.0,0.121,0.759
cec13a6b531a,23,19280.0,0.085,0.831
7c6eef2975dd,1,28800.0,0.121,0.759
51f2cc71a6c1,0,30000.0,0.121,0.759
52b17a339d0f,0,60400.0,0.121,0.759
c017e903fd96,0,33700.0,0.121,0.759
25050a04e8ac,0,57100.0,0.121,0.759
1ed9d011bd1d,4,24900.0,0.121,0.759
061b01326741,100,24140.0,0.121,0.759
e0957275d65c,19,15440.0,0.121,0.759
0ed8092f635d,0,49800.0,0.121,0.759
117864e3f111,44,13800.0,0.121,0.759
aa680fac16c9,0,32800.0,0.121,0.759
03241005a3e3,0,34500.0,0.121,0.759
bdfb6ee4ffff,19,15440.0,0.121,0.759
be296c2ba82e,2,22600.0,0.121,0.759
1579cb0bb098,0,34000.0,0.121,0.759
b486c7aa4089,0,40500.0,0.121,0.759
894f80419821,0,35600.0,0.121,0.759
1a508db5880a,0,41700.0,0.121,0.759
e67aedc24ac1,0,28200.0,0.121,0.759
0a391b377ce2,0,24140.0,0.085,0.831
7f1afefaa37f,0,46900.0,0.121,0.759
9dabf69ef6c8,0,46500.0,0.121,0.759
c79d76743c1a,91,8600.0,0.085,0.831
7a34fa5dd3d6,1,42900.0,0.121,0.759
880ba0ce6429,50,24000.0,0.121,0.759
4a5a0fb50c94,3,42000.0,0.121,0.759
c6f6dde86472,0,39500.0,0.121,0.759
901bb7511f38,0,16720.0,0.085,0.831
b266868684f4,11,27900.0,0.121,0.759
28e76409de50,0,37300.0,0.121,0.759
cc3773536adf,0,35700.0,0.121,0.759
2cf5b210b098,0,46100.0,0.121,0.759
c6b144bf5fa6,0,53700.0,0.121,0.759
30119c05ab1d,0,35400.0,0.121,0.759
c52909318aec,10,20300.0,0.121,0.759
e57ab79fd158,13,25500.0,0.121,0.759
d03c6b4c8ec7,1,17600.0,0.121,0.759
0980f6ec0dc9,0,27000.0,0.121,0.759
375dd06581be,0,49000.0,0.121,0.759
1fff1f502e94,4,57500.0,0.121,0.759
6be4a629f879,28,24140.0,0.121,0.759
8f1d20a3d960,32,12200.0,0.121,0.759
cac3c3817122,20,25320.0,0.085,0.831
907562611783,0,15300.0,0.121,0.759
14aaaa9db9a5,5,21100.0,0.121,0.759
9db46a138425,0,60000.0,0.121,0.759
b8e4c201d4e7,4,49900.0,0.121,0.759
8f2976c5287b,0,22500.0,0.121,0.759
6c19e76aa1fe,0,36900.0,0.121,0.759
0bdb2f1debe9,100,200.0,0.121,0.759
785e3e7653b7,0,21400.0,0.121,0.759
209db54d6910,0,33900.0,0.121,0.759
0937dfd6ca48,0,33500.0,0.121,0.759
592bc3239ea9,1,24140.0,0.121,0.759
cbe1c71017c8,0,19700.0,0.121,0.759
99b2f46e5e88,0,31400.0,0.121,0.759
29d86c93a587,1,21900.0,0.121,0.759
0373e9a6db3b,9,37200.0,0.121,0.759
d264c8f111aa,0,44600.0,0.121,0.759
11e95e0298c2,0,42300.0,0.121,0.759
3219fadbd216,0,20000.0,0.121,0.759
655e6e65f6d1,2,14300.0,0.121,0.759
ccdf5175ef33,0,23900.0,0.121,0.759
fc9c2ad2f87c,0,34500.0,0.121,0.759
5e7f50861d81,18,15400.0,0.121,0.759
d34c2967830a,20,24140.0,0.121,0.759
48cb3f30a688,0,35400.0,0.121,0.759
5ddf2e6e9ae6,0,45900.0,0.121,0.759
4add77ee0df2,0,42100.0,0.121,0.759
087a39537d04,1,44600.0,0.121,0.759
59fa47733735,0,28400.0,0.121,0.759
a65a3a038219,0,30400.0,0.121,0.759
de9049caf39c,0,36900.0,0.121,0.759
6847168fe281,0,24600.0,0.121,0.759
72c5d07670b2,50,27000.0,0.121,0.759
28738cad2863,46,24140.0,0.121,0.759
7298e06058f4,0,26800.0,0.121,0.759
e54b336034e2,0,22200.0,0.121,0.759
e4f01b8ed996,81,3720.0,0.085,0.831
53ffc32f681f,46,29900.0,0.121,0.759
cf6df13c8824,0,41500.0,0.121,0.759
1dbf70818711,1,26500.0,0.121,0.759
562345a0d6ec,0,31800.0,0.121,0.759
a03ae9d8df06,0,35600.0,0.154,0.692
3d9b0ebc1782,0,56400.0,0.121,0.759
6fcd66b988be,0,37300.0,0.121,0.759
b04510f4afe0,1,33600.0,0.121,0.759
5d655e859d15,1,41300.0,0.121,0.759
e8ade60d7f3f,2,15200.0,0.121,0.759
0b23f5ffb44e,1,16400.0,0.121,0.759
a6ae36d4e3b2,1,31000.0,0.121,0.759
adedb3880164,0,46100.0,0.121,0.759
1e64b9c05568,0,19400.0,0.085,0.831
76f0423551c4,30,21740.0,0.085,0.831
44f4d89e78a8,0,58700.0,0.121,0.759
bf291b8ae3d8,0,39400.0,0.121,0.759
4581ed1fc153,0,55600.0,0.121,0.759
4a08d0c34127,0,54100.0,0.121,0.759
e9594a316cdf,0,26300.0,0.121,0.759
c5df9f1440f6,1,36000.0,0.121,0.759
3827be1a1182,0,27200.0,0.121,0.759
a528b0abbf4a,0,40500.0,0.121,0.759
801464b11ee2,83,27260.0,0.085,0.831
fe7cdda589ce,0,39500.0,0.121,0.759
80adc096bf76,0,63700.0,0.121,0.759
a216ebaec18b,32,37700.0,0.121,0.759
400cdcb11d2d,0,57800.0,0.121,0.759
55e03d60a4f6,0,34700.0,0.121,0.759
b02b61618018,0,32300.0,0.121,0.759
0ece4b698807,8,16400.0,0.121,0.759
382e453f13d4,4,65300.0,0.121,0.759
df30340a473e,0,42400.0,0.121,0.759
bc86e33729e5,0,59000.0,0.121,0.759
20e731a7a207,0,30100.0,0.121,0.759
09fc58c4230d,0,26200.0,0.121,0.759
28a4bc180c0c,0,22500.0,0.121,0.759
3899b3340945,0,21400.0,0.121,0.759
2b27f1a6f426,0,34100.0,0.121,0.759
ddc9db701fb9,0,16400.0,0.121,0.759
6ae9825a77f5,0,32700.0,0.121,0.759
74934e366871,0,18120.0,0.085,0.831
6055a5f7a5a3,0,35600.0,0.121,0.759
a06f8dfc64b6,0,22200.0,0.121,0.759
153592a94c4a,18,24140.0,0.121,0.759
2dcea85ccea3,0,20400.0,0.121,0.759
6c62f6d4cdbd,0,15100.0,0.121,0.759
490c1a9bba1b,86,26200.0,0.121,0.759
ea953808df67,4,42000.0,0.121,0.759
7fab9c8e55ee,30,44600.0,0.121,0.759
fcd33f772259,14,24140.0,0.121,0.759
d20e9a86bbfd,0,42300.0,0.121,0.759
c671c059980a,0,36200.0,0.121,0.759
aa9c36aad797,0,43300.0,0.121,0.759
5995e6f46f8d,67,24600.0,0.121,0.759
719ed3d013bc,12,23040.0,0.085,0.831
51fa6f7abc59,0,31400.0,0.121,0.759
b2a353664f2a,0,57500.0,0.121,0.759
b1e288b9674b,0,27600.0,0.121,0.759
9bb3e6d5e32c,0,46100.0,0.121,0.759
6732896ff7d0,0,25400.0,0.121,0.759
aec542bd1f20,0,35900.0,0.121,0.759
b5aa82be0070,18,24140.0,0.121,0.759
f3c73eee3baf,0,31600.0,0.121,0.759
3b1bffa2d44a,0,37100.0,0.121,0.759
5d1db3cb9dc7,0,49900.0,0.121,0.759
4225d3d76988,99,20800.0,0.121,0.759
ca86d4a0ad5f,2,48200.0,0.121,0.759
17416bb326c5,0,63300.0,0.121,0.759
98cbb7520b81,0,25800.0,0.121,0.759
6f7660c7805c,0,30900.0,0.121,0.759
53f8ea93ffba,27,59100.0,0.121,0.759
6fc0421a459b,4,73500.0,0.121,0.759
ff6a2c12a22e,0,38500.0,0.121,0.759
5d37f2cbf251,0,77800.0,0.121,0.759
29812acedf59,0,42800.0,0.121,0.759
e5bbd863c1a7,0,38600.0,0.121,0.759
d5850398f14d,5,18400.0,0.121,0.759
86cdb25cbf16,0,22720.0,0.085,0.831
9e599044dbd9,1,40700.0,0.121,0.759
b69ef5e71f4f,28,26900.0,0.121,0.759
2514115e527f,27,24140.0,0.085,0.831
dc66f5be275e,13,24560.0,0.085,0.831
b861ba8a5f95,0,55300.0,0.121,0.759
5cfe4739ab0f,0,51600.0,0.121,0.759
65f81bbf60a9,0,37400.0,0.121,0.759
50e39af7434d,100,7920.0,0.085,0.831
c4370f804031,0,35840.0,0.085,0.831
555dba15db43,32,31300.0,0.121,0.759
4408d4e67cf7,0,23000.0,0.085,0.831
5540da5a7b54,6,45800.0,0.121,0.759
4131b78df3b0,0,40200.0,0.121,0.759
21c3971cd67d,0,45600.0,0.121,0.759
9a32d67332b5,3,33300.0,0.121,0.759
d8400df65878,0,32000.0,0.121,0.759
05c249b6b3c3,4,19200.0,0.121,0.759
83ec628c7f6a,0,18500.0,0.121,0.759
5beb7df11bb8,63,73000.0,0.121,0.759
111528ded2a1,0,29500.0,0.121,0.759
8dc98e6438a5,18,24140.0,0.121,0.759
28ef8d510e28,33,12200.0,0.121,0.759
f1bbca035b59,0,31000.0,0.121,0.759
34375f4ea5a9,0,26600.0,0.121,0.759
825185ffa85c,0,17000.0,0.121,0.759
8979b5369eeb,0,32400.0,0.121,0.759
e15dfd1ba09b,0,35400.0,0.121,0.759
4634bdc48605,0,48900.0,0.121,0.759
07ddfccce9a6,1,21520.0,0.085,0.831
775ed193bad1,0,43800.0,0.121,0.759
3958f5d796b8,0,52300.0,0.121,0.759
1e92c7870732,0,60900.0,0.121,0.759
9a449c9cad0d,0,33600.0,0.121,0.759
718fa9294cfc,16,14400.0,0.121,0.759
5f19723a6f25,69,20660.0,0.085,0.831
52d430c9337b,0,40700.0,0.121,0.759
ac3d4637eff2,39,65900.0,0.121,0.759
0c28e64c38b1,99,51600.0,0.154,0.692
c3fbb2f20d97,17,18260.0,0.085,0.831
4de38d349686,3,20200.0,0.121,0.759
7e59c25fe2b1,33,12200.0,0.121,0.759
defa9a9c461a,0,75200.0,0.121,0.759
edf6e800552c,0,44500.0,0.121,0.759
ab3ca9770a82,0,39000.0,0.121,0.759
671b485cb950,0,30400.0,0.121,0.759
f11f125da7df,1,15200.0,0.121,0.759
0ac24ec09a32,4,25000.0,0.121,0.759
e112640c76d7,0,31600.0,0.121,0.759
61b2e727c7e7,0,36700.0,0.121,0.759
0344ec75b45e,100,14700.0,0.121,0.759
e20e87daab48,1,16900.0,0.121,0.759
b41a14774400,0,21600.0,0.121,0.759
e2c6babd594e,5,46000.0,0.121,0.759
45b07c27c62c,0,37400.0,0.121,0.759
0dc2a29c4384,6,54600.0,0.121,0.759
fdb2cf7587be,2,20900.0,0.121,0.759
502ffe280849,21,30500.0,0.121,0.759
9ad90ec367be,0,21800.0,0.121,0.759
6e5024a9d273,0,33300.0,0.121,0.759
029797affbf3,0,26600.0,0.121,0.759
2c8d35c77e7e,0,15100.0,0.121,0.759
3f0b8de00971,1,18700.0,0.121,0.759
08f7785a85c7,2,20700.0,0.121,0.759
3c24732f6c85,0,44900.0,0.121,0.759
6493c0d98779,0,27500.0,0.121,0.759
50d51a0d169f,0,90000.0,0.121,0.759
f7133313f924,0,35200.0,0.121,0.759
7b6a99fef315,0,29200.0,0.121,0.759
83b77472c1f5,0,20900.0,0.121,0.759
430d41bbb334,0,34300.0,0.121,0.759
d06df4f745ed,0,75300.0,0.121,0.759
e51068200538,0,45300.0,0.121,0.759
3695f1ffc868,0,38900.0,0.121,0.759
5cf4f4e2b2df,0,44800.0,0.121,0.759
8a5e01f04b3c,6,14700.0,0.121,0.759
fdc13c7e1e52,0,34800.0,0.121,0.759
b7da6b36a333,0,41300.0,0.121,0.759
feedf36246b1,0,27600.0,0.121,0.759
b687b6533c5d,0,55900.0,0.121,0.759
2a0f1bd8c498,40,20900.0,0.085,0.831
1ff22091bc1b,0,90000.0,0.121,0.759
d2ca63d03538,45,19880.0,0.085,0.831
26b32cd23bee,0,28400.0,0.121,0.759
8b55f04500db,39,24140.0,0.085,0.831
a0d2cb4aaca6,50,37900.0,0.121,0.759
fe72c1ce3f1c,1,36000.0,0.121,0.759
3babd199ea65,0,23400.0,0.121,0.759
55d217505d03,0,26000.0,0.121,0.759
68ebdb9a4799,0,24140.0,0.085,0.831
64849a236644,0,29500.0,0.121,0.759
c3c1d978208d,0,22100.0,0.121,0.759
7e3eea65fe0a,31,61000.0,0.121,0.759
ef1476822786,29,19900.0,0.121,0.759
d09f3182ff67,0,30100.0,0.121,0.759
e94508d5b34c,40,24140.0,0.121,0.759
74a0d2c64c18,30,67500.0,0.121,0.759
e13ddd9049bc,0,52300.0,0.121,0.759
1b8f1d4c58c4,0,46300.0,0.121,0.759
a1a201675c19,5,32200.0,0.154,0.692
34427d86b636,52,24200.0,0.085,0.831
5bee281b4908,80,29460.0,0.085,0.831
919e0df2041f,37,24140.0,0.121,0.759
601d2326cc57,0,16500.0,0.121,0.759
929fdb8e11f2,4,37700.0,0.121,0.759
67026b449c69,0,40600.0,0.121,0.759
644bee3a7048,15,15700.0,0.121,0.759
2475dc034208,0,45000.0,0.121,0.759
a5125b20643e,22,,0.085,0.831
f0515c5d563b,0,24140.0,0.121,0.759
dc43e5b5e19a,7,38600.0,0.121,0.759
71f1882cb578,0,27100.0,0.121,0.759
7efcbadbcfb9,49,71100.0,0.121,0.759
8640e58608ea,0,38700.0,0.121,0.759
3e3165355a25,0,36100.0,0.154,0.692
394a6b3b4ec2,1,24140.0,0.121,0.759
a659a52526b4,64,13980.0,0.085,0.831
4caadc3a7d6a,0,44300.0,0.121,0.759
31880fbadb97,86,15260.0,0.121,0.759
75df26085985,0,27600.0,0.121,0.759
61d7e330207d,18,12400.0,0.121,0.759
a486ed7ddcfe,1,21800.0,0.121,0.759
3e8e501970f6,0,19100.0,0.121,0.759
491cd7953c07,100,24140.0,0.085,0.831
0493601ea3f5,100,300.0,0.121,0.759
10b411f3130f,1,60800.0,0.121,0.759
e5c5fa1ea62c,0,30300.0,0.121,0.759
5134b6fadaff,2,18600.0,0.121,0.759
c444f3533f23,0,63500.0,0.121,0.759
92a085f026c2,0,40100.0,0.085,0.831
3855b769beb1,0,38500.0,0.121,0.759
63b2eaeec0f7,0,2100.0,0.121,0.759
d4610069a464,3,13700.0,0.121,0.759
e12d10039ed5,100,23320.0,0.085,0.831
b894836bc5c8,100,100.0,0.154,0.692
99bf6868ec1c,0,49000.0,0.121,0.759
06c438d3daad,16,14400.0,0.121,0.759
9b8c540e180e,24,24140.0,0.121,0.759
10c1a5658258,0,22380.0,0.085,0.831
4c56f6a6fb21,0,40100.0,0.121,0.759
f5e00a337482,0,26800.0,0.121,0.759
8e041f2815ea,0,30300.0,0.121,0.759
4750eeedcbf1,0,24140.0,0.085,0.831
d65c36ad5f56,0,27100.0,0.121,0.759
3c068dd4b21a,16,26420.0,0.085,0.831
6dfc86e90dcf,0,36300.0,0.121,0.759
9589113ea034,0,31500.0,0.154,0.692
6b6bcb00c7d0,0,40900.0,0.121,0.759
048210b2a123,0,35900.0,0.121,0.759
576f44afd7f8,6,33300.0,0.121,0.759
807656f5e083,0,53100.0,0.154,0.692
fd286b0fe271,47,23620.0,0.085,0.831
37680884002e,25,24140.0,0.121,0.759
0e61fc94c7fd,0,32200.0,0.121,0.759
3e2b9f8d77e5,34,20560.0,0.085,0.831
d1163236d741,27,28800.0,0.085,0.831
1fc0e88c77ef,38,32600.0,0.121,0.759
88162deefaa5,0,37600.0,0.121,0.759
9a056861a6d1,0,36200.0,0.121,0.759
888c8c673252,0,38700.0,0.121,0.759
b4698b657bdb,0,19700.0,0.121,0.759
768c2d6a9987,43,11260.0,0.121,0.759
89c7aaab2618,0,50500.0,0.121,0.759
084fec015795,14,27200.0,0.121,0.759
e796d791c6ce,83,24140.0,0.085,0.831
f27fd3168f5f,0,45100.0,0.121,0.759
c4f07dfbed18,2,28300.0,0.154,0.692
ba1ead652f2c,31,22640.0,0.085,0.831
5c8047cf58f3,7,20100.0,0.121,0.759
ef3526be8bd6,5,13500.0,0.121,0.759
24da1bc2833a,100,22200.0,0.085,0.831
6dc6a73bb08d,0,24800.0,0.121,0.759
0cea3d996ac7,0,53000.0,0.121,0.759
1feedcceef9c,80,5180.0,0.085,0.831
f7a27397cda2,41,24520.0,0.085,0.831
c2881f49fc8b,50,41200.0,0.121,0.759
bf0f460914d0,0,32300.0,0.121,0.759
cf6a66d03151,5,,0.085,0.831
699bd84b4f7b,0,24700.0,0.121,0.759
a3ff4ffa61b5,0,45200.0,0.121,0.759
11d544430019,0,22000.0,0.121,0.759
854412b4decb,10,22540.0,0.085,0.831
e189694ed0af,0,38800.0,0.121,0.759
48b892875b96,0,35400.0,0.121,0.759
2e1a030c2715,13,43700.0,0.121,0.759
0a8acfec6d3d,0,27800.0,0.121,0.759
430ba48c5d2c,78,26100.0,0.121,0.759
474b14884dd2,0,40200.0,0.121,0.759
c8129f38823c,1,18200.0,0.121,0.759
38966f46d2ba,0,21900.0,0.121,0.759
9dedf4dc3e03,0,49000.0,0.121,0.759
e7958d1e2f68,43,17840.0,0.085,0.831
e85f6c09a84f,0,33200.0,0.121,0.759
ded8eb211667,0,36000.0,0.121,0.759
b9f895f1f29a,24,24140.0,0.121,0.759
d4c6ecb4d2f6,0,33000.0,0.121,0.759
6b685d3ad512,0,40600.0,0.121,0.759
bb0c06de7266,0,33000.0,0.121,0.759
d97ea01cfc3c,6,18600.0,0.121,0.759
2386ea929efe,0,32900.0,0.121,0.759
5f631d202107,0,34700.0,0.121,0.759
d8b914007086,0,38900.0,0.121,0.759
01f7b948d17e,0,51700.0,0.121,0.759
4c4963c38839,7,38600.0,0.121,0.759
ab208963797f,3,28700.0,0.121,0.759
db5fe625ceac,0,34900.0,0.121,0.759
6ef698056382,0,20800.0,0.121,0.759
c4e4836fcee6,0,43800.0,0.121,0.759
22dffb949fd2,0,42100.0,0.121,0.759
a045826b5af2,0,27300.0,0.121,0.759
e5b66cb427dd,0,25400.0,0.121,0.759
6cdcdede91ba,0,48000.0,0.121,0.759
38e51532fa25,0,28200.0,0.085,0.831
e942e64a418c,0,59000.0,0.121,0.759
f71950c4ac85,6,16400.0,0.121,0.759
be7f25e3fdcf,0,41300.0,0.121,0.759
7f101f0102fc,80,29300.0,0.085,0.831
a4edc65f378d,32,33600.0,0.121,0.759
fc805ea95e4f,0,36100.0,0.121,0.759
c9a97612580f,24,20620.0,0.085,0.831
b2e624f93875,0,27800.0,0.121,0.759
cc59dac5a838,5,24200.0,0.085,0.831
9e2491d6940a,0,33600.0,0.121,0.759
094285fb2b11,0,32060.0,0.085,0.831
97068a7079d9,0,39200.0,0.121,0.759
1312839a8c2b,0,59300.0,0.121,0.759
a1e897e7ca2a,1,18900.0,0.121,0.759
a668bb0f50e3,44,24140.0,0.085,0.831
aaee1377e8b3,9,24140.0,0.085,0.831
c597871f5bed,9,37700.0,0.121,0.759
3532c4c5f233,39,24140.0,0.121,0.759
9f51c655a6a6,0,40800.0,0.121,0.759
296133899b05,0,47700.0,0.121,0.759
c563ea4b249c,2,27300.0,0.121,0.759
18adb64b2c7d,55,17600.0,0.121,0.759
43ea3072f0f2,0,36200.0,0.121,0.759
205d9e4b108a,1,48300.0,0.121,0.759
bd2083838f90,1,21700.0,0.121,0.759
cbad3599e2e4,1,48700.0,0.121,0.759
48970c0a1ccc,0,33000.0,0.121,0.759
d5b901d246be,98,,0.121,0.759
018c777107ba,0,30300.0,0.121,0.759
b076c6f75127,3,30020.0,0.085,0.831
f277b42c01f0,76,24140.0,0.085,0.831
5509cc9fe88a,5,16960.0,0.085,0.831
05074d1a2ad9,30,22660.0,0.085,0.831
40575d800dd9,0,38900.0,0.121,0.759
0c2f86ba4f7e,1,30200.0,0.121,0.759
228dfbc40890,13,24140.0,0.085,0.831
81265cb23a19,0,34300.0,0.121,0.759
01848b154e4a,0,17300.0,0.121,0.759
c063c7bc5e11,0,22700.0,0.121,0.759
835e67081ed2,2,,0.085,0.831
aadcf2d3a1e9,77,19020.0,0.085,0.831
03070f0914b3,0,56200.0,0.121,0.759
6d0555fbe282,23,25840.0,0.085,0.831
85244414ecd9,6,16400.0,0.121,0.759
692e0aecbf17,0,29900.0,0.121,0.759
b6c6b7294b3b,100,14100.0,0.121,0.759
6bf6eada9b5a,0,24140.0,0.085,0.831
eab5d7862693,0,22900.0,0.121,0.759
f50734712ec2,2,16500.0,0.121,0.759
fa25cc939d28,42,20380.0,0.085,0.831
e702faacdccb,0,15400.0,0.121,0.759
f101a4de8974,0,41000.0,0.121,0.759
5ee3dfff8074,20,31700.0,0.121,0.759
272cbea07083,12,,0.085,0.831
a51de818bed6,75,6960.0,0.121,0.759
325fc0323a74,1,20600.0,0.121,0.759
20f9c7ef548b,0,13100.0,0.121,0.759
f643089c50c9,1,18200.0,0.121,0.759
eb468ae21206,100,24140.0,0.121,0.759
ac9f7b34cb7c,100,24840.0,0.085,0.831
15a975204527,100,17100.0,0.121,0.759
9ef6a9ea4553,0,24140.0,0.085,0.831
639d230232e8,0,53400.0,0.121,0.759
4655ba26de15,8,13400.0,0.121,0.759
d5c5243afb0f,32,33600.0,0.121,0.759
1be9d1813df3,0,29020.0,0.085,0.831
ac9a0824f65f,13,43800.0,0.121,0.759
f91aa3362830,2,24140.0,0.121,0.759
0b6b17f6e2d7,2,24140.0,0.121,0.759
ce7f1c7cc393,49,13600.0,0.121,0.759
de5a5767af34,0,77400.0,0.121,0.759
b7122d987d03,0,31140.0,0.085,0.831
155737c18721,0,24140.0,0.121,0.759
cebd44bb6e4d,49,13600.0,0.121,0.759
f3a92383eab1,0,46600.0,0.121,0.759
fa0b7ba239ab,8,16400.0,0.121,0.759
122811fea6b3,0,35200.0,0.121,0.759
1907045b46ad,58,15800.0,0.121,0.759
9c98f1056e79,0,14500.0,0.085,0.831
559244b53d21,0,39700.0,0.121,0.759
b4d85dcc8d04,0,26900.0,0.121,0.759
699154990f86,0,25200.0,0.121,0.759
7224eba4dd4d,0,23300.0,0.085,0.831
b90087e0e954,1,19600.0,0.121,0.759
57c0e5a45ddf,0,26100.0,0.121,0.759
abf699d48a32,84,29520.0,0.085,0.831
0548a11af669,77,6540.0,0.085,0.831
dfe296b57008,86,24140.0,0.121,0.759
2e49ff75c188,49,71100.0,0.121,0.759
81889a1391d9,0,17940.0,0.085,0.831
9a1ee8a7030f,2,24140.0,0.121,0.759
43ab076dddb4,0,31800.0,0.121,0.759
2e06b3c85b8b,40,14200.0,0.121,0.759
33cd81a33266,79,24140.0,0.121,0.759
9ef65542448e,0,16740.0,0.085,0.831
988718986e89,0,40800.0,0.121,0.759
400d90f6b808,18,24460.0,0.085,0.831
2e05914fb543,28,24140.0,0.121,0.759
94da2cbfaeeb,77,6540.0,0.085,0.831
ecc707369420,0,40500.0,0.121,0.759
ee144e058635,0,49500.0,0.121,0.759
2066603a736f,38,20280.0,0.085,0.831
1c1c07535c2e,0,44800.0,0.121,0.759
6d2dc177912e,0,31100.0,0.121,0.759
f97ff91d3a38,23,20580.0,0.085,0.831
c6c9083f8377,82,4920.0,0.121,0.759
b54cb1efaece,0,42100.0,0.121,0.759
d50f3699ec3f,100,24140.0,0.085,0.831
397b308edd5a,0,35300.0,0.121,0.759
295d4b8830cd,0,35600.0,0.121,0.759
700dfb105445,9,15900.0,0.085,0.831
6ca6b19e5950,0,24140.0,0.121,0.759
74a4afa65d6a,1,17700.0,0.121,0.759
6bf4eb3bdf31,0,28600.0,0.121,0.759
e4067a2a4573,0,35800.0,0.121,0.759
562f928ac483,0,43700.0,0.121,0.759
815859f025d6,0,33400.0,0.121,0.759
5d77092f9467,12,42000.0,0.121,0.759
b40eba2363ba,44,24140.0,0.121,0.759
cabcb50523eb,26,15800.0,0.121,0.759
49250a82e1c5,0,19400.0,0.121,0.759
4933fef82e51,0,20300.0,0.121,0.759
8b909767802e,0,42600.0,0.121,0.759
b8ffcb5b0769,0,37800.0,0.121,0.759
90d1aea850bb,0,30300.0,0.121,0.759
016c38244a04,1,28800.0,0.121,0.759
05f05b2c61ba,48,24140.0,0.085,0.831
147011ed3efc,42,12200.0,0.121,0.759
953992e16be8,0,36000.0,0.121,0.759
f37bf95e2c69,13,22360.0,0.085,0.831
7981f432a004,0,47100.0,0.121,0.759
c73f3001615e,0,40900.0,0.121,0.759
5f5405fb350e,70,14600.0,0.154,0.692
28dadf31d497,13,24140.0,0.121,0.759
6353ead7337f,0,29000.0,0.121,0.759
5c6b58990ad7,0,21660.0,0.085,0.831
deacb3f9f372,0,23900.0,0.121,0.759
07921c6a4890,36,23760.0,0.121,0.759
f3d29a4ec5d4,0,90000.0,0.121,0.759
806826713c9e,1,36300.0,0.121,0.759
09de52f34c95,0,31700.0,0.121,0.759
8e20d3838599,0,25400.0,0.121,0.759
2a10e154cd1a,0,31880.0,0.085,0.831
28fb8b45f743,5,31440.0,0.085,0.831
b5436b8c1f2f,74,24140.0,0.121,0.759
692793a59550,76,16160.0,0.085,0.831
60ec052d7343,44,24140.0,0.121,0.759
d39fa9569f37,100,12200.0,0.121,0.759
ee27e2fd87f9,0,52200.0,0.121,0.759
953ee396af54,0,39500.0,0.121,0.759
728b927091f7,0,71300.0,0.121,0.759
10940c782642,63,19260.0,0.085,0.831
0b71e714a338,24,73400.0,0.121,0.759
d9d4c89e9a5d,100,14880.0,0.121,0.759
5ddc1ba17e8f,0,41300.0,0.121,0.759
13ab2d4ece8d,1,26400.0,0.121,0.759
6079c6fd83e3,0,17940.0,0.085,0.831
cd3591b97014,2,22060.0,0.085,0.831
4f006458383d,0,24140.0,0.085,0.831
6b6db0bbb5db,7,24140.0,0.085,0.831
cc5e41858179,0,45000.0,0.121,0.759
10b033c79d18,0,47500.0,0.121,0.759
e01bade05b9a,80,24140.0,0.085,0.831
4b4eb485f255,9,24140.0,0.085,0.831
4ef80af3e65c,88,24140.0,0.085,0.831
2f56b97e9fd7,50,23200.0,0.121,0.759
c0b6766f3f92,73,21540.0,0.085,0.831
53e7888b07be,96,24140.0,0.121,0.759
a26427d0774f,0,24140.0,0.121,0.759
f75a5d2bc055,97,15660.0,0.085,0.831
4da9bd0ac57d,0,34400.0,0.121,0.759
75ac07c7dc66,55,21580.0,0.085,0.831
5dae8a3f664f,50,29400.0,0.121,0.759
801eb4a3e075,0,24140.0,0.085,0.831
e205af8342d3,0,35060.0,0.085,0.831
bcbae81f7caa,36,24140.0,0.121,0.759
02149ea2b3bf,20,32340.0,0.085,0.831
61783d0790d9,0,24140.0,0.085,0.831
0ccede7a2a6d,1,17800.0,0.121,0.759
9c4962bc5951,100,12200.0,0.121,0.759
9ceebf60b516,23,19280.0,0.085,0.831
c2bb24ab8848,1,24140.0,0.121,0.759
0c5389bf6878,2,41380.0,0.085,0.831
4ba4932f6791,30,26060.0,0.085,0.831
ca9cb87a58d3,24,24140.0,0.121,0.759
a55ab1ab7032,0,24140.0,0.121,0.759
cf6f572b56ee,1,36300.0,0.121,0.759
443693305499,0,23700.0,0.121,0.759
66f71eb1e257,95,24140.0,0.121,0.759
cd557e435cab,0,39200.0,0.121,0.759
0dfa0aec456a,0,90000.0,0.121,0.759
60b17a5b9a2a,0,27200.0,0.121,0.759
7367e6d0fae0,31,23360.0,0.085,0.831
8442a86693ed,5,17700.0,0.121,0.759
ccd269ec2e78,92,27740.0,0.085,0.831
1697f59db32d,0,17100.0,0.121,0.759
2a42a31cd1f9,28,52900.0,0.121,0.759
6579e3fa919d,0,23400.0,0.121,0.759
c9939a5e481c,0,24140.0,0.121,0.759
1f16c94296d9,0,35300.0,0.121,0.759
4aba4cd89b52,100,24140.0,0.121,0.759
e31256a764ca,0,32400.0,0.121,0.759
1674267e30ee,4,24000.0,0.121,0.759
c01624295b4b,3,18200.0,0.121,0.759
aa8388b3ce02,0,22100.0,0.121,0.759
9d1074f1610c,0,24140.0,0.085,0.831
bbdda0bc33be,2,24140.0,0.121,0.759
3a2904a102cf,51,27000.0,0.121,0.759
069ba2d31be9,28,,0.121,0.759
245ad9a070f3,0,24140.0,0.121,0.759
8355329e5f5c,15,24140.0,0.085,0.831
aa767206683b,84,34500.0,0.121,0.759
ee44425107a8,8,21580.0,0.085,0.831
202228a50608,43,24140.0,0.121,0.759
a7a0e5de1cbe,100,13800.0,0.121,0.759
dc1bf64f2ca8,83,14240.0,0.085,0.831
542c7ebc1693,46,21100.0,0.121,0.759
012d85068fe4,0,41100.0,0.121,0.759
d82375d33b88,100,24140.0,0.121,0.759
350ad0efaabe,66,10240.0,0.121,0.759
d045ebf8cfa7,5,24860.0,0.085,0.831
f9706289a88c,4,24140.0,0.121,0.759
aa48c788e45c,11,24140.0,0.121,0.759
6ceec0eca1f8,36,24140.0,0.085,0.831
53cfd6e853f2,1,24140.0,0.121,0.759
2452af3e35f4,2,20220.0,0.121,0.759
87d8921f2c22,0,19500.0,0.121,0.759
fa5e3ae762e2,0,26600.0,0.121,0.759
fd7927ff5b60,16,25080.0,0.085,0.831
0279d360a7a3,65,23700.0,0.121,0.759
3eff8afa30b9,21,41600.0,0.121,0.759
115196814408,92,27740.0,0.085,0.831
3aa58a856e14,68,24700.0,0.121,0.759
96d4e9278bf7,21,26500.0,0.121,0.759
45d0421fa660,100,24140.0,0.121,0.759
d1f67a907e88,38,24140.0,0.085,0.831
e9008f5215af,1,25400.0,0.121,0.759
aabe699d9091,1,19900.0,0.121,0.759
0e83d5c8a642,0,24140.0,0.121,0.759
bb58eecd32ad,1,24140.0,0.121,0.759
e9b10c9c46d8,35,24140.0,0.121,0.759
2feb0ec68534,0,23500.0,0.121,0.759
bcb52c938e2c,94,9940.0,0.121,0.759
a7092b86b843,100,24140.0,0.085,0.831
dfad6fed6fcb,50,14200.0,0.121,0.759
c2fb330cd077,0,29300.0,0.121,0.759
e59e8d873f3c,73,25220.0,0.085,0.831
c927165129b9,9,20480.0,0.121,0.759
1eb1ebbdf3f6,2,24140.0,0.121,0.759
6608d3c68d58,0,32000.0,0.121,0.759
764d97730167,1,15400.0,0.121,0.759
a519dfad77a1,0,24140.0,0.085,0.831
f7430dad20b1,0,24500.0,0.121,0.759
b025986a6949,1,19900.0,0.121,0.759
2a6e49ba3149,88,24140.0,0.121,0.759
fa6a0b369c23,98,24140.0,0.121,0.759
1c350a204c00,0,14100.0,0.121,0.759
53e7903a38e9,100,,0.085,0.831
997d4cac147d,0,25800.0,0.121,0.759
8fca22057951,48,16200.0,0.121,0.759
91d24ad346c3,0,38700.0,0.121,0.759
dc31436ac294,77,15300.0,0.085,0.831
b4d7a42239e4,0,20700.0,0.121,0.759
95dc1ee3fa07,0,19400.0,0.121,0.759
69eccedef5a2,0,24140.0,0.121,0.759
d2a607981fe8,73,6180.0,0.085,0.831
591495aad7de,35,,0.085,0.831
443b2f4b5ac6,50,12600.0,0.121,0.759
97194ef69dc6,0,20240.0,0.085,0.831
581cbc4d41d8,13,24140.0,0.121,0.759
c5ca75879672,24,21000.0,0.121,0.759
eef4a5cfdd5a,0,12900.0,0.121,0.759
29281685dee1,73,22720.0,0.085,0.831
07eaa3864446,0,34700.0,0.121,0.759
eb229b8dc588,100,24140.0,0.121,0.759
1d266af4cd61,94,24140.0,0.121,0.759
3dbd4e00ca93,88,24140.0,0.121,0.759
17a580ae94b4,0,21600.0,0.121,0.759
82726ae3a33f,12,25140.0,0.085,0.831
3a8f0649e96b,0,18900.0,0.121,0.759
6d2ef3902de5,3,24140.0,0.121,0.759
1e9772dbd785,0,24140.0,0.154,0.692
b3ef6a034975,0,26740.0,0.085,0.831
c665cdc335cf,100,12200.0,0.121,0.759
55b20a647690,97,24140.0,0.085,0.831
3dec3f8ac3b3,43,24140.0,0.121,0.759
d51d3297caed,0,22300.0,0.121,0.759
1b2ff7c5e8e1,2,27800.0,0.085,0.831
d1c7b7435c03,4,31920.0,0.085,0.831
a255abc82eb3,0,49800.0,0.121,0.759
d764c037a658,0,37100.0,0.121,0.759
ca65582ad8cf,2,27800.0,0.085,0.831
921cdfc897a4,0,24700.0,0.121,0.759
86724fdf0a9d,70,29440.0,0.121,0.759
00f7a9060d6f,64,24140.0,0.121,0.759
df73d13a9089,2,35320.0,0.085,0.831
f6650ca300aa,0,28200.0,0.085,0.831
fdf40b0feb41,40,28480.0,0.085,0.831
52e518287a54,0,23100.0,0.121,0.759
b25b0cfdd95e,0,37900.0,0.121,0.759
6262363d5ecc,0,20200.0,0.121,0.759
41cf00ef32de,9,28700.0,0.121,0.759
dc0660e73720,5,33800.0,0.121,0.759
68331976fceb,100,24140.0,0.121,0.759
1619061b44f2,15,27900.0,0.121,0.759
63057f91153f,0,19200.0,0.121,0.759
84f26b463a61,3,24140.0,0.121,0.759
7dddaacadf6a,0,19800.0,0.121,0.759
7c6728738206,0,31100.0,0.121,0.759
ba64034b3c4e,0,51700.0,0.121,0.759
7bf3292aa8c7,0,38900.0,0.121,0.759
ae2790e97f67,0,50900.0,0.121,0.759
56b6fd411adf,23,24140.0,0.121,0.759
8d069fb8a749,1,17400.0,0.121,0.759
23660a1d7875,77,21700.0,0.085,0.831
71ea62260638,96,12700.0,0.121,0.759
d5b7ec19f465,7,19900.0,0.121,0.759
f23b5e4a3938,88,24140.0,0.121,0.759
41bbd429612a,0,25400.0,0.121,0.759
167621f329c6,4,20820.0,0.085,0.831
38a0de2b86cd,0,55700.0,0.121,0.759
5f612d1a285b,0,15300.0,0.121,0.759
48618cdc511b,11,24140.0,0.121,0.759
f8744635f36a,0,43300.0,0.121,0.759
bc84af07d085,0,50000.0,0.121,0.759
8be2b297650a,0,17500.0,0.121,0.759
63e8ee49693e,0,34600.0,0.121,0.759
8fd5de3383c6,5,17700.0,0.121,0.759
f3ecfbfb0fe7,0,37900.0,0.121,0.759
f90344e5264c,0,31700.0,0.121,0.759
1f729991e7b2,0,23700.0,0.121,0.759
8b6b450b9648,88,24140.0,0.121,0.759
95b4df5225f0,0,16500.0,0.121,0.759
f66ce9bbae19,0,30200.0,0.121,0.759
a05c39d1d76f,9,29520.0,0.085,0.831
29dc64f85727,1,26100.0,0.121,0.759
08494f35ab94,50,13500.0,0.121,0.759
e869010b2c67,0,24600.0,0.121,0.759
59e0fbad526f,0,30800.0,0.121,0.759
a115e23fa1ca,74,15800.0,0.121,0.759
6fe39e4838e4,0,33000.0,0.121,0.759
d4790bc70c36,55,5800.0,0.121,0.759
801632f0a107,4,16700.0,0.121,0.759
1fd0786370d3,4,16700.0,0.121,0.759
4f5a63637bf0,100,,0.085,0.831
15abb296fa1d,1,13300.0,0.121,0.759
7f0596c52720,36,30500.0,0.121,0.759
f60ff8e35982,19,24140.0,0.121,0.759
65f3df42ba8b,46,38800.0,0.121,0.759
8d36d4a3211e,43,24140.0,0.121,0.759
7b5d094e38b9,0,47700.0,0.121,0.759
e6ce07ebfee3,16,24140.0,0.085,0.831
73a656709f3a,0,34800.0,0.121,0.759
b238a9cb0427,0,54900.0,0.121,0.759
649bab4e44ef,7,24140.0,0.121,0.759
f764d580c87e,0,17100.0,0.121,0.759
2d00e0d7a53b,0,24140.0,0.121,0.759
656c1379f2bb,0,31600.0,0.121,0.759
9a1fdd60c048,0,37500.0,0.121,0.759
7d9eba91fab9,4,25400.0,0.121,0.759
fca9d9f5b417,1,26100.0,0.121,0.759
31c163f8892f,39,24140.0,0.121,0.759
49b8f2ac85e9,64,4660.0,0.085,0.831
e62979264676,94,24400.0,0.121,0.759
aed68e38fd33,88,19500.0,0.121,0.759
b8f08c412243,0,49700.0,0.121,0.759
a6092c5f4cbb,95,30100.0,0.085,0.831
4976392a189f,0,19500.0,0.121,0.759
7f70425b9ba4,1,13100.0,0.121,0.759
8df47b5bd9ad,7,24140.0,0.121,0.759
6c84193c5ecc,11,17500.0,0.121,0.759
6318c5e049a3,42,20180.0,0.085,0.831
f36f4ef2041a,0,39500.0,0.121,0.759
39674ac00bef,1,15200.0,0.154,0.692
6213e7c8879e,0,54100.0,0.121,0.759
a878fdb09527,0,28900.0,0.121,0.759
5e45df24e6ad,2,31800.0,0.121,0.759
a4a46d0262d7,0,24140.0,0.121,0.759
d36f30c02a9b,0,41900.0,0.121,0.759
7afe49cf542a,100,23700.0,0.154,0.692
318682e12690,2,,0.085,0.831
3cab9f30c707,80,29540.0,0.085,0.831
930deb47f2ca,0,19500.0,0.121,0.759
69f10b284abf,0,24500.0,0.121,0.759
0e2b265ec0d2,0,36800.0,0.121,0.759
ecfa5a1155c8,2,25800.0,0.121,0.759
2d40e1035b2e,0,19800.0,0.121,0.759
0b277f0c697b,2,,0.085,0.831
54d655aab415,26,24640.0,0.085,0.831
24c58b7a24d4,0,31300.0,0.121,0.759
f8e3dce3e004,46,24140.0,0.121,0.759
a49c88406924,42,21600.0,0.121,0.759
475c16a0e47c,66,30220.0,0.085,0.831
4680e39e4deb,0,36400.0,0.121,0.759
a143f5c39405,100,19300.0,0.121,0.759
04df3aff7ef9,69,23740.0,0.085,0.831
030807dd513d,0,28400.0,0.121,0.759
5b8f222338c5,0,28100.0,0.121,0.759
3ea05f0abca1,0,29200.0,0.121,0.759
a9131ad10cf2,0,21500.0,0.121,0.759
8d6713958f52,3,23900.0,0.121,0.759
dd016577cc73,0,34400.0,0.121,0.759
026ce1822f00,2,28800.0,0.121,0.759
4f2cba90f1ce,23,25840.0,0.085,0.831
002fbb598235,5,24140.0,0.121,0.759
0dd9cfe07117,0,24140.0,0.121,0.759
40befb492352,0,29600.0,0.121,0.759
e668f3869cd8,34,24140.0,0.085,0.831
f2ce3e6f2f45,0,25800.0,0.121,0.759
06c1f7cb5d6d,0,59900.0,0.121,0.759
f43ef349de4e,0,28840.0,0.085,0.831
9424c3acf477,14,37100.0,0.121,0.759
7c46e2c06e61,0,47600.0,0.121,0.759
a79960d317e3,0,20860.0,0.085,0.831
398075d33873,29,27900.0,0.121,0.759
79ee47128ca6,17,19300.0,0.121,0.759
43f83ffc0d1e,100,21700.0,0.121,0.759
10956dd353f9,10,26700.0,0.085,0.831
f7b20390a1d1,8,53900.0,0.121,0.759
d189b1fbea68,0,39200.0,0.121,0.759
31e74db048c4,0,31200.0,0.121,0.759
93b7b354a794,70,24140.0,0.121,0.759
4e992f8abc81,0,33600.0,0.121,0.759
c786660ab038,13,16980.0,0.121,0.759
1e1019718721,0,24140.0,0.121,0.759
16a3846172d8,0,29700.0,0.121,0.759
a4a306ea4fe6,0,17600.0,0.121,0.759
b85b9ddb849d,1,24140.0,0.085,0.831
e7e91bbc3e76,73,26360.0,0.085,0.831
9ad622ee3d05,0,6180.0,0.085,0.831
ba4c51296ff6,100,14100.0,0.121,0.759
3c1d768f6093,0,59600.0,0.121,0.759
98ec06452c97,0,34560.0,0.085,0.831
e9158a0e63ed,5,36200.0,0.121,0.759
cb3098fc4ed5,0,17600.0,0.121,0.759
e122bbb90809,20,44500.0,0.121,0.759
78b5ce355d22,88,24140.0,0.121,0.759
e3315cda720f,0,31100.0,0.121,0.759
497cd7cca5d7,0,48700.0,0.121,0.759
76fef5686366,0,37300.0,0.121,0.759
629f2ca93e33,0,50000.0,0.085,0.831
7e6cfb3e9276,98,48300.0,0.121,0.759
9052382ddd96,3,32700.0,0.121,0.759
638c1a0faac2,0,24200.0,0.121,0.759
aae3b908efb0,100,2700.0,0.121,0.759
5bd8dec03b8c,62,22300.0,0.121,0.759
6e6b876a1dda,1,15700.0,0.121,0.759
7217d193a82d,19,37500.0,0.121,0.759
ff3cb74456f1,0,45800.0,0.121,0.759
b00304a5535e,0,35800.0,0.121,0.759
e10a505d9696,0,34500.0,0.121,0.759
1a24081aa88a,0,25700.0,0.121,0.759
415fbee7bbed,0,26100.0,0.121,0.759
303b3e918cf7,57,24140.0,0.121,0.759
21cb141fa882,1,37600.0,0.121,0.759
f025019cd2da,66,18540.0,0.085,0.831
7e1e31986f1a,100,24140.0,0.121,0.759
d4336a36cac1,0,38500.0,0.121,0.759
ae9e867cb781,0,30700.0,0.121,0.759
99d398e4ddb8,0,90000.0,0.121,0.759
873909967248,19,22700.0,0.121,0.759
6d73d1773873,0,22900.0,0.121,0.759
c9d8887c5944,9,49800.0,0.121,0.759
0b0f45cd1eb2,0,23900.0,0.121,0.759
9f7d06c45c93,0,24140.0,0.121,0.759
1a21369a8119,3,12140.0,0.085,0.831
2158ef9ac831,0,26600.0,0.121,0.759
1e5f05f4dec7,0,58700.0,0.121,0.759
f68859ff8dc5,0,46300.0,0.121,0.759
98019f71072a,0,41600.0,0.121,0.759
93a88f1c88e8,0,31100.0,0.121,0.759
19dd114d989a,14,22700.0,0.085,0.831
330cedd673cd,27,18500.0,0.085,0.831
45481781211f,0,80800.0,0.121,0.759
152daf340066,4,27800.0,0.121,0.759
15b1a9221f9f,0,58100.0,0.121,0.759
89ef7474711b,5,25200.0,0.085,0.831
7e977602a182,43,32380.0,0.085,0.831
1f2cefcc4770,0,35800.0,0.121,0.759
910d6d92a8af,25,24140.0,0.121,0.759
86e6f7095bdb,0,38100.0,0.121,0.759
97deae2d63dd,0,21900.0,0.121,0.759
26bb934da5e6,0,42800.0,0.121,0.759
4934558acda8,50,16000.0,0.121,0.759
a71fa3848558,0,53200.0,0.121,0.759
8857514c89d4,0,21300.0,0.121,0.759
1042ef65aba6,2,30300.0,0.121,0.759
9c868a9ce960,1,23600.0,0.121,0.759
b7ccd58ffa67,0,22220.0,0.085,0.831
701efbb2d517,0,78400.0,0.121,0.759
db373ddfd5e2,55,24140.0,0.121,0.759
c6781aaf29b8,100,19300.0,0.121,0.759
8596f3946d9c,0,43600.0,0.121,0.759
4ee6e11e7487,2,34100.0,0.121,0.759
d4465d78bb3e,0,37200.0,0.121,0.759
28b10c2c97fa,0,37300.0,0.085,0.831
8372367fcac8,0,33400.0,0.121,0.759
c5ba93472b36,0,44200.0,0.154,0.692
0dadd4450092,4,53600.0,0.121,0.759
b5487aa85b28,46,84800.0,0.085,0.831
d7901cdd468f,0,41800.0,0.121,0.759
4df1e70b8929,23,24300.0,0.121,0.759
3c4799d2417a,17,20500.0,0.121,0.759
501fc8113586,39,22800.0,0.121,0.759
74f0ecf2643d,0,68200.0,0.121,0.759
998e0cbeb907,0,24140.0,0.121,0.759
4488e4194c13,88,18800.0,0.154,0.692
23fa68a940fe,0,30800.0,0.121,0.759
9107b6bc0a67,15,30500.0,0.121,0.759
a415802b0ea8,0,26700.0,0.121,0.759
e1e589c26782,30,18760.0,0.085,0.831
29ca39f8eaeb,1,20900.0,0.121,0.759
765cfc57cb73,23,7920.0,0.085,0.831
bdb85df237bd,38,20180.0,0.085,0.831
eeb0f090f2f4,0,22200.0,0.121,0.759
2bcc0b652b3d,88,25800.0,0.085,0.831
892366ce20e9,4,16700.0,0.121,0.759
14fa9c4610cf,0,44800.0,0.121,0.759
253dc8ef7fcf,0,41200.0,0.121,0.759
b0aef99c5384,19,14100.0,0.121,0.759
c23a76f838a6,1,60800.0,0.121,0.759
dfa4d8a95835,99,,0.085,0.831
f6822987e1b1,0,35900.0,0.121,0.759
3353d0052631,0,44000.0,0.121,0.759
356039631736,0,37600.0,0.121,0.759
1341d4b97055,99,16500.0,0.121,0.759
663bf53aa78f,6,26900.0,0.121,0.759
7d7917421ddf,44,32280.0,0.085,0.831
274e4b938726,100,24140.0,0.121,0.759
99516f34e159,5,17700.0,0.121,0.759
cc3c07a0d52d,0,68700.0,0.121,0.759
b99221b9b374,0,35200.0,0.121,0.759
8fd5a41831c5,0,24860.0,0.085,0.831
b3410fe64dc4,0,19200.0,0.154,0.692
2dfc7c56220c,0,34900.0,0.121,0.759
9d673d7d4eb0,0,56400.0,0.121,0.759
e60df09654cc,23,15000.0,0.121,0.759
a09416b5ad03,0,26100.0,0.121,0.759
b60489ebec68,5,34300.0,0.121,0.759
9408425fb2bd,24,23300.0,0.121,0.759
bb0809da6ee0,1,46100.0,0.121,0.759
13df10b1cbe0,0,16400.0,0.121,0.759
475e4330e616,0,49000.0,0.121,0.759
74d085fc2ff6,0,20700.0,0.121,0.759
cefb6632923d,0,36800.0,0.121,0.759
3e9cccd8ece4,0,32500.0,0.121,0.759
b1d68b1af4f3,0,19300.0,0.121,0.759
186d4cbf827a,0,75300.0,0.121,0.759
3dcca5ccc74e,0,55700.0,0.121,0.759
324d565b659b,2,15100.0,0.121,0.759
dd546528e339,9,27700.0,0.085,0.831
8cd8f6e4aaa8,0,30100.0,0.121,0.759
3eb05d40f443,4,24140.0,0.121,0.759
608c15333b5c,0,34000.0,0.121,0.759
3a67b4feae9d,0,49100.0,0.121,0.759
025373ac5aaa,15,60900.0,0.121,0.759
9aaf3b45ccff,0,32900.0,0.121,0.759
df564541df17,5,47100.0,0.121,0.759
89727c492cde,0,24140.0,0.085,0.831
59d873cdb370,0,45400.0,0.121,0.759
51fda281be71,0,45900.0,0.121,0.759
bd22b9ebdbdf,0,32100.0,0.121,0.759
aca90137dda9,3,32900.0,0.121,0.759
60f3e807712b,0,16660.0,0.085,0.831
6e36cac112ec,0,42700.0,0.121,0.759
b4ae34a643d0,0,35400.0,0.121,0.759
fedf7b07cf60,0,63900.0,0.121,0.759
51f2aad02c56,0,22100.0,0.121,0.759
f7df2dc6b908,0,28100.0,0.121,0.759
4301242e50a8,1,15100.0,0.121,0.759
ad5c814f3fc1,0,49300.0,0.121,0.759
6ad68a024391,0,28400.0,0.121,0.759
38e569c94854,0,63300.0,0.121,0.759
2b670ef5e5b5,0,22900.0,0.121,0.759
03638c9af76f,0,31100.0,0.121,0.759
8acf0325fab7,4,27200.0,0.121,0.759
01c73617054b,0,38000.0,0.121,0.759
3fa7c6af9c68,50,31500.0,0.121,0.759
e6670cd014db,0,20900.0,0.121,0.759
1a5a7c779073,10,32200.0,0.085,0.831
c6e572918fe6,2,14300.0,0.121,0.759
d15f52689797,0,21800.0,0.121,0.759
04824f5eb54a,0,34100.0,0.121,0.759
a1f424a8c804,55,45300.0,0.121,0.759
535217c6ea18,20,15960.0,0.085,0.831
734a929b394e,2,44700.0,0.121,0.759
caa98bd64f00,13,15860.0,0.121,0.759
cf782ef8a3e9,0,,0.085,0.831
d50f4f3787b9,0,24100.0,0.121,0.759
373c8d978a41,0,44300.0,0.121,0.759
1474f39d09d3,0,23700.0,0.121,0.759
fc233e5c5e27,48,31000.0,0.121,0.759
e9b69d7eb74e,23,24140.0,0.085,0.831
dc80f6ac6918,100,24140.0,0.121,0.759
4e54e9a8a118,0,28500.0,0.121,0.759
17a27521d85f,0,17700.0,0.121,0.759
8bad335912fa,0,35900.0,0.121,0.759
d9f25332a9f6,0,44100.0,0.121,0.759
30112da58884,8,43400.0,0.085,0.831
9946288dce20,97,25120.0,0.085,0.831
fcba2f7e9955,0,24140.0,0.085,0.831
6b611a0a1425,0,40100.0,0.121,0.759
b3da94a355c6,0,14900.0,0.121,0.759
694c709916dc,2,24140.0,0.121,0.759
e546d3afdb3a,0,26180.0,0.085,0.831
6ed8c538c448,0,26000.0,0.121,0.759
a53205cab8ac,0,34700.0,0.121,0.759
6cb178ba9bf0,26,32700.0,0.121,0.759
5b26acb3168c,100,18440.0,0.085,0.831
c87d317c9577,2,37900.0,0.121,0.759
bc07d481ef61,41,28880.0,0.085,0.831
2fb778a18488,0,30900.0,0.121,0.759
1421c1146017,21,43100.0,0.121,0.759
a3816a4a9b6b,0,15800.0,0.121,0.759
152582d677e8,0,29800.0,0.121,0.759
93e4961e67e9,5,52000.0,0.121,0.759
d322d3f316a2,2,57200.0,0.121,0.759
b7447b6d7bfc,0,50000.0,0.121,0.759
6f795091b69f,0,39100.0,0.121,0.759
df23954ecc2f,0,67000.0,0.121,0.759
6b86bf1dffbc,26,32700.0,0.121,0.759
b00b1cc31887,2,25700.0,0.121,0.759
32d412b0939f,0,25700.0,0.085,0.831
513207217766,26,32700.0,0.121,0.759
08673ae1aef8,0,50100.0,0.121,0.759
149d0843ccdf,0,37000.0,0.121,0.759
b9e4b5afb08c,0,49000.0,0.121,0.759
24313eb02218,24,38300.0,0.121,0.759
fd821d0b2db1,9,27300.0,0.121,0.759
992835768b25,0,24140.0,0.121,0.759
d1e20f1373bb,1,18500.0,0.085,0.831
d8f23679a2a3,6,24140.0,0.121,0.759
52fa35faa690,0,25200.0,0.121,0.759
c85187d830ba,0,58000.0,0.121,0.759
413f2a4c95bb,0,63900.0,0.121,0.759
a457293b9b6c,0,30800.0,0.121,0.759
29480aaa2b3a,38,67700.0,0.121,0.759
c3201e96e6a0,29,26560.0,0.085,0.831
30792d0f2e8f,0,67000.0,0.121,0.759
2a3e1543f43f,100,24140.0,0.085,0.831
00fe31011230,99,26140.0,0.085,0.831
132e09af3dbb,53,33280.0,0.085,0.831
36e80b3a0fb5,1,29500.0,0.121,0.759
9c5db7bf78a1,8,16700.0,0.121,0.759
24d87533fb03,0,64100.0,0.121,0.759
ae5afb95b040,0,62000.0,0.121,0.759
a4d21afd9581,0,33500.0,0.121,0.759
93185b778f7f,1,34100.0,0.121,0.759
1ca959144752,0,45500.0,0.121,0.759
2a7750324356,0,64100.0,0.121,0.759
28e48bb59d9f,0,32100.0,0.121,0.759
d563fd1f7cdd,100,,0.121,0.759
a996c3806ec6,1,18800.0,0.121,0.759
a6784a739eb3,0,70400.0,0.121,0.759
ce7fce97da0e,99,17500.0,0.121,0.759
d8676b7f980d,0,31200.0,0.121,0.759
c2c9f6883846,100,12200.0,0.121,0.759
2659f65700ad,2,30800.0,0.121,0.759
611396f2b295,0,18900.0,0.121,0.759
ea952247a691,0,52600.0,0.121,0.759
5ed9c8d1d29b,26,32700.0,0.121,0.759
95da1a2ba7b3,100,24140.0,0.121,0.759
b72450828b7d,0,47100.0,0.154,0.692
52b7509718da,0,17700.0,0.154,0.692
82089b759441,100,200.0,0.121,0.759
3ccb7a426400,2,27800.0,0.121,0.759
0472d6a10c84,0,49100.0,0.121,0.759
87f8ff2168e3,36,32180.0,0.121,0.759
c0adf8121540,0,36500.0,0.121,0.759
0190deb84f88,0,32400.0,0.121,0.759
864a144a8d34,100,200.0,0.121,0.759
604075f9a7d5,0,28640.0,0.085,0.831
004586ed7ff7,100,200.0,0.121,0.759
e5a40fd67702,1,22500.0,0.121,0.759
484bce1c0a26,3,43700.0,0.121,0.759
f19a607e5db1,26,32700.0,0.121,0.759
448e22f3d479,0,27400.0,0.121,0.759
b0e91ea58f5d,1,34700.0,0.121,0.759
f424bbc87455,100,200.0,0.121,0.759
540e4124a06a,0,37900.0,0.121,0.759
c70074695258,100,200.0,0.121,0.759
db88dadc64bf,5,18400.0,0.121,0.759
19eaebf0a306,0,58200.0,0.121,0.759
effbacc65d38,0,33700.0,0.121,0.759
e20dbbedf9a1,1,55000.0,0.121,0.759
3e5566c3bbe0,0,57800.0,0.121,0.759
777e82dee364,1,21100.0,0.121,0.759
cfda2b61876e,2,26500.0,0.121,0.759
fa9d298b8c7f,81,12380.0,0.121,0.759
27f28a792c32,0,30500.0,0.121,0.759
c7e2da2c9205,0,58000.0,0.121,0.759
7cafd36baaf3,34,24140.0,0.121,0.759
050469c710ae,2,20900.0,0.121,0.759
b676ad33c1fc,3,56700.0,0.121,0.759
42653d0e9942,0,34400.0,0.121,0.759
a22732da1dc9,0,38700.0,0.121,0.759
8f2363db2dd3,0,28200.0,0.121,0.759
118b95d74218,0,59200.0,0.121,0.759
b68a05b87d1b,15,37700.0,0.121,0.759
222e6c0ed603,0,20100.0,0.121,0.759
8beb592dd4fb,0,62700.0,0.121,0.759
eac1cc72592f,0,58100.0,0.121,0.759
dcca1d19b107,0,42600.0,0.121,0.759
0c5f6bfe1c1a,0,65500.0,0.121,0.759
4a330cd6bba6,0,35800.0,0.121,0.759
b9e03940f969,0,40400.0,0.121,0.759
b0747f44ea4d,100,20600.0,0.121,0.759
bfeb65fa68d3,0,22700.0,0.121,0.759
477abcfd9cce,1,14000.0,0.121,0.759
72b1b2732767,100,200.0,0.121,0.759
26a8a2779360,59,24140.0,0.121,0.759
f95d7bc3e841,0,37000.0,0.121,0.759
d2cb96817d8b,10,24140.0,0.121,0.759
dce899ac107a,5,24140.0,0.121,0.759
ecf27075a374,0,40000.0,0.121,0.759
60c4024c4fe4,0,35600.0,0.121,0.759
4708540f5a47,0,25800.0,0.121,0.759
2bd00e059138,5,45000.0,0.121,0.759
b49f2dbe104a,0,41900.0,0.121,0.759
a3e41f282f65,0,19200.0,0.121,0.759
fd49a64cd2e3,0,30100.0,0.121,0.759
a336ee0d9cf9,7,53100.0,0.121,0.759
0a3614142ecc,9,39100.0,0.121,0.759
71d04b1afcb2,0,24200.0,0.121,0.759
93bd0652b7e6,100,24140.0,0.121,0.759
92e394021ea3,46,15000.0,0.085,0.831
0d39adfd76bf,0,25800.0,0.121,0.759
dbb96345aa62,0,46100.0,0.121,0.759
83fa754cd7e9,0,26200.0,0.121,0.759
eb484e6f1b66,13,24140.0,0.121,0.759
4c16928f70fb,13,24140.0,0.121,0.759
a1de61f1bd4b,89,27260.0,0.085,0.831
7dd1a7070e39,0,27700.0,0.121,0.759
adc1860740a5,88,17200.0,0.085,0.831
94687b11d910,1,19600.0,0.121,0.759
070859ce8330,0,39100.0,0.121,0.759
4c061b6df378,0,45100.0,0.121,0.759
b5a07d71192c,1,20500.0,0.121,0.759
996ea80de143,2,34800.0,0.121,0.759
6ff32a73a8af,0,30600.0,0.121,0.759
26201cc32a6f,7,17100.0,0.121,0.759
1403be09ac12,45,19800.0,0.121,0.759
6be0934461a2,50,34100.0,0.121,0.759
c9087b0abec9,0,19060.0,0.085,0.831
0f0bb3c5d99b,0,24140.0,0.121,0.759
64dd8ae3f099,0,26200.0,0.121,0.759
34ef25a62c35,24,35900.0,0.121,0.759
e7710c4a9a5d,31,45600.0,0.121,0.759
c67bfe20acf5,0,30600.0,0.121,0.759
f3c53ede3b00,1,52000.0,0.121,0.759
a3febd32a96a,0,13700.0,0.121,0.759
5a3976f752cb,31,21800.0,0.121,0.759
97e50628bf9f,0,27200.0,0.121,0.759
8741bb1a0535,0,41200.0,0.121,0.759
4fb362f2ef5d,0,16900.0,0.121,0.759
b6c7a8b6d957,81,44500.0,0.121,0.759
6b48d1002962,30,34200.0,0.121,0.759
708e7809fa64,0,53000.0,0.121,0.759
c9227c7a50ee,0,45200.0,0.121,0.759
ad57dbacb550,0,59500.0,0.121,0.759
1e7a7097c4fd,29,20600.0,0.121,0.759
5f8283edea32,0,16300.0,0.121,0.759
940a8699bed8,0,24700.0,0.121,0.759
ae0952240ec9,60,50200.0,0.121,0.759
b1c62f4c0bba,0,25500.0,0.121,0.759
83033acf088f,0,30000.0,0.121,0.759
56421f31782a,99,,0.085,0.831
a4399d5c86ff,0,19400.0,0.121,0.759
8656d964377f,0,48300.0,0.121,0.759
5d24b4ffa417,17,23780.0,0.085,0.831
6bd5eda96a22,0,34200.0,0.121,0.759
9bf654d95484,11,13900.0,0.121,0.759
660ad63baae3,98,24140.0,0.121,0.759
3451f13eb27a,18,18600.0,0.121,0.759
7c9c411f725c,0,25300.0,0.121,0.759
c20efbe275ec,0,23200.0,0.121,0.759
759343ee1b30,0,23300.0,0.121,0.759
e1e9627d23e8,0,31600.0,0.121,0.759
f9ac9f084f01,0,28000.0,0.154,0.692
2ea2a83e3983,0,31500.0,0.121,0.759
ded13459c66b,48,14200.0,0.121,0.759
87c083bbc0bc,80,24140.0,0.121,0.759
e5149489bce2,20,12240.0,0.085,0.831
7ede62fbc3a6,1,17900.0,0.121,0.759
d60822551779,18,22400.0,0.121,0.759
0c96ee4c8384,8,16700.0,0.121,0.759
9cf589214cfc,0,29400.0,0.121,0.759
d7fba1679aa4,0,52000.0,0.121,0.759
b798e10a6633,0,18100.0,0.121,0.759
f31cb67c0ac8,5,44500.0,0.121,0.759
6cb5b812ca63,0,90000.0,0.121,0.759
677bdf8794d0,0,35900.0,0.121,0.759
35ca3f9bf95b,0,21300.0,0.121,0.759
a6f9d009e1af,1,24140.0,0.121,0.759
667513a3fdd4,0,21300.0,0.121,0.759
2158297d1fbc,27,11500.0,0.121,0.759
2a56701baaea,53,26400.0,0.121,0.759
ff38549a9da4,18,36400.0,0.121,0.759
df7d885b9243,16,26600.0,0.121,0.759
b1cd765edcee,0,34200.0,0.121,0.759
294b719f46ff,0,28000.0,0.121,0.759
67629f33b5cc,0,21300.0,0.121,0.759
659bc0fe9654,0,23700.0,0.121,0.759
acb047834498,0,32800.0,0.121,0.759
15bec696c200,3,14600.0,0.121,0.759
1e1352d70517,0,41300.0,0.121,0.759
f9f6b868297d,41,20400.0,0.121,0.759
182fdde97a2a,0,25800.0,0.121,0.759
99cca8176d7e,0,39000.0,0.121,0.759
87cfabb3aa7d,0,24200.0,0.121,0.759
ea0880ee5195,0,32700.0,0.121,0.759
f2f9889c4f63,0,34400.0,0.121,0.759
7887fa8570ea,0,38100.0,0.121,0.759
d932e8e08b41,2,36500.0,0.121,0.759
88eb0070175e,0,21200.0,0.121,0.759
ff537ec45776,31,24680.0,0.085,0.831
e9c68f28728f,0,32700.0,0.121,0.759
77d4f50a2b8f,0,41600.0,0.121,0.759
4686a80170b4,3,25800.0,0.121,0.759
5f8575cd0437,2,22700.0,0.121,0.759
df2db2daafb2,21,49400.0,0.121,0.759
20200e6f7155,66,24140.0,0.121,0.759
60ea20b0094c,99,24140.0,0.085,0.831
83b0c6fd7daf,8,19900.0,0.121,0.759
cb36d07452b8,0,19560.0,0.085,0.831
a755aea4cac7,0,36500.0,0.121,0.759
5c2c7dc4df7d,60,24140.0,0.121,0.759
9f486f7ca3c6,0,46600.0,0.121,0.759
e36f977b19d3,19,,0.085,0.831
01aea660d226,0,35600.0,0.121,0.759
85d4184c5f9c,0,39600.0,0.121,0.759
d0393d408325,0,38800.0,0.121,0.759
85c1476c97fc,0,51400.0,0.121,0.759
ca67336a471f,0,20400.0,0.085,0.831
6bd425630c73,0,34600.0,0.121,0.759
ba8c7d8ef96f,0,28300.0,0.121,0.759
4d4beeb80d9b,5,36300.0,0.121,0.759
60548b470fb6,99,24140.0,0.121,0.759
f69f33095334,0,34800.0,0.121,0.759
220a1a0b99b2,100,22400.0,0.121,0.759
e77f3dbe26d6,34,28700.0,0.121,0.759
262aa75ebab7,0,54900.0,0.121,0.759
63bb865a23f9,3,30600.0,0.121,0.759
7088845aaf62,0,37800.0,0.121,0.759
3d6f213837dd,61,17400.0,0.121,0.759
19a45f0fc06c,12,6420.0,0.085,0.831
8ec042ef0384,0,28400.0,0.121,0.759
07bded738812,0,29700.0,0.121,0.759
c6c1394dc674,100,7760.0,0.121,0.759
5f43c96eed53,100,31700.0,0.121,0.759
3f61ebce347d,0,58400.0,0.121,0.759
c77aeb4b0033,0,24140.0,0.121,0.759
2d6ec89721c1,0,39000.0,0.121,0.759
5bbdd2d2bc36,2,20200.0,0.121,0.759
7be3596b09c7,0,30700.0,0.121,0.759
af12584ccd4a,0,27400.0,0.121,0.759
baea8d8c16ce,16,23020.0,0.085,0.831
ef97f6a053f9,0,60600.0,0.121,0.759
a5fd022d8ad8,0,34200.0,0.121,0.759
669f4546ad84,1,38700.0,0.121,0.759
8383a885eba6,0,32800.0,0.121,0.759
87b88ad70453,8,23700.0,0.121,0.759
3ed80cf6466e,80,24140.0,0.121,0.759
77a980baae0a,0,28600.0,0.121,0.759
c0dfe18a0ecc,0,18100.0,0.121,0.759
1b2967671337,0,37000.0,0.121,0.759
ef06ed42ecc5,39,26100.0,0.085,0.831
14b06e3013e7,100,18800.0,0.121,0.759
6806c7e5d1b5,0,27600.0,0.121,0.759
61762a512b01,50,32100.0,0.121,0.759
d430746bea61,0,43100.0,0.121,0.759
4403fb1ad33a,41,27380.0,0.085,0.831
e25f35e330ac,0,40400.0,0.121,0.759
dbe6f7e605e5,100,15300.0,0.154,0.692
237fa6356caa,1,43600.0,0.121,0.759
a6b6d8a9d2b9,4,23600.0,0.121,0.759
a64d31a35d8c,1,46400.0,0.121,0.759
539c6b1a23e9,100,24140.0,0.121,0.759
48c6067234e4,35,24140.0,0.121,0.759
926d226149c3,1,27600.0,0.121,0.759
9506cf6806c1,1,42200.0,0.121,0.759
9da1d6a7f383,1,48200.0,0.121,0.759
6f2c5a2c1e36,1,43600.0,0.121,0.759
189eeafe5e88,1,46400.0,0.121,0.759
d22ba49d9411,0,49800.0,0.121,0.759
ac6ea4ebe880,1,34200.0,0.121,0.759
a6a4dc272ab9,0,16300.0,0.121,0.759
bc9e2dffdec4,0,30500.0,0.121,0.759
600838baaa8c,89,21200.0,0.121,0.759
e5f3e8645f1f,2,37700.0,0.121,0.759
b235ee538c1d,0,36800.0,0.121,0.759
e1ba126d2574,10,74800.0,0.121,0.759
e6226ec501d3,36,48600.0,0.121,0.759
b7a66a9f0f53,0,17700.0,0.121,0.759
d2284ad5118b,0,37200.0,0.121,0.759
d1fd4397ff3f,0,33000.0,0.121,0.759
9d2f7f1d607c,0,29300.0,0.121,0.759
d24841eaf2dd,22,19920.0,0.085,0.831
45773f51a020,0,17700.0,0.121,0.759
b836ba009811,0,28500.0,0.085,0.831
9ca0601d9203,82,21580.0,0.085,0.831
a9381f826969,0,,0.121,0.759
9c1d080a46c0,100,200.0,0.121,0.759
5b40ae820c7e,0,36600.0,0.121,0.759
440445ea1c58,66,24140.0,0.121,0.759
3b122f5934a3,0,27200.0,0.121,0.759
b1f221288ebb,31,22160.0,0.085,0.831
e99ad9e67e92,0,31500.0,0.121,0.759
db236c7d8259,0,23200.0,0.121,0.759
b7a6fe8e8a83,63,,0.121,0.759
62cee7ed3d5a,0,30100.0,0.121,0.759
b7643dae0b62,100,200.0,0.121,0.759
fb35ad743329,0,31400.0,0.121,0.759
46d31e3c4083,0,17800.0,0.121,0.759
4c202f1eb6c4,99,24140.0,0.121,0.759
903d5fdc9499,0,40600.0,0.121,0.759
cbbb449fa1f0,0,20100.0,0.121,0.759
48fe4eb13894,4,33900.0,0.121,0.759
2aa032ca0e80,0,30300.0,0.121,0.759
7f28d9774b19,68,24140.0,0.121,0.759
ba76623f2615,10,24140.0,0.121,0.759
180cd0c44dea,0,38900.0,0.121,0.759
a138cc53c243,0,37900.0,0.121,0.759
3e49d30d1510,0,24700.0,0.121,0.759
a3ee24f6b90c,0,23600.0,0.121,0.759
b90f5b1c6594,68,24140.0,0.121,0.759
3654916119a6,0,62800.0,0.121,0.759
988858aa7ef7,6,22000.0,0.121,0.759
53a6bd6436c2,0,46200.0,0.121,0.759
6dbc1d12d082,0,24140.0,0.121,0.759
5112d992e125,100,18900.0,0.121,0.759
5c15b3c9bce9,0,28600.0,0.121,0.759
442d5039c016,23,16700.0,0.121,0.759
8a6e56615097,75,24140.0,0.121,0.759
01b2a413ec73,50,21700.0,0.121,0.759
5d3db90bfa86,1,28500.0,0.085,0.831
96674354e044,0,40200.0,0.121,0.759
215a6e00b655,0,37200.0,0.121,0.759
7b54f836899e,0,28600.0,0.121,0.759
6e907b885173,11,24140.0,0.121,0.759
74bb6fbc9240,80,19520.0,0.121,0.759
046cd9a9594d,0,16000.0,0.121,0.759
86dcc8bef5bc,18,27100.0,0.121,0.759
c7d4b8a1f977,100,24140.0,0.085,0.831
4a287379a086,0,58900.0,0.121,0.759
1de8f19c4d0b,0,25100.0,0.121,0.759
ae187fa4ca3a,0,37300.0,0.121,0.759
a700b7b5d933,0,24140.0,0.121,0.759
1d9c1d4ee2b2,0,39900.0,0.121,0.759
c9a65dffe770,0,57400.0,0.121,0.759
dcc2a8e83b80,0,22520.0,0.085,0.831
a6b336874c58,1,20500.0,0.121,0.759
aaa2aa9e73b6,0,28700.0,0.121,0.759
2d06a62056c8,99,,0.085,0.831
b13fade2b24a,0,27500.0,0.121,0.759
851e6d180bae,1,42900.0,0.121,0.759
9d0a280fab4a,0,32400.0,0.121,0.759
7b87c502a659,0,28500.0,0.121,0.759
5f40373b4b44,0,82100.0,0.121,0.759
f12e417c9710,9,24140.0,0.121,0.759
eaa4f70e9b3c,72,23780.0,0.085,0.831
c48cd3a10129,0,58900.0,0.121,0.759
e97da5f4c0c5,0,,0.121,0.759
ec1497ecff1b,0,,0.121,0.759
4520b026e2b6,4,23380.0,0.121,0.759
4f80d0fe6139,11,24140.0,0.121,0.759
295b9340675f,100,31600.0,0.121,0.759
557f80f6712f,0,30300.0,0.121,0.759
1a2e5e6a866e,9,22800.0,0.121,0.759
c2236b55dab7,13,24140.0,0.121,0.759
72103663a161,97,21900.0,0.085,0.831
aa7bc1c00588,1,36900.0,0.121,0.759
834223294b18,4,14000.0,0.121,0.759
557db993bd45,0,31900.0,0.121,0.759
c70cccf68f07,8,30300.0,0.121,0.759
1a32ede07748,0,,0.121,0.759
abee88931441,100,30200.0,0.121,0.759
d36285a95f6a,28,20800.0,0.085,0.831
d3fa109d58d4,0,37900.0,0.121,0.759
b70aedeacea5,0,22100.0,0.121,0.759
0a3e1a74a53a,97,15980.0,0.121,0.759
9aacccc16049,39,70600.0,0.121,0.759
a0190fa75e7c,30,11200.0,0.085,0.831
fae820301844,100,24140.0,0.121,0.759
3de0ed463c32,0,35400.0,0.121,0.759
bbcc5f5a65f8,0,24140.0,0.085,0.831
3812089b47c3,28,44700.0,0.121,0.759
4f4a0ef31078,9,17000.0,0.121,0.759
c72591f52924,0,49000.0,0.121,0.759
1a3f523fd63d,0,33200.0,0.121,0.759
3ec44ec532c4,0,24140.0,0.085,0.831
ce223d08c4e0,0,15500.0,0.121,0.759
f194a3105b0e,0,35800.0,0.121,0.759
bbdb9aa274af,0,44100.0,0.121,0.759
b2729b18157a,0,70600.0,0.121,0.759
fe1583d90bd5,0,22400.0,0.121,0.759
11fff755b9ac,0,18500.0,0.121,0.759
8974b4b76a96,0,23900.0,0.121,0.759
6a6730aaf2bd,8,53700.0,0.121,0.759
078cf3ab53c8,96,16980.0,0.121,0.759
46d66c6ac2f2,0,,0.121,0.759
97023c841c3e,95,,0.121,0.759
451def22014e,69,25740.0,0.085,0.831
8fbc56fbc1d7,0,,0.121,0.759
59b5a3c2cc21,0,24140.0,0.121,0.759
c54f936f2d07,0,35800.0,0.121,0.759
eec6c1d26d85,0,22100.0,0.121,0.759
3c8e778c15f1,39,24140.0,0.121,0.759
058b09f825d9,0,36500.0,0.121,0.759
4d48a506a76e,0,43100.0,0.121,0.759
4e6e7fe1e16a,17,24140.0,0.121,0.759
f10c64fba9b6,0,,0.121,0.759
29b73bd31959,90,24140.0,0.121,0.759
91e7b58640cf,3,22000.0,0.121,0.759
fb70b9dec9b5,84,16400.0,0.121,0.759
f55f25b4bcbe,39,27200.0,0.121,0.759
4dacaf076526,0,29700.0,0.121,0.759
388584b5bc0c,1,17200.0,0.121,0.759
18994e7a1821,25,,0.121,0.759
dd8a44e4c7cf,96,21640.0,0.085,0.831
3b372c982e32,0,22300.0,0.121,0.759
4fca787825e8,0,24140.0,0.121,0.759
b9a0ed3c8b70,100,47660.0,0.048,0.903
524dbc614c4e,88,25100.0,0.154,0.692
f856c2322ed6,0,37800.0,0.121,0.759
fd13f1402cf0,0,21300.0,0.121,0.759
1c482cfaa5b8,100,24140.0,0.121,0.759
a954f9e08cee,0,55700.0,0.121,0.759
5d8e3f009507,53,34800.0,0.121,0.759
1627134ce71f,0,20300.0,0.121,0.759
18369e8cb71d,0,51900.0,0.121,0.759
df46987889b9,0,26200.0,0.121,0.759
38f7cf8c962a,99,41100.0,0.121,0.759
df21176e2b72,0,24140.0,0.121,0.759
95fb6d03e1e8,22,26100.0,0.121,0.759
469259ac340d,0,24200.0,0.121,0.759
0fa1bdeb54b4,85,24140.0,0.121,0.759
132199139ffb,100,17000.0,0.121,0.759
80c56daf2aae,0,43100.0,0.121,0.759
db6abb283bbe,99,,0.085,0.831
fc02b036240f,5,28100.0,0.121,0.759
c7b6a1ffa933,5,29160.0,0.085,0.831
112d65243b9b,95,24140.0,0.121,0.759
86e8603e405a,0,24140.0,0.121,0.759
38eb93a5bf2d,0,64400.0,0.121,0.759
9b4db4717da4,15,13500.0,0.121,0.759
b98707d85661,94,24140.0,0.121,0.759
fdce654c7b2f,100,19980.0,0.085,0.831
aa3ca4ff0d7b,0,55100.0,0.121,0.759
befdbacd11ec,47,24140.0,0.121,0.759
3022a71cb45a,0,20720.0,0.085,0.831
12286ebede61,0,24140.0,0.121,0.759
b94740740111,0,33200.0,0.121,0.759
e26226a30075,99,19500.0,0.121,0.759
d82507cb15f5,0,27480.0,0.085,0.831
b341d60f1f4a,0,27480.0,0.085,0.831
b8fd60c6ce8e,0,24140.0,0.121,0.759
7cb3bddd2a83,0,27480.0,0.085,0.831
acde1c2908d1,0,24140.0,0.121,0.759
b68b2007308e,71,18920.0,0.085,0.831
309b11c168b8,24,24140.0,0.121,0.759
0afc5eef2918,54,,0.121,0.759
c64da644079a,0,15200.0,0.121,0.759
a21ee6d25821,0,,0.121,0.759
4ea11a8dc817,44,24140.0,0.121,0.759
e910e6c6da35,45,24140.0,0.121,0.759
b6227f0da573,0,47700.0,0.121,0.759
9de43396595f,0,35800.0,0.121,0.759
318a0ff27772,17,47800.0,0.121,0.759
a22c01a26e30,22,44400.0,0.121,0.759
bc33c2ee1067,0,32960.0,0.085,0.831
80f529ebd15e,0,37000.0,0.121,0.759
681718f2a32e,100,1600.0,0.121,0.759
868844bd806f,0,45100.0,0.121,0.759
ea79cb04a8f8,0,30000.0,0.121,0.759
a783f41baa9f,15,24140.0,0.121,0.759
28af52959d43,1,24140.0,0.121,0.759
ad4d8fd0d933,100,24140.0,0.121,0.759
c1cf486e07a3,12,24140.0,0.121,0.759
da82bb8dbf8c,0,23700.0,0.121,0.759
6a9acf7f4f57,0,27480.0,0.085,0.831
5fd1477f622e,0,24620.0,0.085,0.831
faca03b4da87,100,24140.0,0.121,0.759
173e14c51635,0,27480.0,0.085,0.831
548bba773488,0,20800.0,0.121,0.759
ab46f2e1c14a,95,24900.0,0.121,0.759
05a5f0caedf4,36,24140.0,0.121,0.759
b566ba36d85f,93,23940.0,0.121,0.759
f612debcef1b,0,,0.121,0.759
bb29fc5908f4,0,44800.0,0.121,0.759
ed8e238edd4f,14,14200.0,0.121,0.759
8b2cc9886fe9,0,27100.0,0.121,0.759
5a00ea971ad2,66,16800.0,0.121,0.759
ee99bcac25ea,4,24140.0,0.121,0.759
a1c4e6ebb876,41,40960.0,0.121,0.759
9759d28aac7a,2,31100.0,0.121,0.759
dec9c8dab84b,0,66700.0,0.121,0.759
6ebf4d1a27da,97,14300.0,0.121,0.759
459d126c5fc7,100,11600.0,0.048,0.903
fd32bd158555,0,48700.0,0.121,0.759
a04773498cbe,2,32500.0,0.121,0.759
4dea0613b5db,0,36900.0,0.121,0.759
2319a9a09238,0,21600.0,0.121,0.759
05ee00eeb5c3,21,24140.0,0.121,0.759
9843468acbcc,4,24140.0,0.121,0.759
215e44e2d63f,48,,0.121,0.759
6b78123fd88e,96,14700.0,0.121,0.759
68d37245b0eb,6,30400.0,0.121,0.759
72018195b078,2,32500.0,0.121,0.759
8e7756987f68,0,40700.0,0.121,0.759
665a2d0d03c3,89,15900.0,0.154,0.692
bc30088a35bf,4,27000.0,0.121,0.759
07b9c3fb0aa0,0,90000.0,0.121,0.759
1fad39204bf2,0,,0.121,0.759
eb5074c7e60d,0,33700.0,0.121,0.759
75344641b8eb,0,18700.0,0.121,0.759
ae5f4bbf5ffe,100,12600.0,0.121,0.759
8ca3581e65b1,0,34100.0,0.121,0.759
ca0281768eda,42,24140.0,0.121,0.759
b646f067e3ae,0,25500.0,0.121,0.759
6b66a123453e,0,37200.0,0.121,0.759
03721f2142bb,0,24140.0,0.121,0.759
b2a5a23a0885,0,25320.0,0.085,0.831
65406788d3fc,1,39200.0,0.121,0.759
e08555f2b0de,60,24140.0,0.121,0.759
e7aac3c36784,0,18600.0,0.121,0.759
84ddb0b88453,47,,0.121,0.759
e48e3e0ec3af,0,24620.0,0.085,0.831
ee0511a3a405,19,,0.121,0.759
134cca8648c6,0,24140.0,0.121,0.759
70f128d7a203,0,18280.0,0.085,0.831
512e86608417,47,21300.0,0.121,0.759
bfa30420e157,26,,0.121,0.759
8c6ffd3804c1,0,62800.0,0.121,0.759
2360342e34cc,3,19800.0,0.121,0.759
8272db0435e5,1,36600.0,0.121,0.759
18c19385da11,0,28500.0,0.121,0.759
9477888dba82,3,52600.0,0.121,0.759
e5d1a5164dfc,69,24140.0,0.121,0.759
ff4f544ca2df,0,31100.0,0.121,0.759
d3034fe03402,0,18600.0,0.121,0.759
be30c52cbaf6,0,90000.0,0.121,0.759
d9df65e8b44b,1,34100.0,0.121,0.759
f0e2a002524d,20,,0.121,0.759
538277c9e6fd,1,34400.0,0.121,0.759
7622812302cd,7,,0.121,0.759
8e21fbb71d8b,99,9660.0,0.121,0.759
4b3e1c8ff6e3,0,18000.0,0.121,0.759
cbd8b947612e,2,61900.0,0.121,0.759
684faf54b72f,0,27700.0,0.121,0.759
5b2af046fa33,100,24140.0,0.121,0.759
df62e63e4947,15,24140.0,0.121,0.759
3a53df65e845,94,16800.0,0.121,0.759
4fc240dffde8,7,,0.121,0.759
4a90e52772b7,12,17480.0,0.121,0.759
a06d76dd3c1a,100,24140.0,0.085,0.831
ff5e503b8a65,1,34100.0,0.121,0.759
5861eedaf648,30,12700.0,0.121,0.759
2f30cbf5a338,0,24140.0,0.121,0.759
d165bddcb326,0,31100.0,0.121,0.759
dc9b4c143f60,0,24140.0,0.121,0.759
aa868a81c793,31,27200.0,0.121,0.759
0b9b4d097019,8,25200.0,0.121,0.759
9103c743bf37,96,18080.0,0.121,0.759
743a96f41cd5,1,34100.0,0.121,0.759
1cd7983e903b,0,42400.0,0.121,0.759
bb7d8cf6f3d6,5,24140.0,0.121,0.759
3acb60f7698b,2,31100.0,0.121,0.759
52c95e365c4a,1,24140.0,0.121,0.759
a7bfc3e24708,83,57100.0,0.121,0.759
606f79b6b25a,100,24140.0,0.121,0.759
d56a15063cb8,100,41200.0,0.121,0.759
3338ecdea0c7,0,24140.0,0.121,0.759
97b2572b63c6,94,14980.0,0.121,0.759
c5f4fc95cb08,0,24140.0,0.121,0.759
ed4b408e3347,0,22500.0,0.121,0.759
22fbd3bad18a,27,24140.0,0.121,0.759
ca90a40caa56,0,24140.0,0.121,0.759
9e03b15a4ab5,2,50700.0,0.121,0.759
bbb9a0d24ccc,15,24140.0,0.121,0.759
43688725fb53,0,10680.0,0.121,0.759
2d64a2ff2e43,0,33100.0,0.121,0.759
9e9bda7594af,64,,0.121,0.759
3e164bd67473,94,26220.0,0.121,0.759
a8e19fa64292,17,24140.0,0.121,0.759
b1290f1acb99,97,15360.0,0.085,0.831
0a1cbdc696f5,98,14720.0,0.121,0.759
084f204840e5,100,15180.0,0.121,0.759
0afa7a6cec64,9,24140.0,0.121,0.759
c05a2f6fea31,82,24140.0,0.121,0.759
0f1ca1c9a80b,0,,0.121,0.759
0c99a5a117c7,3,67500.0,0.121,0.759
01aa749a5581,0,24140.0,0.121,0.759
b16297638f00,100,17500.0,0.121,0.759
d753225bf9f7,37,55500.0,0.121,0.759
82cf8121c709,0,,0.121,0.759
09777345198b,93,36740.0,0.121,0.759
ba462980c2cf,15,24140.0,0.121,0.759
7e5e9d30b4cf,62,24140.0,0.121,0.759
d8bb4be66314,0,36800.0,0.121,0.759
6aafaecd2598,0,24140.0,0.121,0.759
a252389471a7,0,47500.0,0.154,0.692
3ee48cc91e55,100,18520.0,0.121,0.759
f94785163f09,0,59000.0,0.121,0.759
ca105747bd81,0,24140.0,0.121,0.759
65ea0f9619f9,28,,0.121,0.759
02bf6ea7e845,93,23200.0,0.121,0.759
7f114b077f4a,32,32500.0,0.121,0.759
0b329d36594a,0,24140.0,0.121,0.759
f0c510ddb06e,0,31200.0,0.121,0.759
117b489c1d94,0,,0.121,0.759
6eec7d74ebc4,2,33000.0,0.121,0.759
8c0e8bd0d3a2,100,7600.0,0.121,0.759
d4d60349d75c,65,13700.0,0.154,0.692
42582cd35d73,0,37000.0,0.121,0.759
e12e1657e5bc,0,31600.0,0.121,0.759
4df1195921be,0,35800.0,0.121,0.759
4dff24e37bd7,38,21840.0,0.085,0.831
c6910b71300c,2,29600.0,0.121,0.759
ce38b8452c02,62,24140.0,0.121,0.759
b2a78b657789,44,24140.0,0.121,0.759
46e4240d145a,43,22400.0,0.121,0.759
62f520e52227,49,24140.0,0.121,0.759
baad2ae0ed05,0,18100.0,0.121,0.759
35c822feabce,0,9300.0,0.121,0.759
d51d360a4c11,86,12540.0,0.121,0.759
b3d4dcf48dbf,0,37400.0,0.121,0.759
37e6fb14fb45,0,90000.0,0.121,0.759
aed675db6322,0,21260.0,0.085,0.831
8766b55b5311,0,44300.0,0.121,0.759
312ec15cac90,34,24140.0,0.121,0.759
c4aa792df4bc,6,18400.0,0.121,0.759
44a559532512,0,26000.0,0.121,0.759
b727041957da,0,48600.0,0.121,0.759
668a2a1fbd6c,0,33700.0,0.121,0.759
443061496297,0,9420.0,0.121,0.759
67032621964e,6,24140.0,0.121,0.759
e4535351fb2a,2,35200.0,0.121,0.759
02f2fc2e43ff,0,44200.0,0.121,0.759
5b327662a3d7,1,42600.0,0.121,0.759
5e564f353d9b,4,39000.0,0.121,0.759
f6ee8c4f1f44,0,39800.0,0.121,0.759
de3ec1e87500,0,22400.0,0.121,0.759
a9c132ac8911,2,39700.0,0.121,0.759
5bc84b5579e6,46,24140.0,0.121,0.759
093a76d95808,33,12900.0,0.121,0.759
4e19c16c6041,17,,0.121,0.759
095ff4ee5ba7,5,24140.0,0.121,0.759
7de446fa2f32,3,24140.0,0.085,0.831
9747394d5dcc,0,39700.0,0.121,0.759
b1c37c08def4,11,10000.0,0.121,0.759
4f9943ccda84,91,25060.0,0.085,0.831
5bbeb4553554,0,28300.0,0.121,0.759
8f9b882017ee,95,24280.0,0.085,0.831
9bc6f8ac9434,0,24140.0,0.121,0.759
5ea6015c4832,0,24140.0,0.121,0.759
ce9f242afadd,0,18300.0,0.121,0.759
e08aeeb9a0ca,1,24000.0,0.121,0.759
c0cf10224e14,54,24140.0,0.121,0.759
e142cc161a5f,7,16100.0,0.121,0.759
d3acc9df7986,50,24140.0,0.121,0.759
e62087b7e70a,91,17840.0,0.121,0.759
926888d378d5,99,25700.0,0.121,0.759
4fc8a85b6271,100,19440.0,0.121,0.759
3d1c2b411876,0,44100.0,0.154,0.692
272dd1e3b187,1,25600.0,0.121,0.759
32961fd88bc3,11,14500.0,0.085,0.831
7da9d8dbcc2f,100,24140.0,0.121,0.759
8294d6bc7a88,0,76200.0,0.121,0.759
2ce3ca6600ae,0,22300.0,0.121,0.759
2bb8579ece66,38,13620.0,0.121,0.759
e9de9ee87029,0,,0.121,0.759
ef2f81ad38a2,1,33800.0,0.121,0.759
a10158a8b55f,58,,0.121,0.759
3b467ff73ce5,90,12540.0,0.121,0.759
c192d9d6e60f,0,20000.0,0.121,0.759
a8e0437b8581,0,10300.0,0.121,0.759
137c5b9798d5,1,29000.0,0.121,0.759
73a61ca08f11,99,16800.0,0.121,0.759
3f10888bb957,7,30640.0,0.085,0.831
9de21315852f,0,54400.0,0.121,0.759
1070029c9ce5,100,24140.0,0.121,0.759
429a1bacff5f,0,61900.0,0.121,0.759
a7cae02869d3,46,,0.121,0.759
b637bd7dce2d,1,33800.0,0.121,0.759
8566b35b2d9e,0,40800.0,0.121,0.759
88b907bd3dbf,46,,0.121,0.759
b86ba6896387,100,24140.0,0.121,0.759
3a896398f8a4,0,36400.0,0.154,0.692
f7a51e1fcc95,3,24140.0,0.121,0.759
d0f8a98abbcf,0,10420.0,0.121,0.759
0d9c1a945c18,0,50700.0,0.121,0.759
34831d197c68,12,13420.0,0.121,0.759
5c5943ef192b,9,31600.0,0.121,0.759
7b1862d5f3b4,0,40800.0,0.121,0.759
e1098448ab5e,0,18600.0,0.121,0.759
a2e523a01e3c,0,24140.0,0.121,0.759
91484acae3a5,0,34900.0,0.121,0.759
130701994796,5,27300.0,0.085,0.831
5b2bd711cc41,0,8280.0,0.121,0.759
4ecd2e51596b,1,27400.0,0.121,0.759
c310770fe7d2,0,29000.0,0.121,0.759
358a8bf8281d,0,,0.121,0.759
6954b51fd946,0,24140.0,0.121,0.759
adec9eae7095,92,15320.0,0.121,0.759
d88e0d948f56,100,24140.0,0.121,0.759
9a379ce62c37,2,24140.0,0.121,0.759
404ee103a47a,0,10580.0,0.121,0.759
fdaaf8218287,0,44400.0,0.121,0.759
6a7bdc018610,0,24140.0,0.121,0.759
92743865450e,88,15160.0,0.121,0.759
3c1815236b0b,38,13620.0,0.121,0.759
d9bd7b90db50,66,29920.0,0.121,0.759
d01e2f170c53,21,24140.0,0.121,0.759
2e4fc97e1e07,95,15300.0,0.121,0.759
f86774f9e4fd,54,24140.0,0.121,0.759
421b185c7177,51,24140.0,0.121,0.759
912fc9da8ef3,98,12480.0,0.121,0.759
70e12cb73284,77,24140.0,0.121,0.759
fb5e21a1559d,0,20400.0,0.121,0.759
9120c08b37db,21,24140.0,0.121,0.759
936b9a04699b,100,24140.0,0.121,0.759
fa66898f22bc,0,60000.0,0.121,0.759
1b6f8fbff858,100,24140.0,0.121,0.759
07f3c36ebd79,35,23700.0,0.121,0.759
bb2edc78bf88,100,11880.0,0.121,0.759
ab45b835f9f9,52,24920.0,0.121,0.759
47501d620d56,2,24140.0,0.121,0.759
bdc091cbdc22,92,15320.0,0.121,0.759
86806cb3eb8c,85,13580.0,0.121,0.759
193dae5e8975,6,24200.0,0.121,0.759
4d6506f43601,2,,0.121,0.759
7999acbd9dde,0,64900.0,0.121,0.759
793af5009da0,19,24140.0,0.121,0.759
49240f239af0,100,13860.0,0.121,0.759
361d1bf85c10,100,13760.0,0.121,0.759
2595136bb451,20,24140.0,0.121,0.759
4bf722f3c5db,98,24140.0,0.121,0.759
caebdf5abae6,0,45100.0,0.121,0.759
f499667c77f2,6,8540.0,0.121,0.759
556dd86061ac,100,13920.0,0.121,0.759
951199d70244,2,16200.0,0.121,0.759
3e2a1ad4a4ed,32,25100.0,0.121,0.759
b13c01cd66a9,12,39000.0,0.121,0.759
4547c5a732f7,0,41000.0,0.154,0.692
2067ffb1eecf,2,8680.0,0.121,0.759
1edee11c86ea,94,24140.0,0.121,0.759
94ad84ac131e,2,24140.0,0.121,0.759
96ca0b28015e,29,24140.0,0.121,0.759
9fc34cfb67cc,13,10880.0,0.121,0.759
ef15d1b470fb,26,24140.0,0.121,0.759
e52117130b73,0,24140.0,0.121,0.759
edc1e07c6698,2,24140.0,0.121,0.759
f42fa6389e6b,1,15200.0,0.121,0.759
fe50dee117bb,0,10840.0,0.121,0.759
163ff154373a,80,15960.0,0.121,0.759
dfacc9734fb7,100,24140.0,0.121,0.759
5761f80c0a20,86,9060.0,0.121,0.759
bffb60d84435,97,11840.0,0.121,0.759
f03b6539336d,100,24140.0,0.121,0.759
cfdf265b2cf6,2,9260.0,0.121,0.759
f347c19b4c0f,0,,0.121,0.759
8a04ada2492b,19,4880.0,0.121,0.759
5c26097590af,100,11440.0,0.121,0.759
4a52b527c4ab,2,8580.0,0.121,0.759
4e4c78f3df24,10,7120.0,0.121,0.759
e0a9136cbc5a,50,22400.0,0.121,0.759
9960f6f00ac8,3,8960.0,0.121,0.759
8810d929482c,24,24140.0,0.121,0.759
c7a5a72f3b5f,43,,0.121,0.759
6ffbf8755885,0,24140.0,0.121,0.759
a255a0f9af5b,100,0.0,0.121,0.759
b11ad2c57ed9,6,10260.0,0.121,0.759
7615c1175387,0,43100.0,0.121,0.759
7593b739b84d,0,,0.121,0.759
86552f65475a,0,79100.0,0.121,0.759
a41484424fa4,0,,0.121,0.759
b1ee14914cc8,0,19300.0,0.121,0.759
eca4adde9b47,43,,0.121,0.759
ca35467d4ec3,98,14480.0,0.121,0.759
eab4a707fff7,100,11380.0,0.121,0.759
a106c1935de4,87,16360.0,0.121,0.759
efd39b96c8c2,88,14820.0,0.121,0.759
299e1534b346,97,13720.0,0.121,0.759
790560656796,0,44000.0,0.121,0.759
b3f78b3eb5ee,100,14200.0,0.121,0.759
d99969ad9933,10,24140.0,0.121,0.759
47c696a6d4da,100,5920.0,0.121,0.759
6feb7010a07c,0,27300.0,0.121,0.759
9dd608d3b061,5,10780.0,0.121,0.759
5879986be542,2,,0.121,0.759
75f6da95df30,65,3900.0,0.121,0.759
c283df5f3b29,100,14520.0,0.121,0.759
65a681a56e5a,12,10120.0,0.121,0.759
c70e1a528b10,100,13600.0,0.121,0.759
517d2fd95ab6,0,9720.0,0.121,0.759
77eb9e88dd6b,20,24140.0,0.121,0.759
356b1f2ceb66,6,53000.0,0.121,0.759
a52c02b87814,43,9360.0,0.121,0.759
655d9066a27c,5,9820.0,0.121,0.759
629d1c1ffbc9,25,,0.121,0.759
03864ad2b550,0,31500.0,0.121,0.759
ad5104ff85cb,0,8880.0,0.121,0.759
a8da08542b27,1,26500.0,0.121,0.759
8893fbfe63f1,100,24140.0,0.121,0.759
adfba99a9d2d,70,7600.0,0.121,0.759
b79b1798e3a2,0,11220.0,0.121,0.759
bd4fc4f8423c,100,22400.0,0.121,0.759
3bf78d72da4f,95,4860.0,0.121,0.759
9bec02df34d9,91,15680.0,0.121,0.759
1096750cd71a,58,11880.0,0.121,0.759
f05c3540a411,1,48500.0,0.121,0.759
b38d57ca4552,11,24140.0,0.121,0.759
00f54f87689b,88,15120.0,0.121,0.759
da4a30888ef4,13,12400.0,0.121,0.759
b0163aed07e2,24,24140.0,0.121,0.759
98e6cec53bef,58,9980.0,0.121,0.759
b745cd526b5a,3,35400.0,0.121,0.759
4dbfa8c165ac,15,50400.0,0.121,0.759
30cefd78265e,56,24140.0,0.121,0.759
816bb40978d2,92,14160.0,0.121,0.759
5ae27c74b5d8,99,12740.0,0.121,0.759
3ff07e47dae9,1,10900.0,0.121,0.759
c290048cd5cd,2,27100.0,0.121,0.759
e8f1b308d2ce,0,9600.0,0.121,0.759
66867fd34568,0,27300.0,0.121,0.759
6ecce8b8d70f,0,8900.0,0.121,0.759
f3f544808c45,2,9160.0,0.121,0.759
3aa5b61a8c82,0,22600.0,0.121,0.759
7c6753662839,0,24140.0,0.121,0.759
6ffe2d9c7084,9,11300.0,0.121,0.759
0c03e45e25a8,0,24140.0,0.121,0.759
320dabd4d6a4,94,20940.0,0.085,0.831
d4dca27dc567,0,19900.0,0.154,0.692
7a6897e91457,1,22800.0,0.121,0.759
1d4a9534e575,2,6220.0,0.121,0.759
22dd9e86504c,14,24140.0,0.121,0.759
f4d23513b932,100,14680.0,0.121,0.759
8240d0258c87,0,32200.0,0.121,0.759
e17601bf7fb5,8,24000.0,0.121,0.759
4462f30522b0,0,12700.0,0.121,0.759
5f99de829b4c,94,12240.0,0.121,0.759
f6ef0a68fa5f,1,40600.0,0.121,0.759
b419f5e83ca0,92,29780.0,0.121,0.759
fda48e5c4f14,0,24140.0,0.121,0.759
864a67d703d1,0,9720.0,0.121,0.759
335fe6070bda,0,66500.0,0.121,0.759
9a495aa32169,13,17300.0,0.121,0.759
8b7267b39da9,0,10580.0,0.121,0.759
7b353f99984b,0,10620.0,0.121,0.759
65094c620a62,0,28100.0,0.121,0.759
c6bb5b2928bf,2,9440.0,0.121,0.759
2706da966347,0,23300.0,0.085,0.831
d7436f5e9c90,2,35100.0,0.121,0.759
06c41cd187bf,0,9560.0,0.121,0.759
0fb5767cb910,14,23900.0,0.121,0.759
8c2a5696ea01,88,15860.0,0.121,0.759
318927f09ac4,95,5240.0,0.121,0.759
b9e37b9c066d,91,25120.0,0.121,0.759
01a1e077dd60,0,90000.0,0.121,0.759
2734a5cf109d,98,12060.0,0.121,0.759
faa53eb8838b,0,35100.0,0.121,0.759
77804a84e318,95,36900.0,0.121,0.759
205c1cc52bff,55,11780.0,0.121,0.759
5ab18c90f830,10,11080.0,0.121,0.759
09f21e85b598,15,,0.121,0.759
25b1fc4a31e2,100,18700.0,0.121,0.759
994276aba8fd,1,39300.0,0.121,0.759
59bce7cdae1a,2,9460.0,0.121,0.759
72a5e644a0ea,1,27500.0,0.121,0.759
3c3b77d4ffb3,8,9500.0,0.121,0.759
2a48c5dec7e9,70,14760.0,0.121,0.759
a9e308fdbf3d,22,9300.0,0.121,0.759
bef227f5aa1c,94,9420.0,0.121,0.759
1bc0c238c530,91,9800.0,0.121,0.759
a44de47ade0f,84,25560.0,0.121,0.759
0ff93b8dd720,28,24140.0,0.121,0.759
aaa54336c610,6,21900.0,0.121,0.759
e9762a121c70,100,24140.0,0.121,0.759
a01e6c9d229b,0,26800.0,0.121,0.759
2ab7343a4ac5,14,24140.0,0.121,0.759
92c05ea3bf43,2,15580.0,0.121,0.759
ad77a7a4192b,80,10120.0,0.121,0.759
886ad8df84d1,14,,0.121,0.759
4b3062b99816,27,9780.0,0.121,0.759
46ace54424a4,0,,0.121,0.759
9ee9633e3a14,4,10740.0,0.121,0.759
e768aa14e097,0,90000.0,0.085,0.831
8e7e07b4ba1d,100,19960.0,0.121,0.759
a543c6720daa,88,21600.0,0.121,0.759
b66c9af42399,29,7820.0,0.154,0.692
a90cf166111f,85,15380.0,0.121,0.759
781d4835d3d1,26,9380.0,0.121,0.759
1d7b1f88492a,95,10580.0,0.121,0.759
b4b33c11581d,98,13680.0,0.121,0.759
d6ed94526b10,2,8380.0,0.121,0.759
7936ce9dd48c,2,46800.0,0.121,0.759
6baaaa6483fc,0,33300.0,0.121,0.759
35acf8f9459f,1,9640.0,0.121,0.759
07c01f6716a9,77,14520.0,0.121,0.759
71a4135b5034,100,13080.0,0.121,0.759
36fd2ec0105a,98,15280.0,0.121,0.759
681aac012295,98,17100.0,0.121,0.759
d89431a7d748,0,35900.0,0.121,0.759
b716bcf1e269,0,18200.0,0.121,0.759
f693a5976ee0,2,12220.0,0.121,0.759
e742b70788c3,2,51100.0,0.121,0.759
c2f630a194fc,16,24140.0,0.121,0.759
5871c35d8a28,0,39700.0,0.121,0.759
0e8cb162142b,0,46900.0,0.121,0.759
5f4eaf3d2ab9,2,7800.0,0.121,0.759
9e1b8a38b5ac,46,24140.0,0.121,0.759
92861f64f888,66,10400.0,0.121,0.759
cc4db944885c,0,39600.0,0.121,0.759
fb1189278752,21,29000.0,0.121,0.759
33294b0e8643,92,9380.0,0.121,0.759
98ad9a89b548,38,76000.0,0.121,0.759
923c3d5e3727,76,6500.0,0.121,0.759
cc10fe381081,96,11880.0,0.121,0.759
ecd661c460c7,4,45800.0,0.121,0.759
94e7886a5452,0,34700.0,0.121,0.759
fe42a7605c6b,84,21860.0,0.121,0.759
648720464005,0,10340.0,0.121,0.759
a5df3a24dbb0,0,38500.0,0.121,0.759
5faca5826829,15,24140.0,0.121,0.759
b607ae80ab78,0,9560.0,0.121,0.759
dac960d0f936,100,2860.0,0.121,0.759
91a9517c52bc,0,9480.0,0.121,0.759
2093807f62fa,96,15060.0,0.121,0.759
e523691f5b45,0,69800.0,0.121,0.759
4f575a861be8,0,70400.0,0.121,0.759
98664924bd64,100,8360.0,0.121,0.759
9ebcd59717b2,20,10460.0,0.121,0.759
8f2c799756fa,0,12460.0,0.121,0.759
199118d906eb,53,12200.0,0.121,0.759
b7cbf1de11c5,96,9900.0,0.121,0.759
9add8c00c6ee,7,30000.0,0.121,0.759
ff0529924ccf,6,17800.0,0.121,0.759
885d96242881,1,,0.121,0.759
d89f8514386a,78,24140.0,0.121,0.759
28e819f722bf,0,,0.121,0.759
0534f674b7b1,100,12800.0,0.121,0.759
3664ff11e6e1,100,12800.0,0.121,0.759
4e0900072ac9,0,22600.0,0.121,0.759
adf8aa87303c,2,24700.0,0.121,0.759
4cdcfd3ea8cc,0,23000.0,0.121,0.759
69f24cdec0d7,3,8980.0,0.121,0.759
c77c72448356,69,14660.0,0.121,0.759
1b48e1b49023,46,24140.0,0.121,0.759
9d8fec9444d1,80,,0.121,0.759
586e8af98214,9,9520.0,0.121,0.759
c8853ed056eb,75,9480.0,0.121,0.759
b5919547d93f,44,24140.0,0.121,0.759
ce4f41ea28f3,97,23700.0,0.121,0.759
19d2e5557cf0,81,11280.0,0.121,0.759
8bf25abbd188,1,9120.0,0.121,0.759
6b43983fff34,0,63200.0,0.121,0.759
6c84d2aa0f77,1,24140.0,0.121,0.759
062ae217aa80,5,24140.0,0.121,0.759
5568f9870b0c,91,11660.0,0.121,0.759
2948d7704124,20,24140.0,0.121,0.759
577d90de0d18,100,,0.121,0.759
ca397f0c0e3f,0,11120.0,0.121,0.759
0ed2aedf0eac,92,12280.0,0.121,0.759
47af32d58544,63,11980.0,0.121,0.759
ddcbdc00397b,0,9720.0,0.121,0.759
a02e416d78a2,100,13300.0,0.121,0.759
4e83b448c749,68,17800.0,0.154,0.692
6ad010df93f8,89,14000.0,0.121,0.759
e4085ce24c83,5,31500.0,0.121,0.759
dd6419c34611,47,10920.0,0.121,0.759
be0986ef49b8,0,35300.0,0.121,0.759
f6844cf02ea4,3,27100.0,0.121,0.759
b3de92145101,13,20400.0,0.121,0.759
573808eddd1f,64,27500.0,0.154,0.692
d64a3caa14e2,0,23600.0,0.121,0.759
15a3c8702aaf,100,24140.0,0.154,0.692
4fdddd891bdc,100,24100.0,0.121,0.759
20e1706e837b,87,14300.0,0.154,0.692
e8bdfa0c092a,60,24940.0,0.101,0.798
b5c9a4a731c6,98,11380.0,0.121,0.759
2202a0672a30,0,20300.0,0.121,0.759
003554ab6b9c,88,24140.0,0.154,0.692
4ea9fb2db8e8,0,20300.0,0.121,0.759
e6befa38275f,0,20300.0,0.121,0.759
88f4a83b6dbb,2,9000.0,0.121,0.759
f672a98bb7a3,2,15100.0,0.154,0.692
5766f2c16654,21,43000.0,0.121,0.759
bb397d4c3d19,0,20500.0,0.121,0.759
c37ef748be5a,4,24140.0,0.154,0.692
8d7eec264889,100,3620.0,0.154,0.692
a1e60f98742d,0,36100.0,0.121,0.759
897d0297675a,100,3840.0,0.154,0.692
35df01f8113f,61,6900.0,0.154,0.692
d69bd4ee7a79,0,24140.0,0.121,0.759
57cd9b31000a,16,16900.0,0.121,0.759
4639edf8e469,27,32460.0,0.121,0.759
ff34e7f820c4,91,9940.0,0.154,0.692
a387dcf60974,94,10320.0,0.154,0.692
94c1eea08ec3,88,8480.0,0.154,0.692
0f41230437b8,94,,0.154,0.692
2a3f49d42956,95,5340.0,0.154,0.692
956257cbd397,48,15600.0,0.121,0.759
57ce2ee59635,28,8280.0,0.154,0.692
7df1f25ca8dd,0,63800.0,0.154,0.692
f4211862798b,0,30400.0,0.121,0.759
69c6580c7a5e,0,37500.0,0.121,0.759
7585ea3287ff,99,26800.0,0.154,0.692
392952b83b78,77,24140.0,0.085,0.831
9d3c958d555c,9,8220.0,0.154,0.692
1dabbdec52fd,94,17720.0,0.154,0.692
3815451f4132,0,60800.0,0.154,0.692
9ea8a3980cc0,100,24140.0,0.154,0.692
feebf9f87b52,78,25800.0,0.154,0.692
63ebf85b15ea,0,28200.0,0.154,0.692
6add54cd680d,0,20000.0,0.121,0.759
a5ed197f8c5d,0,17300.0,0.121,0.759
c2ce8a9ddb4c,0,26900.0,0.154,0.692
ceaebc275e5f,100,12200.0,0.121,0.759
e0b0d8a88aa7,100,31100.0,0.121,0.759
a70828378119,22,8940.0,0.121,0.759
b9bfbbb07771,0,8880.0,0.154,0.692
732f4045a438,14,,0.154,0.692
6ace56d2018f,0,29200.0,0.121,0.759
54d974d1625f,3,10620.0,0.121,0.759
bda9c0b13f3f,0,18400.0,0.121,0.759
8f26d13e187a,31,24140.0,0.121,0.759
99e3e1d1ee01,0,90000.0,0.121,0.759
54868ffe9cf3,0,46000.0,0.121,0.759
36b867d31cd9,47,25800.0,0.121,0.759
b8558d68885b,98,9460.0,0.154,0.692
cbf7ffce26cc,0,35800.0,0.121,0.759
6df88bedc64d,3,24140.0,0.121,0.759
69f30c868497,0,51000.0,0.121,0.759
79f671802e05,0,33300.0,0.121,0.759
940cd0c7f1e1,0,59700.0,0.121,0.759
c8ddf8ea0282,0,38600.0,0.121,0.759
ab0f42040650,0,24140.0,0.154,0.692
5a67db9bed0b,0,24700.0,0.121,0.759
45a7fa404e82,15,24140.0,0.121,0.759
2125846c67de,0,44600.0,0.121,0.759
8540cdd53d24,0,55600.0,0.121,0.759
51f7378c378d,5,8560.0,0.154,0.692
58b7633c57d3,0,47700.0,0.121,0.759
bc792456a9cc,0,36200.0,0.121,0.759
6327b97c8777,0,32000.0,0.121,0.759
a6aac665ee4c,0,51000.0,0.121,0.759
0e9da6a09ef3,9,8200.0,0.154,0.692
71191511bb72,54,24140.0,0.154,0.692
d87ecee35168,0,53200.0,0.121,0.759
b8b25aa12eb0,52,24140.0,0.154,0.692
20b5c971d232,0,24140.0,0.154,0.692
a7d05fd69dd9,100,24140.0,0.154,0.692
a950a3c33606,100,24140.0,0.154,0.692
1130adab6329,0,39100.0,0.121,0.759
3d88f52d9e22,75,24140.0,0.121,0.759
32688783c4df,92,8620.0,0.154,0.692
17bf8f1dd18b,3,23100.0,0.121,0.759
2ef39f18d27c,1,24000.0,0.121,0.759
b748d348a010,4,24100.0,0.121,0.759
8ec7070d8f8b,0,24400.0,0.154,0.692
7d72ac629f9d,5,19900.0,0.121,0.759
045012f02fa4,4,24100.0,0.121,0.759
d9e7c3ff89b4,3,37700.0,0.121,0.759
206439b723dc,0,26300.0,0.121,0.759
974912c44b97,2,24140.0,0.121,0.759
1b085fbf8a16,6,47200.0,0.154,0.692
16549ae237b1,0,29500.0,0.154,0.692
23da29f4ce7c,69,24140.0,0.154,0.692
4d4af74bec9b,8,9080.0,0.154,0.692
cc3bbd53669a,100,9520.0,0.154,0.692
abaa3e1a3a54,100,14200.0,0.154,0.692
ac1b2645b7a0,0,39200.0,0.121,0.759
cf0c9c7f5fb2,1,28100.0,0.121,0.759
330391dac9cc,0,33100.0,0.121,0.759
510c328446e8,0,58400.0,0.154,0.692
1b0b347b81fd,0,19800.0,0.121,0.759
33e3a4657ddf,1,34100.0,0.121,0.759
52dbc42bbd5e,0,40400.0,0.121,0.759
37699073fd4a,0,44900.0,0.121,0.759
a7e912126826,0,39300.0,0.121,0.759
efe8f5eacc15,0,52900.0,0.121,0.759
04cba1cb4701,0,42800.0,0.121,0.759
5464409dda25,0,34800.0,0.121,0.759
83d45fdfec00,0,25400.0,0.121,0.759
5e70cf15eacc,98,8500.0,0.154,0.692
76325059e517,0,34200.0,0.121,0.759
b468d04bf154,100,34900.0,0.121,0.759
952bcaff1b71,5,12700.0,0.121,0.759
1bdaee4943a0,100,15400.0,0.154,0.692
54523183955d,88,17940.0,0.121,0.759
028afe6a465c,0,35400.0,0.121,0.759
93b65b52590c,0,31700.0,0.154,0.692
2ff6374dce06,5,51100.0,0.121,0.759
607734346566,1,27200.0,0.121,0.759
b679b896ad1f,0,25000.0,0.121,0.759
9c8ed241f4f6,0,18200.0,0.154,0.692
1d89c43bc5ad,0,25800.0,0.154,0.692
b3bc3f4dee10,48,24140.0,0.121,0.759
6e7c70f1d1be,0,29600.0,0.154,0.692
669e1dbe0901,0,31400.0,0.121,0.759
04255590a7eb,18,34100.0,0.121,0.759
49f8372598fa,0,18000.0,0.154,0.692
a7f0637b49ae,0,26100.0,0.121,0.759
f96feb82435e,0,25300.0,0.121,0.759
598590b2cb93,0,27200.0,0.121,0.759
6dc4aa294ea9,0,24900.0,0.154,0.692
6db3c05e033a,3,26300.0,0.121,0.759
016a97dbcf0f,5,62400.0,0.121,0.759
6b06e09bb591,0,34900.0,0.121,0.759
af5290ff13c1,2,23700.0,0.154,0.692
b78379939b55,98,36900.0,0.154,0.692
609018c806c2,0,50100.0,0.121,0.759
8b9ee36f24a7,69,8200.0,0.154,0.692
7d2890bbc71b,94,25100.0,0.154,0.692
57f611c0f806,5,8220.0,0.121,0.759
5bdbf8b14e19,0,19400.0,0.154,0.692
02890c4fc0fd,99,24100.0,0.154,0.692
ca33fa15af77,0,53700.0,0.154,0.692
858f2b6d5ab8,0,30200.0,0.154,0.692
a5f85badfcde,0,37900.0,0.154,0.692
36ee5af5ea2f,96,9900.0,0.154,0.692
fab18c9fd392,1,25300.0,0.154,0.692
2a037fd53e96,0,21900.0,0.154,0.692
69e8bc826a96,9,44600.0,0.121,0.759
0cbc0988b0b0,37,21600.0,0.121,0.759
65473fb6390d,49,2980.0,0.154,0.692
639048c79fcc,11,21800.0,0.154,0.692
faa579a561f7,0,24300.0,0.154,0.692
d5a28726502a,0,31700.0,0.121,0.759
606eceecebd0,83,21600.0,0.154,0.692
27d1819aa508,0,35800.0,0.121,0.759
1b5ad91f5190,100,18800.0,0.154,0.692
c6f6c15ea08d,0,24100.0,0.121,0.759
8f65464938b2,86,24140.0,0.121,0.759
f7a2761c46ec,2,23700.0,0.154,0.692
922393c99bc7,95,17440.0,0.121,0.759
531d6c024928,95,7700.0,0.154,0.692
d82ff3dc546c,99,24300.0,0.154,0.692
e88ba454322a,35,24140.0,0.154,0.692
a48789659d34,2,56600.0,0.154,0.692
0bed91e4fd90,1,24500.0,0.154,0.692
1c7081b9721e,0,21800.0,0.121,0.759
58dddc552c4e,95,7700.0,0.154,0.692
f21182cd76d3,0,55000.0,0.121,0.759
3c9fcdee980c,0,26500.0,0.121,0.759
deda871093f9,0,64000.0,0.121,0.759
d6c7067c702e,0,34900.0,0.154,0.692
cbcb0301f35c,0,47100.0,0.154,0.692
d62480e0a7f6,0,52600.0,0.154,0.692
77c5b7dd579a,0,32400.0,0.121,0.759
83c911d6e4f2,0,29800.0,0.121,0.759
8a3f18f9d4c9,0,55300.0,0.154,0.692
5ac1bdbe0155,0,71600.0,0.121,0.759
12faee956013,100,24140.0,0.121,0.759
30f9e32e3915,0,24000.0,0.154,0.692
ce17f99d9e91,0,38400.0,0.154,0.692
eb9021ecea1c,0,28400.0,0.154,0.692
bb053a625ba1,0,36300.0,0.154,0.692
07cab9fa3389,98,36600.0,0.154,0.692
e649e57319cc,99,16900.0,0.121,0.759
91c40700d417,0,37200.0,0.121,0.759
c0e205a3618e,0,28300.0,0.154,0.692
56d10a54dba7,2,21000.0,0.154,0.692
b152054f4e67,0,35300.0,0.121,0.759
6f47e1c522a3,0,33600.0,0.121,0.759
2891b85e309e,0,22000.0,0.154,0.692
f243dbcd375e,0,22200.0,0.154,0.692
40dde002ff5b,0,34900.0,0.154,0.692
425be2f70dec,0,22400.0,0.154,0.692
389077b60917,2,22800.0,0.154,0.692
1747ae9e08e6,100,18700.0,0.154,0.692
93633a1099f6,58,25500.0,0.154,0.692
da414c508212,0,28100.0,0.154,0.692
eb7872d80f0e,0,16100.0,0.154,0.692
729f25b14afe,0,30200.0,0.154,0.692
16287ca98015,99,23400.0,0.121,0.759
57f9fe84fbdb,5,16000.0,0.154,0.692
a4c95fee2768,0,24700.0,0.154,0.692
7395fbfab98d,63,48700.0,0.154,0.692
7aa32e0303ca,0,19300.0,0.154,0.692
afc458c61524,0,19000.0,0.121,0.759
28757ac9663b,2,19500.0,0.154,0.692
de71707b50e8,0,18800.0,0.154,0.692
b130f42ecea0,0,26800.0,0.121,0.759
86f1a09d32ec,0,32200.0,0.121,0.759
f963347ee856,0,47600.0,0.154,0.692
355d045a53b0,2,19800.0,0.154,0.692
1369d9e4c9fc,0,14000.0,0.154,0.692
356a7c8bb65d,0,28900.0,0.154,0.692
72cd976ab216,0,22100.0,0.154,0.692
34beda111e03,9,63900.0,0.121,0.759
68a647068490,0,30100.0,0.154,0.692
a02a61651255,1,24800.0,0.154,0.692
d96117fd375c,0,32400.0,0.154,0.692
863d0823e640,0,36500.0,0.121,0.759
b5b7487fb75a,43,13600.0,0.154,0.692
d45315ed6fa9,12,27200.0,0.154,0.692
bcb3a52d7195,23,21500.0,0.154,0.692
0b0768e42cb9,0,33100.0,0.121,0.759
b6880899f1d8,0,32700.0,0.154,0.692
e0571700a4a7,0,38100.0,0.154,0.692
8bad08654691,0,36600.0,0.121,0.759
f021b850fa04,29,21200.0,0.154,0.692
d529d2aaf00f,12,69000.0,0.154,0.692
32f5b909e9b1,0,40200.0,0.154,0.692
27d76919d851,0,29500.0,0.154,0.692
84f84ad888d3,0,39600.0,0.154,0.692
629d98a76bb2,0,33100.0,0.154,0.692
1e03c204f903,95,24140.0,0.121,0.759
62d657b37f48,100,5620.0,0.154,0.692
abc247d80550,0,29440.0,0.085,0.831
3b480b5ba9db,0,47200.0,0.154,0.692
c469db3142dc,0,51500.0,0.154,0.692
73d3343e8b6b,100,23900.0,0.154,0.692
4086b18c015e,0,64900.0,0.121,0.759
6ae431023627,6,29300.0,0.154,0.692
dc8c27bfdcf5,0,33900.0,0.154,0.692
f8ca60531edc,1,65100.0,0.154,0.692
726e48977827,100,46900.0,0.121,0.759
0e1eb1221b2f,2,62400.0,0.154,0.692
7cd6ba5a4c69,100,29800.0,0.154,0.692
699cfcf9e64f,0,78500.0,0.154,0.692
0c99277df5d8,12,24140.0,0.121,0.759
ef46b852a654,0,33100.0,0.154,0.692
5458c87f5ec9,0,16300.0,0.154,0.692
cf6f873d684e,31,24140.0,0.121,0.759
b65ba7d7eadc,92,24140.0,0.154,0.692
8a0c8dd5696f,0,25800.0,0.154,0.692
32a29c0b794b,38,24140.0,0.121,0.759
15fbfc862c80,30,37800.0,0.154,0.692
818f93cf7b65,0,19500.0,0.154,0.692
eb8ad8d6a571,0,49800.0,0.154,0.692
9185999d1885,12,24140.0,0.121,0.759
4bfb54d85e60,61,12200.0,0.154,0.692
a8031823464b,42,40600.0,0.121,0.759
7b367e5064fb,2,22400.0,0.121,0.759
4a11aaede3d3,0,30800.0,0.121,0.759
4dd677d695d0,0,7960.0,0.121,0.759
b4ef71a3539d,0,28700.0,0.154,0.692
cddfb9482222,7,27200.0,0.121,0.759
6e2f69343606,0,40500.0,0.121,0.759
52bf20183db4,0,62000.0,0.154,0.692
e3005046e702,1,44400.0,0.121,0.759
49893689eb8b,0,62000.0,0.154,0.692
ef4e206776ef,6,18000.0,0.154,0.692
267a4e6e4610,0,41700.0,0.121,0.759
637865bbbf70,100,19500.0,0.154,0.692
96358b17ca93,0,27300.0,0.121,0.759
faabe1eebded,16,9520.0,0.121,0.759
bd96228c61a5,0,49900.0,0.154,0.692
ff03ebec5e89,0,32200.0,0.154,0.692
d7f5368f17f4,0,42200.0,0.121,0.759
7acbd4c1e22e,0,23400.0,0.154,0.692
389914237dc1,0,48400.0,0.121,0.759
9e7163995998,4,12600.0,0.121,0.759
8ffeec25f6f0,0,36500.0,0.121,0.759
b690f8f5b2fe,9,17300.0,0.154,0.692
7402f58bf081,0,28100.0,0.154,0.692
91eb4d3ecc64,0,90000.0,0.154,0.692
5ce93cfd1b01,0,27300.0,0.154,0.692
6efe9495c446,0,29100.0,0.154,0.692
fe78821df6d6,0,26200.0,0.154,0.692
c45e7c84a17e,0,50100.0,0.121,0.759
e63ffc68c3fe,0,29400.0,0.154,0.692
0f0ef3acd18e,0,38800.0,0.154,0.692
6d887b8d5923,4,65100.0,0.154,0.692
c4a49fd10417,13,43400.0,0.154,0.692
96eb4f51a32e,1,28700.0,0.121,0.759
c54fa82c3b6f,34,24300.0,0.121,0.759
af02ffa3646e,0,53200.0,0.154,0.692
53bb408c1973,1,29000.0,0.121,0.759
d484937282ae,5,16300.0,0.154,0.692
14f2b500ac1d,11,59700.0,0.154,0.692
baf759c33023,0,41400.0,0.121,0.759
de28b3d08ffd,0,38300.0,0.154,0.692
7586a555df1a,0,18100.0,0.085,0.831
d850a636fea8,0,58300.0,0.154,0.692
b3f68feb7f9f,0,54600.0,0.121,0.759
7f54e6d91ea3,0,35600.0,0.154,0.692
23e44f4cad19,0,18100.0,0.085,0.831
f7f4c2f560a5,0,20700.0,0.154,0.692
bc9db1e12288,0,18100.0,0.085,0.831
d663ffe50ca2,0,25300.0,0.154,0.692
32833eb53092,0,90000.0,0.154,0.692
e944287ca6b7,4,18400.0,0.154,0.692
23b09e175d60,0,24140.0,0.154,0.692
cf65845d0d84,0,53200.0,0.154,0.692
99f8fb253238,67,16400.0,0.154,0.692
3f93fe61e229,99,25900.0,0.154,0.692
5978af5abdea,72,20400.0,0.154,0.692
da68c4820146,0,25400.0,0.154,0.692
978c8374f8a7,2,27000.0,0.154,0.692
df7dbb5686bd,0,32800.0,0.121,0.759
ec967f89eb4b,0,29500.0,0.154,0.692
991e386d29ec,0,52900.0,0.154,0.692
e3ec5d4a4e14,0,43600.0,0.154,0.692
c92a8d7f3688,50,12900.0,0.154,0.692
2e1e14059a2f,0,18200.0,0.121,0.759
9f44b28187fd,0,59900.0,0.154,0.692
351980bb3d11,0,17900.0,0.154,0.692
0ea49868e730,0,34600.0,0.121,0.759
3399b15cc980,0,26100.0,0.121,0.759
2e212aa4de6e,1,17100.0,0.085,0.831
1c96d55f519c,1,17100.0,0.085,0.831
b793a4b703ac,0,59900.0,0.154,0.692
b66ee6f3c1b7,8,61700.0,0.154,0.692
7cf88ee0f5b2,0,59900.0,0.154,0.692
3f154c47ab2a,0,45300.0,0.154,0.692
b0af010d6c39,29,42400.0,0.121,0.759
c134b8e72085,0,54700.0,0.154,0.692
ed2586b19f78,1,18700.0,0.154,0.692
2fd84127de71,0,58800.0,0.154,0.692
8de5efc6071f,12,15300.0,0.154,0.692
43b0d50c2cfd,100,22500.0,0.154,0.692
3be60828fd4d,0,35300.0,0.154,0.692
b992e477646b,0,23400.0,0.154,0.692
ef5bb6494c9a,0,17800.0,0.154,0.692
85c353b0159b,100,13300.0,0.154,0.692
668ca48fae79,0,42500.0,0.154,0.692
3816376ddfce,0,50700.0,0.154,0.692
3527745aad62,0,20500.0,0.154,0.692
d960f175888a,0,40100.0,0.154,0.692
33a14aba16e5,0,45800.0,0.154,0.692
09b2d9c6290c,88,12200.0,0.154,0.692
12369e2d613d,0,17900.0,0.154,0.692
2d9c6653a296,11,20200.0,0.154,0.692
36cfd2c7ca4d,0,41100.0,0.154,0.692
529c3f4171f8,0,61600.0,0.154,0.692
c0f5c80c0beb,0,56800.0,0.154,0.692
fa27d900ad2a,0,39300.0,0.154,0.692
c39feb754809,1,36500.0,0.154,0.692
a62ba007d105,0,23600.0,0.121,0.759
b04dde3b5e98,99,11800.0,0.187,0.625
f41fba0ef615,100,12800.0,0.154,0.692
9e9781314104,0,22400.0,0.154,0.692
bf680ba6d6dd,11,20200.0,0.154,0.692
af42cf02ed50,0,56000.0,0.154,0.692
346e2f833543,100,24140.0,0.121,0.759
18466dcbc76b,0,39000.0,0.154,0.692
33306d43245d,1,30900.0,0.121,0.759
97b82ac658b1,0,40700.0,0.154,0.692
6ede8745742b,0,30600.0,0.154,0.692
b0b3e51d14d8,0,58700.0,0.154,0.692
041f87e07541,100,12200.0,0.154,0.692
80f7c2ba133e,0,34700.0,0.154,0.692
9cf67f6746c8,0,37300.0,0.154,0.692
d90a785aebf8,0,34100.0,0.154,0.692
72b305e4e084,6,60600.0,0.154,0.692
7bd857a50ddd,0,28500.0,0.154,0.692
d4b0329f7416,100,30000.0,0.154,0.692
95cc3c7b86b9,0,20300.0,0.154,0.692
5f46723531e0,0,53800.0,0.154,0.692
7513050c2544,3,27400.0,0.154,0.692
4efe0dafeacc,100,19000.0,0.154,0.692
b40d056a4224,0,36300.0,0.154,0.692
5ed10cc241eb,0,17900.0,0.154,0.692
ebefeac04d21,2,18700.0,0.154,0.692
354bdcc8daea,0,41800.0,0.154,0.692
998489e51b7e,0,25500.0,0.154,0.692
1cb444e210c2,0,24140.0,0.154,0.692
efc67b81f3e1,0,27100.0,0.154,0.692
98a86e46d574,11,42900.0,0.154,0.692
b6abc2ac23ea,0,39900.0,0.154,0.692
c1a108e990ec,0,41800.0,0.154,0.692
598a93fdc195,0,16200.0,0.154,0.692
d76ce325ca95,3,17100.0,0.154,0.692
092e4c438181,0,44800.0,0.121,0.759
f17f7c3d6437,2,23200.0,0.154,0.692
c40247749fca,0,25000.0,0.154,0.692
41006408d5be,0,31600.0,0.154,0.692
412a5c3ffb5c,4,30800.0,0.154,0.692
8c8433f6dc5a,9,46200.0,0.154,0.692
7fdda7f71ead,0,46700.0,0.154,0.692
6f50b121935c,0,47700.0,0.154,0.692
b53d8b1f172d,0,44300.0,0.154,0.692
bfcc682b8760,47,24140.0,0.121,0.759
628508d8673d,0,44200.0,0.154,0.692
62d16694699a,0,62800.0,0.154,0.692
4c2cca236e3d,0,35400.0,0.154,0.692
d4706b703624,3,34500.0,0.154,0.692
8450b5aec686,0,24100.0,0.154,0.692
1a54ca627061,0,62700.0,0.154,0.692
ade06566efc8,0,38700.0,0.154,0.692
3f896426a818,0,37800.0,0.154,0.692
8414bcb99676,0,25100.0,0.154,0.692
21cfa8da2cd9,0,25700.0,0.154,0.692
ac09365e3b8b,75,12400.0,0.154,0.692
8d11bece508d,0,64000.0,0.154,0.692
3c69dc62ac75,0,54200.0,0.154,0.692
fc8e51cf7183,0,22600.0,0.154,0.692
a01894e21ea9,0,39100.0,0.187,0.625
8011113a1308,73,24140.0,0.154,0.692
a385c1467f8d,98,,0.121,0.759
e1cbe260c14c,0,25100.0,0.154,0.692
e81702201285,53,14200.0,0.154,0.692
bc464dac510b,0,44200.0,0.154,0.692
9484776afaee,5,14900.0,0.154,0.692
59f137e65f6e,0,10320.0,0.121,0.759
646c3fa84ed9,85,24140.0,0.154,0.692
536a25d9acaf,78,4160.0,0.121,0.759
3c11bff4e9b9,0,24700.0,0.154,0.692
182263be8201,0,55400.0,0.154,0.692
c90520f235ee,100,200.0,0.154,0.692
f6f5732048a7,0,44000.0,0.154,0.692
caf55e8ca85d,0,44500.0,0.154,0.692
dcad23a91291,0,48900.0,0.154,0.692
f06f3cc5f059,0,20700.0,0.154,0.692
ba6841351a6e,0,32000.0,0.154,0.692
2eb75aba8568,1,36200.0,0.154,0.692
178a71b8a268,100,7100.0,0.154,0.692
95ab163756ad,24,29600.0,0.121,0.759
bd1591aaa3d7,0,24600.0,0.154,0.692
91347cb080ce,18,15600.0,0.154,0.692
566ca2dd2b88,0,19800.0,0.121,0.759
dd23f22350a9,0,73600.0,0.154,0.692
5ad1f977495c,0,28600.0,0.121,0.759
3336a6454411,3,18000.0,0.154,0.692
e6830fba058d,88,16280.0,0.048,0.903
50ae0ae56eb7,0,24800.0,0.154,0.692
6554ddf9f799,0,21400.0,0.154,0.692
fc15af1108e1,58,23660.0,0.085,0.831
96f73e998114,0,11100.0,0.121,0.759
ba9f8423efab,14,26400.0,0.085,0.831
b4f171d85844,54,14000.0,0.154,0.692
ee2ed12be9a5,0,64400.0,0.154,0.692
a67dd100597a,100,12200.0,0.154,0.692
ca86eff3c64c,0,39400.0,0.154,0.692
66057b4c16f3,72,24140.0,0.121,0.759
812271f6f6c6,0,24140.0,0.121,0.759
70a5493c70f2,0,47000.0,0.154,0.692
d2c3d2807115,10,12700.0,0.154,0.692
c2587f386264,3,79000.0,0.121,0.759
c3e9cb6e576a,0,19500.0,0.154,0.692
3601350dafa6,100,200.0,0.154,0.692
f0aeefc8d380,100,,0.121,0.759
eb443492f51e,2,20600.0,0.154,0.692
a5be37820a21,35,24140.0,0.121,0.759
ddd26477ce93,30,10820.0,0.121,0.759
19e089edaad0,69,,0.154,0.692
db1cb587f932,97,24140.0,0.154,0.692
10e3888b40a2,13,6320.0,0.154,0.692
c36f452c27e8,93,38700.0,0.121,0.759
fd5ae758dddb,100,13280.0,0.121,0.759
8b15f5df6bc1,0,40900.0,0.121,0.759
8b28749bdd69,63,10440.0,0.154,0.692
7991043924f3,32,24140.0,0.121,0.759
7cf793349ddd,0,36100.0,0.121,0.759
29b9fe1775a4,4,16500.0,0.121,0.759
af5bc0518222,0,29400.0,0.121,0.759
407e4ed20893,33,28900.0,0.121,0.759
c2fc7e45a5c4,0,38300.0,0.154,0.692
bfdce236026e,0,42000.0,0.121,0.759
e7cf133053c5,0,24140.0,0.085,0.831
7e6ccfe05659,75,18800.0,0.121,0.759
7b4b91123430,3,42000.0,0.121,0.759
0fa43fb3fc8e,99,26000.0,0.154,0.692
df66417627c7,0,38100.0,0.154,0.692
ad66d80f0aff,0,90000.0,0.154,0.692
c189a68a6b48,1,24140.0,0.154,0.692
0d05c38c4caf,25,45600.0,0.154,0.692
23a33d2edae8,100,6860.0,0.085,0.831
abfd7475d36e,32,24140.0,0.085,0.831
f8ccf0e8931f,0,59100.0,0.154,0.692
60e34774809d,6,45000.0,0.154,0.692
e5a2f6909ed6,0,27500.0,0.154,0.692
983afff0d1be,0,32300.0,0.121,0.759
513396050231,0,36800.0,0.121,0.759
f47ea5dfa133,0,57200.0,0.154,0.692
4ed775eaec8c,0,18400.0,0.121,0.759
c1b0c7a2ef13,0,19000.0,0.121,0.759
23bb0728d627,0,27100.0,0.154,0.692
7ec6e0009cbb,0,16200.0,0.187,0.625
3c0edb790f16,28,25920.0,0.085,0.831
c371f0ac2bdc,4,24140.0,0.154,0.692
d8d2ef6edf61,100,16200.0,0.154,0.692
133467aa3d10,0,17900.0,0.187,0.625
de5d42d6903d,6,24140.0,0.121,0.759
4c57b0b02301,100,24140.0,0.154,0.692
3cab20d0bec1,7,12200.0,0.121,0.759
ab0be210e012,1,47200.0,0.121,0.759
8fd7072a5e7c,0,51000.0,0.154,0.692
810765e4659e,0,20800.0,0.154,0.692
075a315f6229,1,40600.0,0.121,0.759
4c3e3b97e3a0,0,50100.0,0.121,0.759
479216233937,3,16200.0,0.154,0.692
cfdc32609ddd,0,72500.0,0.121,0.759
466152eb8c97,0,33800.0,0.121,0.759
0469d61c22ed,75,38000.0,0.154,0.692
00789a72e7d8,0,7860.0,0.154,0.692
47d2712aad28,0,29300.0,0.121,0.759
fee4c3e66e76,0,51500.0,0.121,0.759
8966e177a935,0,88700.0,0.121,0.759
25ef4651773f,3,41500.0,0.121,0.759
689ed994b2af,0,49500.0,0.154,0.692
2453492d3f0c,93,24140.0,0.154,0.692
2e050c37f21e,36,10480.0,0.121,0.759
0b3870fe24d7,100,12200.0,0.154,0.692
eb8dc98c2236,9,29500.0,0.121,0.759
7c8d475aad9b,0,24140.0,0.154,0.692
3c07469a70ed,0,18800.0,0.154,0.692
02506713d9a5,100,16400.0,0.121,0.759
53fc7f2f4f31,47,69800.0,0.121,0.759
e295894630ff,100,,0.154,0.692
49b012a4c1d1,30,21300.0,0.121,0.759
0e48f1261d90,14,24140.0,0.154,0.692
2e2503eab774,34,23900.0,0.154,0.692
11818834f2f6,0,24140.0,0.121,0.759
a1c6972485fd,2,24140.0,0.154,0.692
9fe04cd9d075,49,71100.0,0.121,0.759
fbf3df253bb7,98,24140.0,0.154,0.692
6ec218504c9a,34,24140.0,0.154,0.692
1b51f4122de3,59,16980.0,0.154,0.692
9b0110929a1e,0,24140.0,0.154,0.692
92fa0112daf7,100,24140.0,0.154,0.692
7295c8e13f1f,75,24140.0,0.154,0.692
e37b2b9a4799,0,48000.0,0.121,0.759
809a4f4af698,53,4560.0,0.154,0.692
b4e8055671fd,2,33000.0,0.121,0.759
67d74fd60e1e,44,24140.0,0.154,0.692
7b21e04336f9,0,24140.0,0.154,0.692
eaf8e2fec24c,0,33100.0,0.154,0.692
d5f92a5d4c54,83,30520.0,0.085,0.831
c6897e123f14,100,24140.0,0.154,0.692
71e1d379a3fd,48,3680.0,0.154,0.692
3a6b636ff9aa,0,24140.0,0.154,0.692
8d798a5f7165,95,5500.0,0.154,0.692
f8c807d68242,11,24140.0,0.154,0.692
e9185360eb9a,84,24140.0,0.154,0.692
7233ce0e8c92,0,24140.0,0.154,0.692
4dc6353cf46f,0,24140.0,0.154,0.692
87cf0f02a3bd,1,24140.0,0.154,0.692
58ce06dcf472,0,24140.0,0.154,0.692
2e4c194c2c06,8,24140.0,0.154,0.692
92b57cfae4fe,8,24140.0,0.154,0.692
029b9321a7bd,0,24140.0,0.154,0.692
f285f3614e52,51,26000.0,0.154,0.692
4d23144c4f0f,23,,0.154,0.692
ecfae2396973,0,24140.0,0.154,0.692
654ae850b329,55,21920.0,0.154,0.692
b0b2277e4419,2,16000.0,0.154,0.692
0b3a90daa27d,73,24880.0,0.154,0.692
fc83976b24a6,0,24140.0,0.154,0.692
8f44e552a4d1,19,17400.0,0.154,0.692
6b94f2d33009,15,14480.0,0.154,0.692
1aee9cfce089,10,24140.0,0.154,0.692
f2c02b3164ce,71,24140.0,0.154,0.692
0faaa90d2f69,8,24140.0,0.154,0.692
97fce9598813,80,7140.0,0.154,0.692
81dcf52d798d,0,14180.0,0.154,0.692
56f3dfc1b8e2,0,24140.0,0.154,0.692
9246b0c5ed92,92,,0.154,0.692
9351b3dd2400,92,,0.154,0.692
c3440b013ac8,0,14100.0,0.154,0.692
5164103b86b6,0,24140.0,0.154,0.692
b9d1ebd6097a,11,24140.0,0.154,0.692
4cf44b1f08d2,37,,0.154,0.692
0ac84ff8a922,33,24140.0,0.154,0.692
da1dd4a3c9c9,0,24140.0,0.154,0.692
76afd4b4fc0f,54,12840.0,0.154,0.692
c86612e88048,37,17420.0,0.154,0.692
82f06c449ca1,1,24140.0,0.154,0.692
ad845a41137b,91,27400.0,0.154,0.692
a8c0e0d3cc20,4,24140.0,0.154,0.692
f4b7656e07fd,27,21760.0,0.154,0.692
bccb926f01e1,0,24140.0,0.154,0.692
707598e7bf86,87,26080.0,0.121,0.759
bae85215fff6,0,24140.0,0.154,0.692
758a692f16b0,54,,0.154,0.692
a277ccc486ad,0,24140.0,0.154,0.692
96da9ded3a23,1,24400.0,0.121,0.759
68a576ab976f,82,24140.0,0.154,0.692
46cb146bf294,100,24140.0,0.154,0.692
57a2048b5ca2,24,21680.0,0.154,0.692
804d17641bd7,9,10800.0,0.154,0.692
ef4ea68d8bb7,0,24140.0,0.154,0.692
b95c3559b8ab,9,11600.0,0.154,0.692
8c1b6a678453,0,24140.0,0.154,0.692
ad0e0c58b75e,13,3260.0,0.154,0.692
2a1c342308ca,0,14980.0,0.154,0.692
5b703515b1ac,0,24140.0,0.154,0.692
683b0cbc6b95,7,30260.0,0.085,0.831
fa4f98f97658,1,34200.0,0.121,0.759
87d2ba709ec6,0,24140.0,0.154,0.692
05e09f4ee1d4,100,24140.0,0.154,0.692
8cccaed3509f,0,24140.0,0.154,0.692
f59602930240,0,5760.0,0.154,0.692
7a53e79ff646,73,18060.0,0.154,0.692
b786813b3cab,5,11400.0,0.154,0.692
502ff2d69d37,8,4420.0,0.154,0.692
dc0a534463dc,0,24140.0,0.154,0.692
fc7ad155918e,0,34800.0,0.121,0.759
0769d2c309e6,17,10140.0,0.154,0.692
126045de097f,46,12880.0,0.154,0.692
add5cb97dbca,72,24140.0,0.154,0.692
a9b2416a2f97,74,24140.0,0.154,0.692
5f2a8a5c2de2,91,24140.0,0.154,0.692
d2ec42aeff3a,0,24140.0,0.154,0.692
c05dc2d0f062,1,17200.0,0.154,0.692
1a5c9a6ea6e5,45,16420.0,0.154,0.692
f1c6c3e24353,99,2920.0,0.154,0.692
089ac15e4980,80,7380.0,0.154,0.692
1c73c82058d5,47,19280.0,0.154,0.692
afff67d8ecd2,59,14200.0,0.154,0.692
ef7ebc2d48d1,78,11040.0,0.154,0.692
181de1221b8b,100,24140.0,0.154,0.692
f2efd564dbb0,8,17500.0,0.085,0.831
f37e127a5420,2,18240.0,0.154,0.692
eb4b66dde8ad,10,3260.0,0.154,0.692
3346ee36e0d6,8,3860.0,0.154,0.692
1ef5e8af7366,6,11400.0,0.154,0.692
d39e9b9c7de5,45,13560.0,0.154,0.692
35411b36f73f,7,16900.0,0.154,0.692
3c4451147a61,93,5060.0,0.154,0.692
7fa51829da1a,28,15100.0,0.154,0.692
a25b0403f8f7,12,12700.0,0.154,0.692
ebfc5ed8a5ff,39,23000.0,0.154,0.692
fa4f4ba90c89,13,16500.0,0.154,0.692
930adf4fdb67,51,14000.0,0.154,0.692
8573fb8de6e0,11,8220.0,0.154,0.692
b78abe835779,9,7040.0,0.154,0.692
cfb0532e28de,11,24140.0,0.154,0.692
6bcb63238ee8,11,11400.0,0.154,0.692
923ebce2bd1c,5,7580.0,0.154,0.692
e9bcf4274e9a,18,,0.154,0.692
f8dd5e05c804,2,18640.0,0.154,0.692
fca6e5d01d25,41,20860.0,0.154,0.692
d25fc3b95e85,51,10180.0,0.154,0.692
969a08f82a5b,52,10220.0,0.154,0.692
5d1ee0f4aea0,98,10580.0,0.154,0.692
0d941f2133d5,100,13440.0,0.154,0.692
fac77625a007,36,12180.0,0.154,0.692
13535abc0655,100,25660.0,0.154,0.692
bcf3d95b9907,90,13040.0,0.154,0.692
1c7823049c30,0,24140.0,0.154,0.692
c0d04afaf96f,28,15100.0,0.154,0.692
50c05dc5d123,45,7660.0,0.154,0.692
4b0f1871e8d1,10,2680.0,0.154,0.692
6b091ec26f43,96,,0.154,0.692
e2e1bb9758f1,80,8860.0,0.154,0.692
b1a85b6bcf6a,60,15940.0,0.154,0.692
09a67864b894,74,12180.0,0.154,0.692
9ab2135cc573,22,24140.0,0.154,0.692
4afbf8b6cbd7,23,6260.0,0.154,0.692
139bd8af5c99,17,24140.0,0.154,0.692
dacace46c282,100,24140.0,0.154,0.692
76b23c4c62c3,83,4500.0,0.154,0.692
9943842a4b9c,13,16500.0,0.154,0.692
b18f1b78ef74,88,20620.0,0.154,0.692
b3b0d2180e0f,98,6960.0,0.154,0.692
dfb1b3cd26dc,44,11420.0,0.154,0.692
529b9e673ad9,39,21180.0,0.154,0.692
afc7cb8d9994,45,3600.0,0.154,0.692
28aab0eec6f5,63,13240.0,0.154,0.692
551c323a00b5,72,10200.0,0.154,0.692
8e4b50c2ee83,80,21880.0,0.154,0.692
de011129c9d9,94,24140.0,0.512,0.025
fbf1a4e6cf7a,0,25500.0,0.121,0.759
da6f7a0aded9,98,8760.0,0.154,0.692
45d7237fcd48,97,8160.0,0.154,0.692
0df3ae61b5f6,0,27600.0,0.121,0.759
744d01eaca3b,46,4940.0,0.154,0.692
c45f09c32973,100,21340.0,0.154,0.692
8abd4d545b88,43,11620.0,0.154,0.692
ae699f0f627a,97,12700.0,0.154,0.692
14c3d2a3607f,0,36700.0,0.121,0.759
d198037ed435,97,,0.154,0.692
d5babef312cf,6,3860.0,0.154,0.692
375910596a0b,77,5740.0,0.154,0.692
b03d9daab249,0,20400.0,0.121,0.759
dfb1605c1962,0,18700.0,0.121,0.759
f3827c500497,0,32100.0,0.121,0.759
f87c8eef6ac8,45,9020.0,0.154,0.692
7d9a73486e38,17,11560.0,0.154,0.692
96c9e057c7f0,0,23500.0,0.187,0.625
326cf76ff3ea,0,39700.0,0.121,0.759
76509ed872b1,97,8120.0,0.085,0.831
778ed883a6a8,16,37700.0,0.187,0.625
e64f220504bd,40,22520.0,0.154,0.692
0f78f3fb82ff,0,56300.0,0.121,0.759
cb95837b4571,0,23900.0,0.121,0.759
061513f24784,0,25200.0,0.121,0.759
73d0bbcb1836,52,12800.0,0.121,0.759
d92c7c5d6c8f,13,27500.0,0.121,0.759
c59155b7ad6f,0,61600.0,0.121,0.759
b61d01eac5b5,0,52800.0,0.121,0.759
fd61aaf22ccd,0,22400.0,0.121,0.759
34bc3d89d27b,9,20300.0,0.187,0.625
3e78220be4c0,0,33000.0,0.154,0.692
067264fd1666,32,21600.0,0.187,0.625
969ea8396edc,0,19900.0,0.187,0.625
0213dd24d06b,50,18200.0,0.187,0.625
29cb7a421809,0,71400.0,0.187,0.625
41ffd80ea2b7,0,35600.0,0.187,0.625
9b00b223e734,0,45700.0,0.187,0.625
6aa184375b86,27,19400.0,0.187,0.625
0155e27b2b38,7,49300.0,0.187,0.625
e33847dc3978,12,40100.0,0.187,0.625
8724ff0cc95d,0,41000.0,0.187,0.625
ea030556569f,62,24140.0,0.187,0.625
3cd65036771e,61,31300.0,0.187,0.625
e16fa38ef770,21,17400.0,0.187,0.625
dcd62cf50dcd,0,40400.0,0.187,0.625
5cc4ccc7181b,0,22200.0,0.121,0.759
9f41bc9ce413,3,19900.0,0.187,0.625
ea89fd0a8a20,36,22700.0,0.187,0.625
db94574a0ca4,47,19600.0,0.187,0.625
d1121c398ef0,0,21700.0,0.121,0.759
8e30e656683d,23,23000.0,0.187,0.625
93135ea80c4c,0,18300.0,0.121,0.759
a09473cd443f,0,39700.0,0.187,0.625
6d8c0dd89869,0,27800.0,0.121,0.759
5e2abee5affb,0,45500.0,0.121,0.759
a83225110969,0,28300.0,0.121,0.759
54a1e4a9471a,0,25000.0,0.121,0.759
b7064e465d54,2,32000.0,0.187,0.625
4ca5af5d7314,0,30300.0,0.121,0.759
6d458d2cc65c,0,35000.0,0.187,0.625
27982bf3a510,2,27900.0,0.121,0.759
ef1ec0c372b8,12,26300.0,0.121,0.759
c4e7579b30b6,1,35300.0,0.121,0.759
f04d5cbe09f0,0,22100.0,0.121,0.759
ba4c1f7b77cf,0,44900.0,0.187,0.625
5b5799b7fb26,1,31800.0,0.154,0.692
2ef9a9acf20d,0,39000.0,0.187,0.625
cf160ac333ec,1,15100.0,0.121,0.759
f1f6d5c8c222,0,24700.0,0.121,0.759
85e8cc68bc67,1,24140.0,0.121,0.759
1b2688e56614,1,24140.0,0.121,0.759
b01f7d4872c4,0,23400.0,0.121,0.759
c4ccdbca9018,0,35000.0,0.187,0.625
cd97ee7c72cb,0,15400.0,0.187,0.625
15003a59f1ec,0,21400.0,0.121,0.759
a9452c283d0c,0,29000.0,0.121,0.759
3d171a057fe6,0,24800.0,0.121,0.759
1fed9c2b1ebd,59,8560.0,0.187,0.625
fd05f52ea822,31,41200.0,0.187,0.625
b083b636385a,0,55300.0,0.187,0.625
9646c66f08f4,0,30600.0,0.187,0.625
b2d8f65451a8,60,22900.0,0.187,0.625
e016a6093e9d,22,30900.0,0.187,0.625
2026829771f7,0,23800.0,0.121,0.759
fe1899d5538f,0,33200.0,0.187,0.625
d417fa169255,0,37700.0,0.187,0.625
e0a59cbbf571,0,22200.0,0.121,0.759
d12501612d8b,0,22300.0,0.121,0.759
8dc79efe1190,5,20000.0,0.154,0.692
0e4f633e600e,0,34200.0,0.187,0.625
fb280c601018,0,17100.0,0.187,0.625
4d109dd3581e,0,62100.0,0.187,0.625
dd3b33abeb23,100,13400.0,0.187,0.625
831cea94560f,2,19700.0,0.187,0.625
8440ce6e9728,0,21500.0,0.187,0.625
8f97517233b6,5,18400.0,0.187,0.625
0ffafd6016d9,99,40200.0,0.187,0.625
552ca28ae781,43,30200.0,0.187,0.625
86fdd221596e,100,13000.0,0.187,0.625
725d307ce4cd,4,21400.0,0.187,0.625
07ee5e71bf93,1,18800.0,0.187,0.625
4f94ac666ce8,0,32600.0,0.187,0.625
e16ecc4fbdb9,0,34400.0,0.187,0.625
298c68fe5681,3,19900.0,0.187,0.625
680265317c63,2,22400.0,0.187,0.625
2528a0ee1917,15,12400.0,0.121,0.759
6da51384da27,3,13800.0,0.187,0.625
e3fadf4029b3,0,21400.0,0.121,0.759
04049202477d,0,19500.0,0.121,0.759
a45c7319bf3b,0,22400.0,0.121,0.759
8c6e3a20b844,5,27200.0,0.187,0.625
6ac7a09a05ce,0,33700.0,0.187,0.625
3098bac3b9a7,0,25900.0,0.121,0.759
a5ee888e79f2,0,46700.0,0.187,0.625
ccf16f2d697b,9,38300.0,0.187,0.625
4f5866d0bd09,0,34800.0,0.187,0.625
b902a6b928d7,4,14600.0,0.187,0.625
40280302b99d,0,26000.0,0.121,0.759
14b3f0b59a9e,62,23940.0,0.085,0.831
60834f9dc408,6,15900.0,0.187,0.625
76a217d7d9b7,51,12900.0,0.187,0.625
3c3b980adc46,72,10360.0,0.085,0.831
36259805ebba,62,23940.0,0.085,0.831
1f81492c0698,0,16100.0,0.187,0.625
a3308cc85816,0,25300.0,0.187,0.625
1656a2fff818,0,24700.0,0.121,0.759
cf0ac424f470,0,28800.0,0.187,0.625
1228df09a621,3,1600.0,0.187,0.625
60d9bad27a0d,0,33500.0,0.121,0.759
ab5200da3c0c,81,24140.0,0.187,0.625
ef87fef48122,13,24140.0,0.121,0.759
4d43acdbe14b,0,30100.0,0.121,0.759
43c397cc9b90,100,14860.0,0.121,0.759
88957a619d62,0,90000.0,0.187,0.625
3f131ff6adbe,4,20500.0,0.121,0.759
0e44d1e3d9e1,0,26100.0,0.187,0.625
9a713b4fef00,63,24140.0,0.085,0.831
48ec86f8e3ea,63,24140.0,0.085,0.831
25691e6eca06,1,18700.0,0.187,0.625
0c49a0f7fe1f,24,12400.0,0.187,0.625
19fc69b5b2dc,0,63100.0,0.187,0.625
fa4c87243c81,64,24140.0,0.187,0.625
a2aff5446ea1,0,59100.0,0.187,0.625
53d82588eb2e,100,24140.0,0.085,0.831
c10944a9cf67,0,55100.0,0.154,0.692
abc9fbee14df,93,11340.0,0.187,0.625
8af3f6f1ff36,100,24140.0,0.187,0.625
c632cf6b4092,56,1780.0,0.187,0.625
d7a5bbc04d3a,64,24140.0,0.187,0.625
a12aa229fa2f,64,24140.0,0.187,0.625
c5024a6af066,64,24140.0,0.187,0.625
8f73155ba77b,52,,0.187,0.625
21cbb8675581,0,22400.0,0.187,0.625
6612d398a074,0,38500.0,0.187,0.625
d26747113806,0,27140.0,0.085,0.831
9363c951c6e3,0,48300.0,0.187,0.625
b37be831b34f,0,22000.0,0.121,0.759
d00b6dfff285,99,24140.0,0.187,0.625
16261e5c36be,0,24140.0,0.121,0.759
d5e14da2de95,100,24140.0,0.187,0.625
ee59622fc783,0,,0.121,0.759
5f39d2187ae8,2,19600.0,0.121,0.759
d28cb9fc50e4,83,24140.0,0.187,0.625
4d0d2af7cb58,37,24140.0,0.085,0.831
ca969e1e3f39,61,24140.0,0.121,0.759
6b2c350d91e5,83,10220.0,0.085,0.831
341f90611b91,52,64000.0,0.221,0.559
7cfbe59a10d2,100,24140.0,0.187,0.625
78ad2b70a4dc,26,24140.0,0.187,0.625
d1a4f398ca70,54,24300.0,0.187,0.625
2bd0b80a44f9,100,24140.0,0.187,0.625
cb4c8973f979,0,16400.0,0.187,0.625
f406a00db780,56,28800.0,0.085,0.831
bc899ea8683e,0,21500.0,0.154,0.692
799b7f31b534,1,24140.0,0.121,0.759
575ec4792767,26,24140.0,0.085,0.831
009abb6555a3,14,12500.0,0.085,0.831
c03ecf4536cc,83,,0.085,0.831
23422008309d,0,24140.0,0.187,0.625
8ac372aa947b,0,37040.0,0.085,0.831
ffa00dd5720d,1,17100.0,0.187,0.625
6dad4abdb079,0,19500.0,0.121,0.759
62c4b3b94c8c,0,29900.0,0.187,0.625
84b0bd720e4c,60,24140.0,0.187,0.625
8b4ad475e4bd,100,6700.0,0.187,0.625
a1be14dacbf5,0,39100.0,0.121,0.759
487081ec0426,100,24140.0,0.187,0.625
e03dfd481a6d,81,24140.0,0.154,0.692
5ed05c75013e,18,24140.0,0.187,0.625
7f1d7aec2ba5,0,26700.0,0.121,0.759
184ccce93aa5,0,34500.0,0.187,0.625
2b74de492bfc,67,24140.0,0.187,0.625
d2eb7e25549f,29,7600.0,0.187,0.625
9d327a689344,94,24140.0,0.187,0.625
fb6bca424826,0,19700.0,0.121,0.759
6b3a39705a35,0,34200.0,0.154,0.692
6275d350838f,0,24140.0,0.187,0.625
9329e008f08f,22,24140.0,0.187,0.625
b5b70bbedce5,61,46900.0,0.187,0.625
cf57f7268ab8,85,17720.0,0.187,0.625
58d18e688b31,100,24140.0,0.187,0.625
5da3c594909f,0,35400.0,0.121,0.759
19508e944b34,100,10200.0,0.085,0.831
7541f52782b3,0,38900.0,0.121,0.759
7652e5f04a69,0,31200.0,0.121,0.759
95440637cc71,0,32600.0,0.121,0.759
3da037467cbb,0,19500.0,0.121,0.759
8dda678d205d,25,16800.0,0.121,0.759
cf64650cabd3,0,35400.0,0.154,0.692
341aa144152d,99,24140.0,0.187,0.625
ea44db4f03ee,70,18500.0,0.187,0.625
51d73d75a5b3,23,24140.0,0.187,0.625
4ed22d96d532,96,24140.0,0.187,0.625
36153303cf8d,100,24140.0,0.187,0.625
bbf037f549eb,100,13160.0,0.187,0.625
8cd9d0ada5cd,100,24140.0,0.187,0.625
465902d119c3,100,24140.0,0.187,0.625
b29337ecadf5,100,24140.0,0.187,0.625
8b04364b6c3d,20,24140.0,0.187,0.625
dc7865b818fc,50,27100.0,0.121,0.759
76ea2eab055d,100,24140.0,0.187,0.625
ecb1cf7aafa2,100,24140.0,0.187,0.625
ccde60463837,100,24140.0,0.187,0.625
6d0d4d1faca2,49,24140.0,0.154,0.692
9d2ec02d3553,100,24140.0,0.187,0.625
645c4858b62c,0,18900.0,0.154,0.692
7cc8439c5def,100,24140.0,0.187,0.625
ea051a759711,100,24140.0,0.085,0.831
4d4e702a14ee,99,6920.0,0.187,0.625
55b7af425591,100,24140.0,0.187,0.625
ed5fe9aead07,73,13880.0,0.121,0.759
ee8c472c10e3,22,22260.0,0.085,0.831
a4b66d289ec6,0,22400.0,0.121,0.759
cfeb186590c5,0,32700.0,0.121,0.759
bc6f1c0fcce8,100,24140.0,0.187,0.625
e7d002fe9bfe,0,32300.0,0.121,0.759
fdd4b7e0cc3c,0,35600.0,0.121,0.759
2a194d9de739,92,24140.0,0.187,0.625
636c4662d08e,0,,0.187,0.625
cc7f12bc87de,100,7860.0,0.085,0.831
c3693b1811f9,6,27700.0,0.121,0.759
d1df4fe62629,92,36900.0,0.121,0.759
c85eb973424b,0,60500.0,0.187,0.625
beab221f3442,0,24140.0,0.154,0.692
1408a0c9d782,0,19300.0,0.121,0.759
2fcd070e5de8,0,27200.0,0.121,0.759
be3d73586ace,100,21000.0,0.085,0.831
7e965c2345b0,0,22400.0,0.121,0.759
0e4e34f3d51b,100,24140.0,0.187,0.625
97cb5efd0713,100,24140.0,0.187,0.625
2e3d5aebb7e1,100,24140.0,0.187,0.625
5a27079c520c,100,24140.0,0.187,0.625
2c85b8bcb17a,100,24140.0,0.187,0.625
3c6b79fd85d2,0,46200.0,0.154,0.692
a64ab285e6cf,0,40000.0,0.154,0.692
665f87f8ae39,100,24140.0,0.187,0.625
b98ede29d19b,0,22100.0,0.121,0.759
a96c307567af,2,15200.0,0.121,0.759
0db3eabd30d7,100,24140.0,0.187,0.625
156063b20e05,58,24140.0,0.085,0.831
d88669b6ae66,0,18000.0,0.187,0.625
43ef9b6ed823,0,22000.0,0.121,0.759
4d86f7d88aac,71,16340.0,0.187,0.625
a5e8d118747a,100,24140.0,0.187,0.625
a8cc8186b6c8,0,28280.0,0.085,0.831
818abfda8206,0,28900.0,0.154,0.692
edd03339f491,0,25300.0,0.154,0.692
ca534301737f,0,18500.0,0.121,0.759
430c8dc0114a,90,,0.187,0.625
854edd234e6c,5,31300.0,0.121,0.759
72a714b02863,1,48200.0,0.187,0.625
db44124eb910,0,25900.0,0.121,0.759
e68be24f9428,0,38800.0,0.121,0.759
8aa085be204c,6,29500.0,0.121,0.759
5d0495ea3e19,1,43700.0,0.154,0.692
7d6b31f2a1bd,0,49700.0,0.121,0.759
9a2c169308f3,0,34400.0,0.187,0.625
fe642799cdb8,0,31100.0,0.121,0.759
0db5b2e643cc,0,31100.0,0.121,0.759
86e21b7bada2,0,32500.0,0.121,0.759
1f44a213bf02,0,31100.0,0.121,0.759
b4a56603bb06,0,31100.0,0.121,0.759
d056a098e3e0,100,24140.0,0.187,0.625
b0a903bf6a78,0,35800.0,0.121,0.759
0536fd090c61,0,51000.0,0.154,0.692
088db0e75123,0,46600.0,0.154,0.692
5e62b3165ecb,33,24140.0,0.187,0.625
d09e4a06b3f6,100,21720.0,0.187,0.625
f331ca392cdd,100,21720.0,0.187,0.625
c62f9f781103,100,16500.0,0.121,0.759
96a89fbf7cf6,0,28500.0,0.121,0.759
304aaa126f35,59,24140.0,0.187,0.625
a0ad02add345,79,19140.0,0.187,0.625
591cb9da39bf,100,24140.0,0.187,0.625
6742487b1c36,48,21320.0,0.085,0.831
d2ad3cb9c98c,0,26100.0,0.121,0.759
d14020999753,45,20900.0,0.187,0.625
c67ef9ee9178,0,23340.0,0.085,0.831
19a2ce2b1669,100,24140.0,0.187,0.625
b46c632da1b1,100,24140.0,0.187,0.625
e2b0c1aa6d35,0,26100.0,0.121,0.759
ee565a28b43d,36,14200.0,0.154,0.692
b93a77d7da0d,45,24140.0,0.187,0.625
8c93360e3f50,98,24140.0,0.187,0.625
b8baf86a58f8,100,15000.0,0.187,0.625
2a5b114b7f1a,56,24140.0,0.085,0.831
e5469833c26d,76,24140.0,0.187,0.625
71e265cc813e,0,,0.187,0.625
c20700495eca,42,34400.0,0.121,0.759
6a874dc45b28,83,24140.0,0.187,0.625
1ce3d0768aa2,100,12800.0,0.187,0.625
377e1f11c20f,0,42500.0,0.121,0.759
dd78673b60f5,0,35200.0,0.121,0.759
a5a98ac3f7f3,15,35300.0,0.121,0.759
d5f47b2e9baf,98,23700.0,0.121,0.759
4d1a816126be,50,24140.0,0.187,0.625
4f4ee5f5b565,3,24140.0,0.187,0.625
c99ff33157cc,31,21300.0,0.121,0.759
df08b90b4ad6,100,17400.0,0.221,0.559
7a5b064ef0f1,0,31000.0,0.121,0.759
1ac40dfd9b43,0,31700.0,0.121,0.759
24b719f6a015,24,24500.0,0.121,0.759
db9cc0ae21fc,0,24140.0,0.187,0.625
c8ef27d06fa5,0,37400.0,0.121,0.759
9522c490f57f,23,26400.0,0.121,0.759
300a69a3dbbd,99,24140.0,0.187,0.625
1dbc0cdddb08,79,,0.085,0.831
1fb98ecf2ad7,100,4160.0,0.187,0.625
01bc563dd65c,0,24140.0,0.187,0.625
aa57bbd45c16,0,24140.0,0.187,0.625
525eeffd1d4b,35,17400.0,0.121,0.759
d8311f8ae714,0,17300.0,0.154,0.692
b5804e098f3c,0,36700.0,0.121,0.759
af51edb76393,58,24140.0,0.187,0.625
bb091da167d7,89,19800.0,0.154,0.692
2a7af36c3262,0,34000.0,0.121,0.759
7fb7195c32b2,90,34600.0,0.187,0.625
2b76d23a6ae9,0,48300.0,0.121,0.759
6a07e22079ea,0,24140.0,0.187,0.625
31d7ae4ce810,0,42700.0,0.121,0.759
67ba69263b29,1,24140.0,0.187,0.625
5cfb2c1ca7ff,0,40600.0,0.121,0.759
7297a4d03040,0,35700.0,0.121,0.759
c96427774b30,0,25300.0,0.121,0.759
572031073fb3,0,25300.0,0.121,0.759
c8544320ddb7,77,24140.0,0.187,0.625
b267ca40e201,100,24140.0,0.187,0.625
a9aeab4761e3,0,24140.0,0.187,0.625
0f33a6b1ea57,71,24140.0,0.187,0.625
6fb94464265d,88,16900.0,0.154,0.692
e23f3919f1e8,82,24140.0,0.187,0.625
6a4cf6264963,0,24140.0,0.085,0.831
f763f9fabc26,0,24300.0,0.121,0.759
1293a5d6288f,21,24140.0,0.187,0.625
14f43104ba77,0,41500.0,0.121,0.759
a78c2b5c0bc7,0,24140.0,0.187,0.625
02a800ac1941,0,22900.0,0.121,0.759
3b1e646146ce,30,24140.0,0.187,0.625
1040501c8b3c,100,24140.0,0.154,0.692
4f8e67c8eb09,0,27600.0,0.121,0.759
873971311083,6,16200.0,0.121,0.759
121850d19436,0,24140.0,0.187,0.625
da96bf8086bf,95,10620.0,0.187,0.625
747959b9fed3,1,24100.0,0.121,0.759
37c3fd96a99a,0,24140.0,0.187,0.625
2c489cf31c5a,0,29000.0,0.154,0.692
375c997a8c35,22,24140.0,0.187,0.625
b408cc71255d,0,60000.0,0.121,0.759
996522b13fbc,0,30600.0,0.221,0.559
4c9f450a56a6,27,26100.0,0.121,0.759
684d151863cf,3,29700.0,0.121,0.759
db4faf63cd01,0,26400.0,0.121,0.759
62a017ec653a,0,90000.0,0.86,0.719
1cf05ae4fee9,82,24140.0,0.221,0.559
c304da8581e8,1,24140.0,0.154,0.692
8c43ef479e4b,74,24140.0,0.221,0.559
f73381f9424b,0,24140.0,0.221,0.559
5a1e07f206b0,0,24140.0,0.221,0.559
0226ded636cc,35,24140.0,0.221,0.559
249eaa52d265,0,24500.0,0.121,0.759
dd52568e1b6d,3,52700.0,0.221,0.559
e2c5feb56ffa,0,37500.0,0.121,0.759
5834f3c0f9ac,0,39500.0,0.221,0.559
28158613d2ee,1,24140.0,0.154,0.692
ab09215bb044,7,41700.0,0.221,0.559
0d622e059da2,0,17400.0,0.121,0.759
9be09c55d805,44,19300.0,0.221,0.559
8dd5b4a5f11a,0,13400.0,0.121,0.759
571d8b3966dc,16,17300.0,0.154,0.692
6a88a12cb0b6,5,16600.0,0.221,0.559
01996c9037f1,55,13900.0,0.221,0.559
b9c082abdbb1,99,,0.221,0.559
b3fa321bda2c,58,13200.0,0.221,0.559
2a929e65a100,54,20520.0,0.221,0.559
012a465987ed,100,24140.0,0.048,0.903
be4449c2cb5a,89,18100.0,0.085,0.831
1cfdf0cfbca1,100,22240.0,0.221,0.559
f3f0bb52aff4,0,46300.0,0.154,0.692
b2a7eaaa103e,3,31500.0,0.121,0.759
3353e90f5270,0,22800.0,0.121,0.759
2503a8fe6899,100,23300.0,0.121,0.759
cdefa3b3f3c4,98,19100.0,0.86,0.719
342c67ea4e01,31,33100.0,0.187,0.625
1ccdcb09b45e,0,23600.0,0.121,0.759
07f3d3b3be43,0,,0.221,0.559
31c4d76ef4b7,0,67700.0,0.121,0.759
1d8a499ce0e7,0,23700.0,0.121,0.759
2d6670ecbb8a,0,21100.0,0.121,0.759
476b5ccea3ee,81,90000.0,0.86,0.719
7127e680915d,6,14400.0,0.221,0.559
5808231cef85,0,37700.0,0.121,0.759
c0b96a708ca1,29,,0.221,0.559
47e895699538,0,20900.0,0.085,0.831
a768cf333744,100,24140.0,0.221,0.559
ed1f505e9751,54,,0.221,0.559
82c81a403ae7,50,13300.0,0.154,0.692
a7b483aa1bce,5,25300.0,0.121,0.759
141f3305877f,0,24200.0,0.121,0.759
ba36f2d7836d,0,18500.0,0.121,0.759
3134c358ae50,40,20300.0,0.121,0.759
f3e01635235b,29,14900.0,0.121,0.759
77fc0d67feb8,0,24600.0,0.121,0.759
858f6f7cdf53,100,24140.0,0.221,0.559
6cd5d3e02f84,33,26900.0,0.121,0.759
aee53f1d6fb0,1,21700.0,0.121,0.759
6d3602018111,0,77500.0,0.121,0.759
27a781fb949d,67,16700.0,0.121,0.759
85a4b051c4a6,38,24100.0,0.085,0.831
200628625e03,0,18600.0,0.121,0.759
a2a45ec926c1,0,22400.0,0.121,0.759
5f256b77afd5,0,81400.0,0.221,0.559
5bfc8f8d7675,98,11720.0,0.187,0.625
e2e132d9e809,0,22000.0,0.121,0.759
ff18798ccd1e,0,24140.0,0.121,0.759
bac2cd8da82b,0,22700.0,0.121,0.759
56bb409d603a,100,,0.221,0.559
8c2f6f0a262a,72,9980.0,0.221,0.559
b6ff8b275117,0,24140.0,0.221,0.559
8511a5cde375,97,,0.221,0.559
a1f087acadd1,0,59000.0,0.121,0.759
fd5b309c8ae1,9,24140.0,0.221,0.559
1d506cc1b960,1,24140.0,0.221,0.559
d7c6697eee46,0,23000.0,0.154,0.692
f86703e549c6,100,23060.0,0.221,0.559
f17f91cb0a0e,0,24140.0,0.221,0.559
8cf71031cb25,1,25800.0,0.121,0.759
a45d86bd04db,2,45600.0,0.121,0.759
059cf5d16319,1,25800.0,0.121,0.759
b305e69f010a,15,24140.0,0.221,0.559
afea201d110a,0,31000.0,0.154,0.692
cebd1db80bcd,0,21700.0,0.187,0.625
4a48f8154837,0,40000.0,0.085,0.831
d8e53dcfd4fa,0,74100.0,0.121,0.759
579fd6a1ea1d,0,35500.0,0.121,0.759
d2fc9940dadd,0,44900.0,0.121,0.759
6f7feadad83e,0,76000.0,0.121,0.759
73e00a18254c,0,73300.0,0.121,0.759
c356080b1151,0,73300.0,0.121,0.759
30ca0cdab122,0,21200.0,0.121,0.759
771fa6d7f008,0,61800.0,0.154,0.692
5eb134204771,0,57600.0,0.187,0.625
1fd7ebb957ff,45,24140.0,0.221,0.559
4710374b01be,61,15800.0,0.221,0.559
fc57083c0208,0,24140.0,0.221,0.559
0dc5dbb885ca,100,28200.0,0.748,0.497
0a2b987764be,83,24140.0,0.221,0.559
778d79350a3d,100,16900.0,0.221,0.559
0b0604f292f4,100,16900.0,0.221,0.559
725362b7c896,77,24140.0,0.221,0.559
bf76cf765a27,99,15440.0,0.221,0.559
db4cdc009df5,0,43900.0,0.646,0.291
a5f6c8247d78,100,22700.0,0.221,0.559
79330b710ec0,94,23060.0,0.085,0.831
b28a7637fce7,88,17920.0,0.221,0.559
31287472f772,1,24140.0,0.221,0.559
36b3c07bc43e,56,,0.154,0.692
b4edf3f87980,100,17900.0,0.221,0.559
c3d7e08c1136,99,,0.085,0.831
93083586b29b,14,24140.0,0.221,0.559
3d25077fb710,0,44200.0,0.121,0.759
bcf48166d82c,0,20800.0,0.121,0.759
f69e7dbeab5b,0,22300.0,0.121,0.759
ddcdaccd7c46,100,23400.0,0.121,0.759
372ecc175ba2,0,25200.0,0.121,0.759
7351ff77bf6d,5,34600.0,0.121,0.759
bf99f21cc23a,0,24000.0,0.121,0.759
c1d01ae01b31,0,24700.0,0.121,0.759
3de2b7003b07,0,34200.0,0.121,0.759
868fe834cf5b,0,61700.0,0.154,0.692
874fef4a7803,67,24300.0,0.121,0.759
9ad157114cb4,92,33900.0,0.121,0.759
330bc1b54d39,0,30400.0,0.121,0.759
e31dceabb37e,13,18200.0,0.121,0.759
384ce849f3e6,87,21600.0,0.121,0.759
249a93c45a70,0,52700.0,0.154,0.692
828d8dd58f9d,0,42200.0,0.154,0.692
e3a0c0b4ae22,2,19500.0,0.121,0.759
a30eb7e04321,0,20900.0,0.121,0.759
2dabc34d0b7e,87,24140.0,0.251,0.498
150320631933,0,20300.0,0.121,0.759
cf42590a4d58,0,19900.0,0.121,0.759
840ce831cb9f,95,21100.0,0.821,0.641
8c598e945520,0,90000.0,0.121,0.759
86bbffbebe24,6,24140.0,0.121,0.759
02e019753bd3,9,24140.0,0.121,0.759
cc82b7ecc35b,88,24140.0,0.154,0.692
c20e842dc4f3,11,64300.0,0.121,0.759
beeb56041084,11,64300.0,0.121,0.759
7ce6610750ad,0,21800.0,0.121,0.759
d7bae5fc5e8b,65,24140.0,0.251,0.498
08867f03bff5,0,15900.0,0.121,0.759
5f25a5e54063,1,36000.0,0.121,0.759
66f483bdce06,53,24140.0,0.251,0.498
cb1ff4cc0827,59,24140.0,0.251,0.498
4571c5db2efd,30,31280.0,0.085,0.831
31e8bc392c85,0,24140.0,0.085,0.831
03dfabe75dc2,1,36000.0,0.121,0.759
eb4f6d99dbdd,4,12200.0,0.282,0.436
99ba2bb26638,4,12200.0,0.282,0.436
abda02317052,0,90000.0,0.121,0.759
64121d6c9bdb,24,24580.0,0.251,0.498
2c22f9c91d60,0,35100.0,0.121,0.759
812cec9fc423,99,28400.0,0.251,0.498
6fc60fa5bd18,33,14500.0,0.121,0.759
7fbe59dc20b7,40,24140.0,0.251,0.498
7288c2db482d,13,16580.0,0.121,0.759
82d05d2a3035,13,15960.0,0.251,0.498
0ffff1748866,3,24400.0,0.121,0.759
f95215f052a0,0,33400.0,0.121,0.759
bdd73d5a56eb,0,24140.0,0.251,0.498
70918c7d61ee,0,,0.251,0.498
ebdbb37d7210,1,,0.085,0.831
2597c8757c35,100,24140.0,0.251,0.498
a2d11f6aa30f,89,,0.251,0.498
d0eedb92bdee,0,11220.0,0.251,0.498
d1e40c098be6,0,19700.0,0.121,0.759
37d84da2ba41,0,41900.0,0.121,0.759
8544d020b18d,1,28500.0,0.154,0.692
812777d6945f,62,24140.0,0.282,0.436
555e4ad0eda2,0,22900.0,0.121,0.759
8740018b3c69,0,32200.0,0.121,0.759
3b9df5ff00c2,0,24400.0,0.121,0.759
52524c47ae93,100,24140.0,0.282,0.436
e8367ad73216,15,24140.0,0.282,0.436
471192920bff,1,13400.0,0.282,0.436
329c2706e8fe,2,13300.0,0.282,0.436
c191ecae424c,28,24140.0,0.282,0.436
c2085c6371d5,96,31800.0,0.282,0.436
4f0a740f9718,7,24140.0,0.282,0.436
97413f60382f,37,15900.0,0.121,0.759
4be3f1f60144,0,16800.0,0.282,0.436
1ca26216182a,100,24140.0,0.282,0.436
8961b13c4ce5,94,24140.0,0.282,0.436
3f2963db173f,0,20400.0,0.121,0.759
0c3a68c59b8a,97,24140.0,0.282,0.436
883cf1a9212d,12,28200.0,0.282,0.436
1d862e2f43e0,3,15400.0,0.121,0.759
973502661a5d,83,24140.0,0.282,0.436
833855ade293,1,27200.0,0.121,0.759
be07bf35488c,25,24140.0,0.282,0.436
9118497c134b,81,20880.0,0.085,0.831
c3e4cef37f93,4,21600.0,0.282,0.436
8c359e7be95d,1,44500.0,0.121,0.759
570ca2781287,0,86500.0,0.154,0.692
629ed2a36831,65,24140.0,0.121,0.759
9b66bed15989,0,28000.0,0.121,0.759
43543de5fcdf,100,11960.0,0.282,0.436
1cb8b713189c,0,48600.0,0.121,0.759
71bb2d325ef0,0,64600.0,0.154,0.692
dc0605ec387b,0,52300.0,0.121,0.759
b8eff82c2346,0,90000.0,0.121,0.759
794ddf80edd5,27,38900.0,0.121,0.759
54159c6a2639,52,24140.0,0.282,0.436
5fdd6565a8ef,14,18740.0,0.085,0.831
1f30d1a4f755,89,24140.0,0.282,0.436
784499a6da46,51,24140.0,0.282,0.436
119a7d9bb027,5,24140.0,0.282,0.436
d9a11072c0c7,98,,0.085,0.831
68f8e48e29ea,16,24140.0,0.121,0.759
7395978c894d,100,24140.0,0.282,0.436
07efd815108e,0,27300.0,0.121,0.759
32ce10394859,0,34900.0,0.121,0.759
7bb90b09da63,0,33800.0,0.121,0.759
c1682eb8cb75,0,28400.0,0.121,0.759
4b3afcc12abb,59,24140.0,0.312,0.375
7e427c4e3226,0,32500.0,0.121,0.759
28c7f2ca634f,100,15500.0,0.085,0.831
d3fca72e2ac0,0,38800.0,0.121,0.759
0367169931ef,0,24140.0,0.085,0.831
689834e595a5,56,24140.0,0.312,0.375
ee75238f9348,100,9060.0,0.821,0.641
c8ef3518dae2,0,52400.0,0.121,0.759
5a8f63741758,0,26500.0,0.121,0.759
9e02e90bd6d3,0,34900.0,0.121,0.759
59aeaf66ff3c,0,19740.0,0.085,0.831
216afc3683f6,1,,0.085,0.831
9f44f2077baf,1,,0.085,0.831
e09c6afc3ebb,99,40800.0,0.121,0.759
071a01f8ba46,0,32000.0,0.121,0.759
79efd659e0a0,0,27000.0,0.085,0.831
82d41fe571a8,97,,0.112,0.775
8f6772ea0487,0,31600.0,0.121,0.759
4f6690239d07,100,12200.0,0.085,0.831
985b9c36db8b,2,45300.0,0.121,0.759
be6ccf46511e,54,69100.0,0.121,0.759
2f83a0e11566,0,33700.0,0.121,0.759
17f50d8ad0a1,100,17800.0,0.121,0.759
bfff17bd4d19,44,17900.0,0.121,0.759
a35fb204631b,56,24140.0,0.085,0.831
93c996c3e523,98,36600.0,0.121,0.759
9135ec912b93,82,24140.0,0.312,0.375
2637dd9eb22a,42,14400.0,0.121,0.759
3669fc59a069,2,32900.0,0.121,0.759
ebc8a36e7f24,0,51300.0,0.154,0.692
0510dc856363,0,89300.0,0.121,0.759
b1608c521791,0,17300.0,0.121,0.759
956c0a70404a,0,37800.0,0.121,0.759
d795aa3b289c,0,88200.0,0.121,0.759
4646defcd6bb,0,24140.0,0.085,0.831
c738994fb76e,0,30400.0,0.121,0.759
8fb5e1dd0b67,0,58800.0,0.121,0.759
6543185c97a9,0,19700.0,0.121,0.759
205ebd905e4c,1,40300.0,0.121,0.759
26ab38c314a0,99,30600.0,0.121,0.759
230cbeb7588a,0,24140.0,0.312,0.375
5d8e7b09f7c7,78,24140.0,0.312,0.375
b85fec92522b,83,5080.0,0.085,0.831
4cf40bbc83ae,4,32100.0,0.154,0.692
9dc35c9ccb69,74,14740.0,0.048,0.903
def3b9216698,0,36100.0,0.121,0.759
9eab7f6e1963,7,,0.085,0.831
1350ca5d71dd,0,33100.0,0.121,0.759
0c409d2ce220,100,15300.0,0.121,0.759
5677e959aae7,0,59700.0,0.121,0.759
6e2644a5ab33,2,42100.0,0.121,0.759
fa1509a9de79,100,14800.0,0.121,0.759
5c97fd07fc69,0,24140.0,0.085,0.831
82d5b819c5da,0,,0.312,0.375
1872d3cf87fa,0,24140.0,0.085,0.831
c3759e30f526,0,30400.0,0.121,0.759
8cd7a87a5315,0,24140.0,0.312,0.375
61aba7f1982f,0,14900.0,0.121,0.759
ffc3f5d40f83,0,,0.312,0.375
5b8afb797e4e,100,14200.0,0.121,0.759
87bbd8d27142,100,16780.0,0.312,0.375
f0997b695f51,100,14900.0,0.121,0.759
dfc07946fe0e,0,50800.0,0.121,0.759
cd0ee3a04907,45,24140.0,0.312,0.375
5e19c8541a81,0,21240.0,0.085,0.831
9eb15e1dbb62,0,28400.0,0.121,0.759
118abdec96fe,45,21040.0,0.085,0.831
590ce63fce78,100,24140.0,0.312,0.375
0eb0996f3e22,45,24600.0,0.085,0.831
a4d9030764e1,0,,0.312,0.375
51dd647c4572,0,27800.0,0.121,0.759
a28d26856a75,13,17100.0,0.121,0.759
c0d15ed70aa1,0,24140.0,0.085,0.831
8422fa3996f4,9,25560.0,0.085,0.831
a062c42a16e2,16,23980.0,0.085,0.831
dc8d40d2cef8,0,30500.0,0.085,0.831
0a0c6e1b7adb,81,6420.0,0.312,0.375
cddfd209c46c,17,,0.312,0.375
f58f352d460c,0,16320.0,0.085,0.831
1ff3d16c8988,0,,0.312,0.375
2d4172ffec92,1,29200.0,0.121,0.759
03a789ce8760,1,29200.0,0.121,0.759
f2875983a355,100,24140.0,0.312,0.375
27c7e97c6658,100,24140.0,0.312,0.375
36e2a8b17d04,0,24140.0,0.312,0.375
f32eb655ef4c,71,21780.0,0.312,0.375
6be982b6d5db,0,18160.0,0.085,0.831
420a0a940e16,73,2840.0,0.312,0.375
2b9f2a6e1a67,1,28900.0,0.085,0.831
d6841b756cad,75,13100.0,0.121,0.759
dde012b0c3b5,1,24140.0,0.312,0.375
1831d16b4946,0,50300.0,0.121,0.759
fda46ba4b6ba,0,26860.0,0.085,0.831
88ac42d90d8e,0,28440.0,0.085,0.831
9f82599053ee,99,42400.0,0.085,0.831
6f8ca125547d,45,22420.0,0.085,0.831
eb69068d561b,99,,0.085,0.831
597b1ede9f46,0,25060.0,0.085,0.831
6d09dd4ee6db,100,27780.0,0.312,0.375
29d66760f527,38,36720.0,0.312,0.375
b736d1f44164,0,32600.0,0.121,0.759
d159071a6be4,12,7200.0,0.312,0.375
baf01fe963f7,37,24140.0,0.312,0.375
b7b1ab737526,0,36000.0,0.121,0.759
ec9e2e420747,0,27600.0,0.121,0.759
68c20415b70f,12,8620.0,0.312,0.375
460211db6e65,91,25380.0,0.312,0.375
e3c3cfab4491,2,30000.0,0.121,0.759
0a6d402b513d,0,22000.0,0.121,0.759
2676fc43feb6,1,,0.312,0.375
8cb1304f469b,77,34580.0,0.312,0.375
06fa024ca89b,4,25100.0,0.121,0.759
68f577e6731e,0,24140.0,0.121,0.759
35972d33a715,0,52600.0,0.121,0.759
5b9c00912dd3,100,24140.0,0.312,0.375
9d4783f33eab,77,10020.0,0.312,0.375
24ce2353545c,2,24140.0,0.085,0.831
0e2f277835b4,50,19800.0,0.121,0.759
6e258fabd187,47,4120.0,0.312,0.375
1fd43efbc6aa,0,5540.0,0.312,0.375
47f44835ef11,2,24140.0,0.085,0.831
dc3d513b276c,2,24140.0,0.085,0.831
894258e982a4,0,15100.0,0.121,0.759
09965b55e297,47,,0.085,0.831
a5dc10ba58a1,86,22240.0,0.312,0.375
4d0f014b8901,95,25580.0,0.312,0.375
923dae96f3c9,100,7260.0,0.312,0.375
32432e28d1dc,1,24140.0,0.312,0.375
6855c2f16820,48,14700.0,0.121,0.759
adb4b2b12593,0,30200.0,0.187,0.625
de2c1d72dfc2,73,6900.0,0.312,0.375
a36b6d2db8e3,1,61500.0,0.121,0.759
cee3d5b9ae53,3,24140.0,0.121,0.759
9dd62b68b4d5,49,24140.0,0.121,0.759
1fe1f5119c1e,0,20620.0,0.085,0.831
d91753dda0da,22,25020.0,0.085,0.831
dc8d8108f183,31,4760.0,0.312,0.375
c8a05c67d7ac,99,27180.0,0.312,0.375
1f195b01dc75,0,46700.0,0.121,0.759
25fdaf4282ec,1,30400.0,0.343,0.314
d2a1a94f49a5,0,77100.0,0.121,0.759
9ae97a33fab1,100,25300.0,0.343,0.314
3b6b119611f9,0,41100.0,0.121,0.759
038d3f3f2033,53,23680.0,0.085,0.831
fa9fd715614e,0,26240.0,0.085,0.831
ccc9903e30c3,0,42000.0,0.121,0.759
e73050ad7c31,6,13100.0,0.121,0.759
072d7602b1b8,1,25000.0,0.154,0.692
e02e804eb28f,0,41000.0,0.187,0.625
3c0242042ee8,1,28300.0,0.121,0.759
bda650c28f95,1,28300.0,0.121,0.759
11171e32a845,1,28300.0,0.121,0.759
87aa1d620580,1,28300.0,0.121,0.759
beceb7828d17,100,12300.0,0.343,0.314
3f1e41864be4,47,30300.0,0.343,0.314
ef213c003048,0,24140.0,0.312,0.375
f3eeb4195bc7,45,17400.0,0.121,0.759
cd45ad363f1b,0,32700.0,0.121,0.759
d5a226c4067c,1,42900.0,0.121,0.759
0658cf116339,10,27400.0,0.121,0.759
8a3369363e2f,1,32700.0,0.121,0.759
7c939055c325,0,57800.0,0.121,0.759
b2eabc8a971a,5,29800.0,0.121,0.759
a59502e78da0,1,24140.0,0.121,0.759
73bdfeb75cf6,28,31600.0,0.343,0.314
19148fa97672,69,24140.0,0.121,0.759
b6083bafd24d,0,48600.0,0.343,0.314
a4af017c8aa6,4,24700.0,0.121,0.759
bfa34f48661e,0,30000.0,0.121,0.759
f004552f3331,99,24140.0,0.343,0.314
910daf8b796e,100,2940.0,0.343,0.314
6ffbed3f5b32,36,24140.0,0.048,0.903
c818bffc8169,0,,0.312,0.375
eee4288cd2da,0,24140.0,0.121,0.759
7f7958c69876,0,18460.0,0.085,0.831
f4c61304c88b,30,,0.085,0.831
2ba48bf438c2,30,,0.085,0.831
a1585dbc0c1d,30,,0.085,0.831
4ebc546c20c1,2,18760.0,0.085,0.831
945d29873a49,0,34300.0,0.121,0.759
b1c915275363,25,14700.0,0.121,0.759
9b5931adee16,0,17000.0,0.085,0.831
f286bea0831c,43,24140.0,0.343,0.314
2dbcd3ad9920,0,24160.0,0.085,0.831
f9d7526d08ee,0,19200.0,0.085,0.831
e92caec4f9b0,8,24140.0,0.121,0.759
374b92985325,99,2720.0,0.312,0.375
e21860d7b448,0,24140.0,0.085,0.831
9aa187d52dac,0,24140.0,0.343,0.314
0f0b6e201999,0,20300.0,0.121,0.759
b235b497c59f,52,24140.0,0.121,0.759
783d7080a2b9,0,24140.0,0.121,0.759
27709318e5d9,43,24140.0,0.085,0.831
ae0be96d8deb,66,5820.0,0.085,0.831
3503ab936b7e,7,17900.0,0.121,0.759
cb183ee2f7d1,25,22500.0,0.121,0.759
08067235b4e9,0,24140.0,0.343,0.314
86faccf11be5,69,24140.0,0.343,0.314
b897d99672f5,43,24140.0,0.343,0.314
ec5bdedc23d5,0,38300.0,0.154,0.692
a7d913d97c22,6,30900.0,0.121,0.759
4091b6c60b0c,0,20800.0,0.121,0.759
aec8ce01a1eb,20,7840.0,0.343,0.314
7bee8a2e2462,0,36900.0,0.343,0.314
794ef31a60a3,100,24800.0,0.121,0.759
45c4a33a7015,9,13300.0,0.121,0.759
8e43bf50bd3b,0,23300.0,0.121,0.759
5e5c475f2e54,4,17200.0,0.154,0.692
2baeb7eb2348,27,31100.0,0.121,0.759
6699c8a51351,96,14100.0,0.121,0.759
60347e2bb887,0,14300.0,0.085,0.831
2ef38d708d7c,4,,0.085,0.831
9daea4e79240,43,24140.0,0.085,0.831
e1bca57c3ecd,0,60300.0,0.121,0.759
d81544bbd581,1,22700.0,0.121,0.759
f4866d445494,30,12200.0,0.121,0.759
43b25335c1d1,0,49800.0,0.121,0.759
a5a5f4459cc1,2,24140.0,0.085,0.831
5b926f6aa125,0,22400.0,0.121,0.759
6a6cb246b325,9,54600.0,0.121,0.759
27b912938e8c,19,22900.0,0.085,0.831
d32d2f4aadb1,0,34400.0,0.121,0.759
27d2a093e7aa,45,24040.0,0.343,0.314
098e37ff2df8,48,20420.0,0.085,0.831
b5127cc63abc,0,19900.0,0.121,0.759
2f19e1c1d60b,7,41900.0,0.121,0.759
bba3c52e3249,100,,0.085,0.831
a1d5ce7648f3,0,24140.0,0.343,0.314
87e5363bbbfc,0,33100.0,0.121,0.759
8330d9a2dc7b,0,37500.0,0.121,0.759
ff8f07419c90,0,20600.0,0.121,0.759
a0b000895449,10,24140.0,0.085,0.831
469d7243f24d,1,16300.0,0.121,0.759
03a2835d04a6,48,,0.085,0.831
8b322cd8aca3,0,31200.0,0.121,0.759
7e3982417ffb,100,22700.0,0.187,0.625
2185967d1a7f,100,22700.0,0.187,0.625
a8fe1891bae7,0,20100.0,0.121,0.759
45d2bbcfc69f,0,24140.0,0.085,0.831
2362bebaad11,5,20800.0,0.121,0.759
9a1d13b5a2b7,0,37000.0,0.121,0.759
fc873015f597,0,21680.0,0.085,0.831
b3c129314ce3,9,,0.343,0.314
8cb89a8016f1,0,21580.0,0.085,0.831
f9ec83c73780,0,35400.0,0.121,0.759
cd9685a1298e,88,11900.0,0.343,0.314
7f15eca75fd4,0,24140.0,0.343,0.314
4ce5ea67f54d,0,14100.0,0.121,0.759
0fed4833a762,95,2860.0,0.343,0.314
27b5323f17f7,21,24140.0,0.085,0.831
1ef0f7cfe825,0,41500.0,0.048,0.903
e0d51a9bf9b5,6,,0.085,0.831
c6d61c018663,15,,0.343,0.314
2f406235ccd7,69,21000.0,0.343,0.314
9ddd8db4d82f,16,,0.085,0.831
a0a58a1252aa,99,,0.312,0.375
6e1d83a9d087,4,,0.343,0.314
06703c91a9f4,50,22740.0,0.343,0.314
b7cf22deb356,10,29860.0,0.343,0.314
764690497b16,82,9660.0,0.343,0.314
0ee89e86b95a,64,22760.0,0.343,0.314
b6edf7e2edc8,0,90000.0,0.121,0.759
5ad6b8f1702a,0,22900.0,0.121,0.759
92fbf81e7e34,56,25000.0,0.085,0.831
4a8770c5b700,36,24140.0,0.343,0.314
b081ac39d710,16,19600.0,0.343,0.314
eebedf3951ab,31,24140.0,0.343,0.314
35aa680ed22f,93,24140.0,0.373,0.253
3dfd95a8d80a,0,24140.0,0.085,0.831
23a6bf8b8f97,4,16400.0,0.121,0.759
bf5f48c3afb3,0,18800.0,0.121,0.759
f30b4193d290,18,27000.0,0.121,0.759
ce1780b50e30,0,24140.0,0.085,0.831
6abf9ecd1df6,0,67400.0,0.121,0.759
fc4daee76d9f,95,12560.0,0.373,0.253
d990b0d634cc,92,12460.0,0.373,0.253
af78c12f6f11,94,24140.0,0.373,0.253
ce496fe088f5,70,,0.085,0.831
b5fa3db58c97,26,,0.085,0.831
b997b21a8ae4,44,24140.0,0.187,0.625
89aaffeea275,0,26300.0,0.085,0.831
d9c526a09cb8,49,41900.0,0.121,0.759
593a7d849251,12,22420.0,0.373,0.253
afb82e163361,0,30400.0,0.085,0.831
925393dd9f39,97,33900.0,0.121,0.759
65989f644aaa,0,22880.0,0.085,0.831
ebd70c5d9860,5,24140.0,0.373,0.253
e5f8c5907124,3,22800.0,0.373,0.253
2a01ee7b3b0d,3,12400.0,0.121,0.759
8f25854f2480,7,23480.0,0.373,0.253
530b16795545,100,24140.0,0.373,0.253
198a29ac1ec6,0,,0.373,0.253
b8a43fcbdb56,89,23900.0,0.373,0.253
f3f27c1b9d6a,6,57800.0,0.121,0.759
afccc474a687,6,57800.0,0.121,0.759
67a3c960a19c,39,58200.0,0.121,0.759
ac04a0bc578b,27,42000.0,0.121,0.759
575e1e12a1ab,100,1800.0,0.373,0.253
830b3bae8bf9,10,50900.0,0.121,0.759
1b57022b9501,10,50900.0,0.121,0.759
3ccca6ba0562,33,,0.373,0.253
1283a3a43ad6,100,24140.0,0.373,0.253
5bcc8dd56b6a,53,24140.0,0.373,0.253
e6a6d0f59a71,0,23020.0,0.085,0.831
4b0bf44f8cd1,0,24140.0,0.373,0.253
535a3d8c39ac,0,24120.0,0.373,0.253
6dbfe1127135,78,15620.0,0.085,0.831
ce387971016f,10,24140.0,0.373,0.253
310c3d1588c5,0,24960.0,0.085,0.831
f762ffcf1585,43,,0.085,0.831
f2b5a0fed0ba,21,24140.0,0.085,0.831
aa710b5e1261,83,68000.0,0.121,0.759
2d56ed5b2884,0,45100.0,0.404,0.192
e34d7f896132,0,32300.0,0.121,0.759
fa78073fb9c9,0,36000.0,0.154,0.692
83af3c5930fe,0,36400.0,0.121,0.759
87b1a9b7ddcf,1,72300.0,0.121,0.759
817dcbe66643,2,47300.0,0.121,0.759
7b1de5139457,2,73100.0,0.154,0.692
7244d5e6f87c,86,24140.0,0.404,0.192
9040974fbbe3,100,24140.0,0.404,0.192
b03d97ef1722,0,35300.0,0.121,0.759
3ec49e2dafd1,0,24140.0,0.085,0.831
ec2e56c59128,85,72600.0,0.121,0.759
8cb5a2a2143c,0,17200.0,0.085,0.831
1f59b394aa9c,0,39900.0,0.121,0.759
366656614d02,3,39200.0,0.121,0.759
71eaaba7b9ca,11,14700.0,0.404,0.192
dab67c20226d,0,24140.0,0.085,0.831
633477f3bce6,0,24140.0,0.085,0.831
822e3c7fbd5c,36,24140.0,0.404,0.192
323f3d995323,0,85200.0,0.121,0.759
c12032578cc2,20,19100.0,0.404,0.192
1054d25e9c63,0,24140.0,0.085,0.831
0c6353014e39,0,19900.0,0.121,0.759
5af9f5f0a0ce,25,31660.0,0.404,0.192
32ff0fcece31,42,24140.0,0.085,0.831
66735f57a3f1,98,24140.0,0.729,0.458
9f0a8f84fc45,75,13000.0,0.404,0.192
bafffd9cdfd0,94,21800.0,0.121,0.759
dd5b89121ca6,40,23400.0,0.404,0.192
3bb1f66a6733,40,23400.0,0.404,0.192
28cf42e1f7f1,74,28100.0,0.404,0.192
9327e05ae319,40,23300.0,0.404,0.192
42a68c5e6947,100,24140.0,0.121,0.759
980ba126f817,24,32060.0,0.404,0.192
f8c655338a0e,0,24040.0,0.085,0.831
9058e1dc578e,92,8680.0,0.404,0.192
c9cc1fe247b0,0,35320.0,0.404,0.192
8f0d95f6b388,15,8300.0,0.404,0.192
1db24edcdfb8,5,40800.0,0.121,0.759
9886433a6c09,2,41100.0,0.121,0.759
26e0a9adeec0,93,27340.0,0.404,0.192
0d11f83eac91,0,23500.0,0.121,0.759
083d06758ca7,0,27700.0,0.154,0.692
9c1d0bd7d518,17,29700.0,0.154,0.692
588d3a050791,0,26200.0,0.121,0.759
a3c621e29f03,0,15500.0,0.435,0.131
7447b24f3b97,8,54400.0,0.121,0.759
d4ba27059b5e,99,24140.0,0.154,0.692
f2d570e5e099,3,43800.0,0.121,0.759
fdcb07571222,0,40500.0,0.121,0.759
0b7467db2e61,0,75600.0,0.121,0.759
24c93393e05b,48,24140.0,0.121,0.759
46baf65a0de5,99,26000.0,0.121,0.759
63d264cf242b,2,24900.0,0.121,0.759
c1eb1fa0172d,2,24900.0,0.121,0.759
695741872876,99,25900.0,0.121,0.759
00780a6845a1,0,28200.0,0.121,0.759
2c2ae807f333,100,12400.0,0.221,0.559
36393c850ba4,100,24140.0,0.085,0.831
5534f480609a,1,33400.0,0.435,0.131
2cde9b2eb099,0,54800.0,0.121,0.759
d11d20c10bbb,0,33600.0,0.404,0.192
6306684f3026,0,44100.0,0.121,0.759
5e2082230e08,0,24140.0,0.085,0.831
925865de5277,0,24140.0,0.282,0.436
7d6c3744e888,0,29400.0,0.121,0.759
518cff2b8673,44,23600.0,0.121,0.759
26873ff41580,0,24200.0,0.121,0.759
4b33f612c7a8,0,26760.0,0.085,0.831
c9d2c0cc4ffb,100,,0.826,0.652
43470b4bdcb1,0,33000.0,0.121,0.759
8cefeaf67e33,0,29500.0,0.121,0.759
c51532bb7d77,38,24140.0,0.085,0.831
937e19749cb5,8,24140.0,0.085,0.831
8eebe712ef52,99,24140.0,0.121,0.759
523d66278993,3,15700.0,0.121,0.759
f1b2e3a8bc74,17,27600.0,0.121,0.759
b2781a42ee7a,48,47120.0,0.435,0.131
a3acb43636e6,36,51900.0,0.435,0.131
0eb512bc2646,34,51300.0,0.435,0.131
13c877cf64f4,0,22200.0,0.121,0.759
8df62655fdb0,0,36780.0,0.085,0.831
f64f7c3467f1,92,13700.0,0.121,0.759
7073c4f47662,100,4900.0,0.435,0.131
3a461421c5f8,0,24140.0,0.085,0.831
780b1ebc0cfc,8,24140.0,0.085,0.831
322da8e072df,0,47700.0,0.121,0.759
276108b74813,44,24140.0,0.121,0.759
097f8fd20147,35,16800.0,0.154,0.692
c3ff753cbe82,0,25200.0,0.121,0.759
6ebfd555b9bb,0,,0.435,0.131
7582535c9836,2,24140.0,0.121,0.759
35d26ee6d4aa,100,24140.0,0.121,0.759
0449b3fa6560,100,24140.0,0.085,0.831
f4a945ffdeb5,67,24140.0,0.085,0.831
a9b50d6aabac,5,31000.0,0.121,0.759
0a446afeca12,27,21700.0,0.121,0.759
4bc4bb1b49fe,100,21240.0,0.085,0.831
5e37a070b2b0,100,21240.0,0.085,0.831
1b1ab0622509,100,21240.0,0.085,0.831
33a147d2ca90,100,21240.0,0.085,0.831
2f1f80eb212f,37,21700.0,0.465,0.07
67ea9c805de7,13,35200.0,0.121,0.759
fe95ab561213,2,37700.0,0.121,0.759
e81682df5e42,0,63300.0,0.121,0.759
0202cb35c4e0,1,21500.0,0.121,0.759
39bd2f24ef29,0,25500.0,0.121,0.759
0c23b59233b9,2,26600.0,0.121,0.759
724aaee8d74a,0,31700.0,0.121,0.759
2c697b5f84b4,1,17700.0,0.465,0.07
4253c7dbe0a9,0,25800.0,0.121,0.759
67dbf4325085,100,21540.0,0.048,0.903
4c1c1f7f91c0,0,38400.0,0.121,0.759
92424e22a7bd,29,25500.0,0.121,0.759
bc62cbb8840a,0,46300.0,0.121,0.759
c7085b9328a5,0,47400.0,0.121,0.759
8119ff704f2a,0,54500.0,0.121,0.759
380b0dd8b35d,100,,0.465,0.07
851e363562f6,0,37400.0,0.121,0.759
b8e2852df81c,5,14800.0,0.465,0.07
c908d1203e8f,100,22000.0,0.465,0.07
c40c8a26c4b4,0,22300.0,0.465,0.07
35e759e559f9,49,20700.0,0.085,0.831
948d783b0f62,14,30000.0,0.121,0.759
98ea321bc31c,0,34500.0,0.085,0.831
3d50619b4f46,13,23800.0,0.121,0.759
f2a3d6e5e14d,0,19700.0,0.121,0.759
e05af8c43a08,0,34400.0,0.465,0.07
95da07549e75,0,34400.0,0.465,0.07
5b9cecaf7d7d,0,37500.0,0.121,0.759
74ed39ce7338,1,29300.0,0.121,0.759
b5a08a31dc03,98,19700.0,0.465,0.07
48ebd11e8b62,10,21800.0,0.121,0.759
591dc913f658,0,37000.0,0.121,0.759
ec43c26a1de3,0,28300.0,0.121,0.759
25a09fab6032,0,25200.0,0.121,0.759
8346d66a3fe3,0,60900.0,0.121,0.759
2173674e4df1,0,44700.0,0.465,0.07
788906abfbc2,0,16800.0,0.121,0.759
ab3e2d980fd5,0,19200.0,0.121,0.759
9d103238167f,0,33000.0,0.121,0.759
741b1e5b7335,0,38500.0,0.121,0.759
b433265cd389,1,27400.0,0.121,0.759
12b641a4ea5f,0,26300.0,0.121,0.759
668f086c7c34,4,42500.0,0.187,0.625
1ff7a8d0be87,48,24140.0,0.085,0.831
9c5d014b87d4,65,24140.0,0.085,0.831
49f7a62de5ab,48,24140.0,0.085,0.831
14b65b766fbf,100,24140.0,0.121,0.759
da26f2f7ae93,100,24140.0,0.121,0.759
e5aaba79f909,100,24140.0,0.121,0.759
3e84654af9dc,38,,0.465,0.07
c96c122a806d,62,24140.0,0.465,0.07
4d02238d9fd7,0,48300.0,0.121,0.759
5c36845d0fe7,45,60800.0,0.121,0.759
cb10209b5f62,5,18400.0,0.121,0.759
93458c44405f,0,24160.0,0.085,0.831
edf4cd461ecf,0,39300.0,0.121,0.759
876194203a64,100,12200.0,0.498,0.003
1ad50387f45f,0,56300.0,0.154,0.692
ba5739596770,2,28800.0,0.121,0.759
d705931f6469,100,12200.0,0.86,0.719
51886927e21a,0,22900.0,0.121,0.759
08527333ee42,0,29200.0,0.121,0.759
1cb775782a75,0,24140.0,0.085,0.831
9ad30cc9c525,3,19200.0,0.121,0.759
c4d163b81ca8,0,30400.0,0.154,0.692
9d4fa4a4e988,0,19900.0,0.121,0.759
e0351b6ef814,0,18000.0,0.121,0.759
7c752cce088c,88,16100.0,0.085,0.831
ff1993974ef3,50,,0.085,0.831
a7aae7f02652,9,24140.0,0.498,0.003
e97e1eefd846,100,4360.0,0.498,0.003
373b0777bdea,0,15300.0,0.121,0.759
4c370b3e8aa6,0,15300.0,0.121,0.759
d5d3db943527,0,15300.0,0.121,0.759
733af7ec0392,0,15300.0,0.121,0.759
68db1dfe686d,1,15300.0,0.121,0.759
da8f56c1846b,0,15300.0,0.121,0.759
0ad222a98811,0,15300.0,0.121,0.759
75217288c4d8,0,15300.0,0.121,0.759
83e225dc0fb4,0,13800.0,0.121,0.759
92ce6a01a0e7,0,15300.0,0.121,0.759
b6963cfcf939,0,15300.0,0.121,0.759
b9f5321c8d1e,0,15300.0,0.121,0.759
15275828422f,0,15300.0,0.121,0.759
c5fd593adcff,0,17100.0,0.498,0.003
a73783ba5936,0,15300.0,0.121,0.759
b55f51b127a7,19,24140.0,0.498,0.003
4714c167524e,0,15300.0,0.121,0.759
7a3653d4698e,0,37600.0,0.121,0.759
bf2f62e8a332,0,27800.0,0.532,0.064
2539ddf0f9a9,20,24140.0,0.221,0.559
6ba1d3f40535,0,24600.0,0.121,0.759
e56a7f28da7e,0,24140.0,0.532,0.064
a24141ef43f0,0,30900.0,0.121,0.759
73d8a3fbe6ff,22,38300.0,0.121,0.759
ea6d29c46006,0,59300.0,0.121,0.759
a5a65379d589,0,72100.0,0.121,0.759
ea4f66846a9f,30,24660.0,0.532,0.064
f0b7e0a375c1,0,26500.0,0.121,0.759
dc3bfffa4159,30,33300.0,0.121,0.759
b73d2a6ed9ee,19,,0.085,0.831
677519382937,0,,0.121,0.759
b07b232060c5,0,36700.0,0.121,0.759
8cb2ac2cb5c0,67,34000.0,0.121,0.759
982ec0dc23a8,49,19300.0,0.121,0.759
562fdaae4da8,2,27300.0,0.121,0.759
27a219a31517,51,21480.0,0.085,0.831
26228dcb89b1,0,28100.0,0.121,0.759
ba42ca20f9a8,0,23800.0,0.121,0.759
c1c5de060b4a,0,78500.0,0.121,0.759
fa1a1441ca69,53,24140.0,0.085,0.831
b3cef0e6327b,47,33220.0,0.532,0.064
549096ff89e2,9,31100.0,0.532,0.064
f2b88faa1b63,25,25360.0,0.085,0.831
305c6e503197,19,24140.0,0.085,0.831
8fd4718d0371,0,24800.0,0.121,0.759
c3bfa4fd3fd9,0,18600.0,0.121,0.759
97d03ac39e7c,98,24140.0,0.085,0.831
b2e0ff15fea1,4,17000.0,0.121,0.759
20866db0ef51,33,21000.0,0.532,0.064
db1ef2fea207,0,26540.0,0.532,0.064
d5c1edd8a3a1,0,20300.0,0.121,0.759
53a891a9be7d,6,16900.0,0.121,0.759
7d138363fa2b,17,34800.0,0.121,0.759
75c7e81d4217,12,23380.0,0.085,0.831
2388c20f45c7,0,27500.0,0.154,0.692
856bb93282ee,84,21500.0,0.565,0.13
aa532bfa218f,2,22400.0,0.121,0.759
efd56cd3488e,0,21000.0,0.121,0.759
b0567926fe26,1,57400.0,0.121,0.759
c6bdd6dd3b33,0,59000.0,0.121,0.759
83619755e1d3,0,34400.0,0.121,0.759
4a952a14c662,4,43800.0,0.121,0.759
202b979d8345,2,32200.0,0.121,0.759
36fd415c333e,0,47300.0,0.154,0.692
3673a0a7a883,0,43200.0,0.121,0.759
a49c06417589,0,52200.0,0.121,0.759
24f252c77f2b,0,42300.0,0.121,0.759
a770090b458d,81,24140.0,0.121,0.759
6588d3ec821e,100,24140.0,0.565,0.13
6aa244987327,0,20360.0,0.085,0.831
5fcd50c24601,80,9200.0,0.085,0.831
fff6b73ac9ce,26,,0.121,0.759
463912b9aa83,65,,0.121,0.759
b57febfe9687,97,,0.085,0.831
80c0789aaffd,97,,0.121,0.759
d88f5164f530,0,,0.085,0.831
03052790c042,19,,0.565,0.13
52d5294d1d49,97,,0.121,0.759
f9de3cbc3721,97,,0.121,0.759
afe7f484845b,96,,0.121,0.759
d5b21f05fa1e,97,,0.121,0.759
c00bc8f656c3,97,,0.121,0.759
f2d350747f65,0,31300.0,0.121,0.759
155e66bee715,21,21780.0,0.085,0.831
e42a6748b72b,100,24140.0,0.085,0.831
7357abb735e6,99,,0.085,0.831
2639efcbd812,85,,0.121,0.759
4d526dea62b2,13,,0.121,0.759
6efbf6cbee0a,0,59700.0,0.121,0.759
be9e168bd097,0,22900.0,0.121,0.759
12c9cd27fabd,0,45400.0,0.121,0.759
4c6b5932cb72,31,33700.0,0.565,0.13
1ba94f7aa2ef,0,27100.0,0.121,0.759
493e717bd10c,52,33000.0,0.085,0.831
a97174dbda15,8,,0.121,0.759
031a1cc78c27,0,35800.0,0.565,0.13
a1b9b0167a8c,77,,0.121,0.759
3cd36ac61d6e,0,62300.0,0.121,0.759
32f4a5112776,71,,0.565,0.13
6cfa9e86d58f,4,54000.0,0.121,0.759
ea940f296ec9,0,46000.0,0.343,0.314
15a42b1bbece,0,21900.0,0.121,0.759
cc28f3722d99,0,38300.0,0.121,0.759
267f4f22dd28,0,24140.0,0.565,0.13
45047957c310,21,13900.0,0.154,0.692
f5904c0bc4a7,0,21700.0,0.121,0.759
86d7dde475d9,1,56400.0,0.121,0.759
84bb28064055,20,39100.0,0.121,0.759
38c62c12f4e5,0,34300.0,0.121,0.759
b037cd5c3cdf,20,41100.0,0.121,0.759
fb2931960654,0,34000.0,0.121,0.759
005c22b81ca9,0,34000.0,0.121,0.759
874d7866d30e,0,28600.0,0.121,0.759
6aac787b97aa,0,28300.0,0.121,0.759
6cd86aaf8ea4,50,23300.0,0.121,0.759
9e426318846f,50,25500.0,0.121,0.759
1a0dac0c74f4,30,19400.0,0.121,0.759
a4659674d14f,9,21000.0,0.121,0.759
946ca76fcba3,0,19000.0,0.121,0.759
48bce70455a1,0,21200.0,0.121,0.759
c720918c5d6d,0,22100.0,0.121,0.759
1a1e4b121dde,9,21000.0,0.121,0.759
a890916d0f79,0,27300.0,0.598,0.197
ab055c1d786f,0,27200.0,0.121,0.759
4c6cf3bac5de,0,34800.0,0.121,0.759
261b8f341abc,0,37200.0,0.121,0.759
0c4be5e188c4,0,28800.0,0.121,0.759
d3a8d8ac3ae4,0,28800.0,0.121,0.759
eb66e390cd5e,0,26400.0,0.121,0.759
e67cd08064a4,0,25800.0,0.121,0.759
41fd125d9267,0,28600.0,0.121,0.759
c6deede6cd19,0,27500.0,0.121,0.759
82f62be31c8d,0,28500.0,0.121,0.759
157a7029f25a,0,30000.0,0.121,0.759
d58484176bbc,0,29100.0,0.121,0.759
9b8b44b73099,0,31500.0,0.121,0.759
fb9b5dc69fa7,0,31300.0,0.121,0.759
017d0eee0790,0,32800.0,0.121,0.759
0c41abe95664,60,,0.085,0.831
96da3253c3c7,0,18000.0,0.598,0.197
a8f3a3246914,0,24140.0,0.085,0.831
64805bb6b6d7,21,24140.0,0.085,0.831
09cf8a14c0cd,21,24140.0,0.085,0.831
62cb7d21b3a5,0,26600.0,0.121,0.759
f579b185aa78,100,24140.0,0.085,0.831
0f6572a3ba00,15,24140.0,0.121,0.759
88f9b98a5ea4,28,24140.0,0.598,0.197
0d8db0576322,0,39900.0,0.121,0.759
50652c36be92,99,17000.0,0.635,0.269
505f815b2418,0,23100.0,0.121,0.759
ac8003595880,0,31800.0,0.121,0.759
85bd15329444,75,,0.085,0.831
6a6310c5d459,3,,0.121,0.759
93e8ce9dc988,0,27900.0,0.635,0.269
5294fe5619e1,28,24140.0,0.635,0.269
f4a1d7ee1035,2,50400.0,0.973,0.947
19533260099f,0,800.0,0.187,0.625
4ee2bd827a3d,32,24140.0,0.121,0.759
b9334c457fe3,11,24140.0,0.121,0.759
4ef53ed8f8e0,15,24140.0,0.121,0.759
ab6cd6fbe67e,0,24140.0,0.085,0.831
0b73c82056a1,0,24140.0,0.121,0.759
f01ddfe6f576,6,24140.0,0.121,0.759
f61f94bfdcea,15,24140.0,0.121,0.759
d42d4e2308e6,6,24140.0,0.121,0.759
f7700b809bff,13,24140.0,0.121,0.759
bc099d870776,100,24140.0,0.121,0.759
591b38a8805a,0,20900.0,0.121,0.759
b72ab621289c,52,,0.635,0.269
3a390bc2631e,2,51600.0,0.668,0.336
29065f72f385,0,33000.0,0.121,0.759
ff1ef156d77d,0,37500.0,0.121,0.759
3c28cb4410a2,0,46400.0,0.121,0.759
14111f17fe06,0,30900.0,0.121,0.759
0222fc3c0e52,58,24140.0,0.668,0.336
76f6a492ecb7,0,51000.0,0.668,0.336
596c93285277,0,30200.0,0.704,0.408
613bdcd8b468,0,43300.0,0.121,0.759
978169b9bf69,100,24140.0,0.704,0.408
9dc315037237,14,24140.0,0.704,0.408
fedc49b38fe4,30,21400.0,0.74,0.48
08d220ba5b36,0,65500.0,0.154,0.692
a03706dff976,100,8600.0,0.74,0.48
81d6eab35fb0,0,57000.0,0.121,0.759
0a8a0bf8a884,0,24140.0,0.085,0.831
ce2c85363b4d,74,,0.887,0.775
80d22a22ed5f,71,,0.923,0.847
0e71fe4e7f69,100,,0.962,0.925
1b573580bb0f,100,,0.001,0.998
d806994a50f0,0,34800.0,0.121,0.759
753223271aec,3,33400.0,0.776,0.552
0c40857ebd0c,83,200.0,0.776,0.552
95ef3742bf56,0,24500.0,0.776,0.552
5c8fb71b3277,0,30800.0,0.776,0.552
a4ed951ce5f4,0,52900.0,0.776,0.552
1a0eadf934e1,46,24140.0,0.776,0.552
026a57c62b76,22,28100.0,0.776,0.552
c0f10819d8dc,57,24140.0,0.776,0.552
028921aa5ce9,25,50500.0,0.776,0.552
28102154650b,0,24140.0,0.085,0.831
2ea9b5837836,57,,0.776,0.552
c004e16beccf,75,,0.776,0.552
df6fd0899aac,36,24140.0,0.776,0.552
a08cf1a75aae,0,24140.0,0.776,0.552
307feb115726,99,24140.0,0.776,0.552
6cbd675c3510,96,,0.776,0.552
9fb532b887c1,0,20800.0,0.776,0.552
cec2f9901fbe,0,37900.0,0.812,0.625
f191331a91e2,0,32100.0,0.812,0.625
c5935b5e96f1,100,17920.0,0.812,0.625
32f844a9333d,0,65200.0,0.812,0.625
b4f39b32b708,100,6000.0,0.812,0.625
cef74434e65f,0,22100.0,0.812,0.625
3f378c7596d0,0,33300.0,0.812,0.625
e1bcaebda68c,0,50900.0,0.812,0.625
dfbeb59777e9,0,43200.0,0.812,0.625
a7f4a4f05499,0,39700.0,0.812,0.625
cc42a6e3574d,0,35200.0,0.812,0.625
84aad119df97,0,30900.0,0.812,0.625
e82d3205f559,99,29400.0,0.812,0.625
a9595930cb2f,97,24140.0,0.812,0.625
aac06e872dfe,0,48300.0,0.812,0.625
82bc71498fa3,6,50300.0,0.812,0.625
02975fe4dce5,1,56100.0,0.121,0.759
10851bc5fb5a,0,36200.0,0.121,0.759
ce510185fbb5,4,34500.0,0.121,0.759
769dfeacfb1c,2,26300.0,0.121,0.759
8d8e0e1d4a7e,8,31100.0,0.121,0.759
5ba5fe8bfa61,0,24140.0,0.812,0.625
c31d9960a9ec,0,24140.0,0.812,0.625
31b83f6de48c,0,41400.0,0.121,0.759
3fb1ddcd8cb2,0,41700.0,0.121,0.759
65b20748b4fc,0,40400.0,0.121,0.759
cd89d8102706,0,17800.0,0.121,0.759
c1e2aa75fd8f,4,39800.0,0.121,0.759
ce82199d5f98,6,39200.0,0.121,0.759
35e63b24fd66,0,40000.0,0.121,0.759
4be81f33da4f,0,25800.0,0.776,0.552
b4204f0873f9,15,51700.0,0.851,0.702
64f06c518282,0,19500.0,0.121,0.759
c682c87cffbd,0,54100.0,0.851,0.702
0e33471fc413,0,18600.0,0.121,0.759
42ee002b4151,100,20500.0,0.121,0.759
435ce37a6a41,99,15400.0,0.121,0.759
dc58ec29661b,0,33200.0,0.121,0.759
d550cab0b1f1,0,35000.0,0.121,0.759
373db70d6110,0,25380.0,0.851,0.702
49250e1c0532,0,25840.0,0.851,0.702
d5c27a1a1cee,0,41200.0,0.343,0.314
eee683f3ff50,53,24140.0,0.887,0.775
8c4ec9f90880,75,23840.0,0.887,0.775
2b33e9f80179,99,24140.0,0.121,0.759
0961d9edc7e1,0,23400.0,0.085,0.831
6414437c3f54,0,22200.0,0.887,0.775
83435ac85b93,0,32000.0,0.776,0.552
90098792a3c6,56,,0.887,0.775
7eeeffa13894,95,24080.0,0.887,0.775
4e753c359db0,92,27900.0,0.923,0.847
30f43288b945,91,27400.0,0.923,0.847
feff87d0b6c9,0,20500.0,0.923,0.847
8f61328aba98,0,15900.0,0.923,0.847
4eee7d6fe483,100,12900.0,0.923,0.847
c9cb6e60a022,0,24140.0,0.923,0.847
7692599482f4,77,24140.0,0.923,0.847
97b72166bfed,44,24140.0,0.923,0.847
feb5546c9fcb,0,49700.0,0.96,0.919
d2d42c41c21e,94,16000.0,0.085,0.831
8e1b824a28a2,100,22100.0,0.96,0.919
d34dd1609787,0,50300.0,0.121,0.759
0c20fe5708c3,0,24140.0,0.96,0.919
e81404c5e457,0,24140.0,0.96,0.919
9bc3327877f5,89,22460.0,0.96,0.919
003cf375290e,0,35100.0,0.776,0.552
3ac64a30e5d9,0,40900.0,0.998,0.997
2aaeb6716413,0,16400.0,0.998,0.997
cf9aeede190b,100,24140.0,0.998,0.997
cd725b1fd6bf,1,24140.0,0.998,0.997
c4337ef6469b,5,24140.0,0.121,0.759
9cec0c137069,45,24140.0,0.998,0.997
7c36e5082352,66,24140.0,0.998,0.997
273108bdc92e,72,24140.0,0.998,0.997
4573f7885ef7,100,24140.0,0.998,0.997
23fccaa7f6ca,100,24140.0,0.998,0.997
4fae0470f300,100,22020.0,0.998,0.997
8a1daeea74ad,100,24140.0,0.998,0.997
73dd8ef7ab52,100,24140.0,0.998,0.997
cb0c102350f7,100,24140.0,0.998,0.997
f30c92d858d3,73,24140.0,0.998,0.997
b7abc804f358,100,24140.0,0.998,0.997
614b7547ad1e,100,24140.0,0.998,0.997
b8a37d987596,100,24140.0,0.998,0.997
650861435fcf,72,24140.0,0.998,0.997
860dc0143cda,100,24140.0,0.998,0.997
af66db41f80f,100,24140.0,0.998,0.997
b73658ba827e,36,24140.0,0.998,0.997
07c440ae9ba2,14,24140.0,0.998,0.997
c509e23d7158,100,24140.0,0.998,0.997
9501d1187479,0,22000.0,0.035,0.931
0aab254e03e4,25,24140.0,0.121,0.759
3c1029441cd4,43,24140.0,0.035,0.931
fc4992303926,100,24140.0,0.035,0.931
eb2c755d3b28,0,24140.0,0.035,0.931
b877890f71ec,0,67100.0,0.035,0.931
0a766efad05a,0,30400.0,0.121,0.759
8c03d8fb7fdc,42,24140.0,0.035,0.931
e9a10c74e3da,100,23920.0,0.035,0.931
c4ebdedf19be,100,24140.0,0.035,0.931
0bb16c9292a3,62,24140.0,0.035,0.931
4843bb8c6071,99,24140.0,0.035,0.931
a497bc06237d,100,24140.0,0.035,0.931
d07a8002b202,55,17780.0,0.035,0.931
deac24ae50b1,89,60700.0,0.035,0.931
cd19ef0b1f38,16,,0.035,0.931
473868142ca3,100,10260.0,0.068,0.864
54019b57b8ca,2,36400.0,0.068,0.864
3aa459d1b19e,95,24140.0,0.035,0.931
34136c4a614d,99,24140.0,0.085,0.831
40ff437d8169,69,24140.0,0.121,0.759
09b8939d7134,52,24140.0,0.121,0.759
dd2f06528edb,100,24140.0,0.035,0.931
01536a4c436e,100,24140.0,0.035,0.931
01d7a6fb5b3f,28,35200.0,0.121,0.759
aa72844f5709,100,,0.068,0.864
579a67ada78a,4,39400.0,0.085,0.831
db27f08fd32b,100,15700.0,0.154,0.692
529af103cb53,0,15300.0,0.187,0.625
3b04cdd99349,0,15300.0,0.187,0.625
c9f0b654e7a5,0,76700.0,0.154,0.692
6595cd9b7343,13,51600.0,0.121,0.759
f2ae58e90f46,0,23400.0,0.068,0.864
83a5f9ed35b9,0,24140.0,0.085,0.831
f747ba0ca96b,0,35700.0,0.121,0.759
6f34d18d6f49,0,63600.0,0.068,0.864
53263b740eff,0,45200.0,0.598,0.197
1fae07dab94b,12,55100.0,0.776,0.552
1662089c4b9d,99,21300.0,0.135,0.731
a8a7decae385,89,24140.0,0.135,0.731
2b2de1062692,78,24140.0,0.135,0.731
f95025b98ade,48,14600.0,0.168,0.664
655ea73a3a94,0,46000.0,0.168,0.664
4549c86d1e20,0,35400.0,0.168,0.664
471e26df23e4,0,30200.0,0.168,0.664
72b5a6d12a92,1,16400.0,0.168,0.664
1ff8ff798d74,0,26100.0,0.168,0.664
81c14b3a0c83,0,27300.0,0.168,0.664
80e51ca3d2a9,0,35100.0,0.168,0.664
5e3e99dfdb69,88,23740.0,0.168,0.664
867acde7c1ba,100,17400.0,0.168,0.664
121b754c9653,0,25900.0,0.168,0.664
424c8dfb4f62,1,27700.0,0.168,0.664
23e123e8817a,0,27000.0,0.168,0.664
482bad67e137,52,,0.168,0.664
2a09acf9408a,0,38700.0,0.168,0.664
923e994c00e7,3,28100.0,0.121,0.759
1d72d28b1b54,100,24140.0,0.229,0.542
dcb0ff21836a,3,24140.0,0.998,0.997
068a75b48e1d,0,21700.0,0.187,0.625
3d9235997cf2,0,46900.0,0.26,0.481
110c0e29c13c,0,39800.0,0.121,0.759
f73838c9693b,0,29600.0,0.29,0.42
5e497072b7ae,0,20100.0,0.29,0.42
6edbb0398701,77,35100.0,0.29,0.42
dd813ad336a5,47,24140.0,0.29,0.42
a376048a6e27,14,24140.0,0.29,0.42
7981c86408e3,11,43600.0,0.321,0.359
a6e4e4b86616,0,28700.0,0.121,0.759
8eb4e182f4c6,0,48100.0,0.321,0.359
c85d4b078fc3,0,18500.0,0.321,0.359
09a63d987709,0,20900.0,0.29,0.42
54d903c55122,0,39300.0,0.321,0.359
d42707551ff0,84,20000.0,0.321,0.359
c7347ac6116d,2,34900.0,0.321,0.359
26d3f60bdb14,8,18800.0,0.351,0.298
cf90b41808ed,5,18600.0,0.351,0.298
f90131faa00c,50,28200.0,0.351,0.298
a529a167994b,3,37500.0,0.351,0.298
f4dac34b4fa8,0,26500.0,0.382,0.237
97d4b5ec54f7,0,90000.0,0.121,0.759
5fb1976747f6,0,25700.0,0.412,0.175
a2634de84edd,93,24140.0,0.382,0.237
7739be9d93b6,34,,0.446,0.109
f58c0d675b86,100,24140.0,0.482,0.036
5cb1538750a6,93,24140.0,0.482,0.036
3b214757d1ad,36,24140.0,0.482,0.036
a77dd28d1c98,0,24140.0,0.482,0.036
8451ad32a3e5,50,,0.482,0.036
0ac340a944d8,0,40000.0,0.515,0.03
1074dcf28d58,100,9540.0,0.515,0.03
8cb68bdadf59,0,19900.0,0.551,0.102
a47cdbc400db,0,40100.0,0.551,0.102
3913dbcf266c,48,,0.551,0.102
46a984689d10,25,16200.0,0.121,0.759
7d47a424d9b1,0,23000.0,0.623,0.247
d93d9faf5dd5,23,24140.0,0.66,0.319
fc618e513483,23,24140.0,0.66,0.319
5c7ef569d2cd,73,42700.0,0.66,0.319
1e0fe8d3a2db,0,25600.0,0.66,0.319
f973fd336e83,100,24140.0,0.66,0.319
a7bb3c98b2f2,100,24140.0,0.66,0.319
49ed45ad4acc,0,15400.0,0.696,0.391
9e3c3ff9a0a2,100,24140.0,0.696,0.391
ea582047a525,100,24140.0,0.696,0.391
d3ef43491fed,100,24140.0,0.696,0.391
f5b31c28a7eb,45,37900.0,0.696,0.391
c83bf2815190,10,19500.0,0.732,0.464
52f73cf01402,81,24140.0,0.732,0.464
6e6d4e08a3b3,0,41200.0,0.732,0.464
713039bd1c2a,0,27800.0,0.732,0.464
073a5d896381,23,16000.0,0.732,0.464
eaca501ab794,100,12200.0,0.732,0.464
53746029a981,100,16400.0,0.732,0.464
cdb5d3c1e625,0,42900.0,0.732,0.464
427f577f8c81,17,24140.0,0.732,0.464
baf0c1fe9654,1,16400.0,0.732,0.464
74671a0e5878,1,16400.0,0.732,0.464
ce0f024319dc,99,24140.0,0.732,0.464
3ce15df1b6c1,0,32900.0,0.732,0.464
fd78270a4382,19,31100.0,0.732,0.464
151fa787fc25,6,25120.0,0.732,0.464
799e3bb9297d,7,25220.0,0.732,0.464
b2dd7383b93c,0,30180.0,0.732,0.464
ba9a1ad53e47,54,27240.0,0.732,0.464
f21c0e10ecec,100,2920.0,0.732,0.464
2a51c2778bce,55,24140.0,0.732,0.464
eed29215f6cf,69,23800.0,0.771,0.541
0fd6ff082fe7,8,27260.0,0.732,0.464
f8eba0e91fe3,30,20680.0,0.771,0.541
43af98fab37f,11,19040.0,0.771,0.541
f9f929392023,2,40800.0,0.771,0.541
f308bcf8a5d1,71,37820.0,0.771,0.541
a6708f566d19,0,18800.0,0.732,0.464
7a2eed878e34,100,24140.0,0.732,0.464
66159afa36df,5,41800.0,0.771,0.541
605136eae7d6,49,24140.0,0.771,0.541
eb843e164137,98,24140.0,0.732,0.464
6ef6e57760f8,3,18000.0,0.732,0.464
0e72c957323a,0,16800.0,0.732,0.464
fbfb5a31dfc4,15,12700.0,0.732,0.464
61fc1bb4e3a1,91,,0.771,0.541
2da706fea1b0,31,,0.771,0.541
67076c0c6bc1,13,13400.0,0.807,0.613
f3e1bc0a8e42,100,22600.0,0.807,0.613
5117dc9921e7,53,24140.0,0.771,0.541
c8a2ed5a743f,33,,0.807,0.613
e338a534e976,2,18500.0,0.843,0.686
f5b3f7cbc32f,87,,0.843,0.686
085f17d21e75,97,,0.843,0.686
93a8d58390a1,0,17500.0,0.843,0.686
e112a384722a,0,21400.0,0.912,0.825
1a00dd8bd01b,0,24140.0,0.912,0.825
abb0994954fd,0,24140.0,0.912,0.825
d04aadcac5ab,0,24140.0,0.912,0.825
5b4688a30a8e,98,,0.948,0.897
98f7cd7d181f,0,16500.0,0.948,0.897
5647fa2ec730,0,20500.0,0.948,0.897
fd96b8bb771e,0,21900.0,0.948,0.897
9c77edd5976f,6,24140.0,0.948,0.897
6669d43fec7b,0,24140.0,0.948,0.897
ef92802741c5,98,24140.0,0.373,0.253
c1693be1e523,100,24140.0,0.948,0.897
f124de789d86,73,26980.0,0.948,0.897
213ca59bb59b,10,24140.0,0.985,0.969
0adba123c364,0,36300.0,0.121,0.759
af3091406677,0,36300.0,0.121,0.759
ba39726cf575,0,36300.0,0.121,0.759
e1737b43633d,0,36300.0,0.121,0.759
6f6f4b2b9092,100,24140.0,0.051,0.898
d1e077a66ccd,100,24140.0,0.051,0.898
da1b43095e27,52,24140.0,0.085,0.831
b6dfb0e2fdd3,34,,0.051,0.898
462369a0d9ef,0,18600.0,0.085,0.831
521e6fe82218,0,28100.0,0.085,0.831
21ae73a962da,49,,0.085,0.831
0ea472504490,50,,0.085,0.831
ccb5b172095c,49,,0.085,0.831
def63b6f7194,0,,0.085,0.831
3fab527ff754,3,12800.0,0.115,0.77
f19fcbb84305,0,56700.0,0.121,0.759
8e7728436abf,0,24140.0,0.148,0.703
9e9e3dce208a,0,24400.0,0.148,0.703
a640e7fe3ca8,35,,0.115,0.77
ddca045cc2fb,0,20800.0,0.732,0.464
7d3b0dd2bc8e,4,23600.0,0.732,0.464
6b22a27b1143,13,,0.193,0.614
16bf09345afd,28,21000.0,0.179,0.642
e5518e59b043,100,24140.0,0.179,0.642
619bcbead8cb,0,27100.0,0.948,0.897
4d416a4a9fe3,100,,0.237,0.525
61f4f1f95c2e,32,,0.237,0.525
38194eca643f,100,24140.0,0.237,0.525
720f2208fc91,0,29600.0,0.121,0.759
1542b5203e4a,98,5720.0,0.298,0.403
b626043707bc,100,24140.0,0.329,0.342
ffba2405fee6,100,24140.0,0.329,0.342
1ed425abe0d5,100,,0.429,0.142
482801027ad0,95,16400.0,0.501,0.002
1119a4a9b4e1,29,12500.0,0.537,0.075
b4b00603da81,0,75600.0,0.537,0.075
f9c1bcd52fe9,95,24140.0,0.121,0.759
c16c184f2c3f,0,35200.0,0.612,0.225
172b950640c3,7,19100.0,0.612,0.225
70e687bf2655,95,29140.0,0.651,0.302
e5517db63fe0,16,24140.0,0.651,0.302
d5e5d26c1e65,13,84480.0,0.651,0.302
d510455fd5d6,0,75260.0,0.651,0.302
c6fddc7f8be8,10,24140.0,0.651,0.302
f4550eb964de,25,60520.0,0.651,0.302
fa0bff0b3259,77,27340.0,0.651,0.302
24f2782e127c,88,5100.0,0.687,0.375
5d39185aed6a,0,31500.0,0.687,0.375
820145452193,0,20300.0,0.687,0.375
48f95e369aeb,0,34000.0,0.687,0.375
e159da6a1ca8,0,23300.0,0.687,0.375
e3b5f98aa817,0,28000.0,0.687,0.375
392f045f6d9e,0,90000.0,0.687,0.375
1065f703e124,0,23300.0,0.687,0.375
9f7bbbdc4674,0,23300.0,0.687,0.375
b6991c4eb111,0,19900.0,0.687,0.375
05f01f154f17,0,30000.0,0.687,0.375
25261332733d,0,31200.0,0.687,0.375
5e40983e25fa,4,47200.0,0.651,0.302
1220a2e1a894,5,21400.0,0.687,0.375
9db7c493df1a,0,72300.0,0.687,0.375
73a0dd4b20ee,0,23200.0,0.687,0.375
767e47a95272,0,69900.0,0.687,0.375
b2841788ca8f,0,42600.0,0.687,0.375
e9367d45baec,1,17900.0,0.687,0.375
58cb12991807,0,19600.0,0.687,0.375
3d2ae2aff15f,0,28500.0,0.687,0.375
046c54635456,1,17900.0,0.687,0.375
804bf30f8c1b,0,28200.0,0.687,0.375
f772961fcbdc,0,16000.0,0.687,0.375
7d6b8ca275a9,25,17540.0,0.687,0.375
51730ccc8bdf,0,22800.0,0.687,0.375
a7c897b2161b,0,40800.0,0.687,0.375
4e2dd360219a,0,18500.0,0.687,0.375
9d6dda88c48d,0,27500.0,0.726,0.452
fd30e8c0bd3f,15,17080.0,0.687,0.375
6e887b3ea6d0,0,38400.0,0.726,0.452
c9b3e59749fc,0,19300.0,0.726,0.452
f7705118130c,0,33980.0,0.726,0.452
c6d9d3052641,52,29820.0,0.726,0.452
30a6fee516d8,40,28720.0,0.762,0.525
6f1e417c7e1b,6,21400.0,0.687,0.375
8da08f3e83ec,46,16760.0,0.762,0.525
b17ceec5e8a3,11,24000.0,0.762,0.525
56264cef7525,15,24140.0,0.798,0.597
a3b39a7971b5,100,3780.0,0.798,0.597
1817f677a011,0,7500.0,0.798,0.597
e9f36d09d536,0,60320.0,0.798,0.597
0571324c886f,0,28260.0,0.798,0.597
dd1e4c0caa7a,0,28260.0,0.798,0.597
8fb5c7e410a1,29,,0.798,0.597
98dd34d6a923,0,25140.0,0.798,0.597
36314cc484cf,9,20980.0,0.798,0.597
157586d31655,98,17140.0,0.798,0.597
07d24217febc,2,26680.0,0.798,0.597
a979d6a76154,86,29720.0,0.798,0.597
02f0a44c3631,6,77800.0,0.798,0.597
777fca1b7c9b,0,5480.0,0.798,0.597
691f0a4079e6,0,16100.0,0.832,0.664
f2b976072d2a,0,16900.0,0.832,0.664
07607a679679,0,16100.0,0.832,0.664
0de3174c1e4c,1,22000.0,0.832,0.664
765481aa6375,1,13600.0,0.832,0.664
cb4fade9f6d0,0,18000.0,0.832,0.664
6fccee01f21b,13,13500.0,0.832,0.664
7486c216a310,100,88400.0,0.832,0.664
9297c9a9a326,17,13300.0,0.832,0.664
a1641fe81ba5,0,3400.0,0.832,0.664
25ac1812a747,0,22900.0,0.832,0.664
515404e25dff,8,16700.0,0.832,0.664
d3cf1118821b,0,19000.0,0.832,0.664
0b597e8a96cd,0,19100.0,0.832,0.664
5b653a2e9020,0,41100.0,0.832,0.664
53a9b4b3684d,100,12200.0,0.832,0.664
c63c6e3c2b70,3,24140.0,0.832,0.664
7c9dfff4256d,0,22000.0,0.832,0.664
97b14825557d,1,1400.0,0.832,0.664
24eb1bdd5f31,1,20500.0,0.798,0.597
797a8c19e9ab,0,41100.0,0.832,0.664
a396e6d3436f,0,18300.0,0.832,0.664
9d296497a828,0,31800.0,0.832,0.664
20d54535faa3,8,12900.0,0.832,0.664
5e93cd765ba6,1,13200.0,0.832,0.664
e5e7400c36e2,94,24140.0,0.832,0.664
f6d890e10fd8,0,55500.0,0.832,0.664
6f0cf01e161e,0,16500.0,0.832,0.664
3c8b231e810f,25,20680.0,0.832,0.664
021d304821fa,27,12200.0,0.832,0.664
625fe9fade22,8,24140.0,0.832,0.664
87ef90d8fd60,26,24140.0,0.832,0.664
9228dc2f20eb,3,16100.0,0.832,0.664
c7590470762c,0,19200.0,0.832,0.664
5dd3f407d7d4,0,19800.0,0.832,0.664
2af987542936,0,26900.0,0.832,0.664
1c477effb905,3,24140.0,0.832,0.664
2e93557383bd,19,74260.0,0.832,0.664
237363a5c3d9,24,33400.0,0.121,0.759
f5bc3a39dc25,0,33600.0,0.121,0.759
a810adb78367,20,24140.0,0.832,0.664
039dc604804d,0,50000.0,0.832,0.664
c6b0dfa8c122,60,,0.832,0.664
8865cb169e76,99,38740.0,0.832,0.664
a21f504604d7,0,75880.0,0.832,0.664
6ddc087b73c6,100,75760.0,0.832,0.664
0e6ef4e509d6,100,50000.0,0.832,0.664
16d1e6d19e72,0,78500.0,0.832,0.664
49ec480516f1,0,24140.0,0.832,0.664
9e945469fa6c,0,24140.0,0.832,0.664
09ef72e84357,6,22940.0,0.832,0.664
b0d92e41255f,0,72560.0,0.832,0.664
c69369fe19ff,91,17220.0,0.832,0.664
acf5b3922066,91,17220.0,0.832,0.664
d222f79a6cec,94,24140.0,0.832,0.664
cd74c19f03a3,0,90000.0,0.832,0.664
8c6dce4ce773,23,24140.0,0.832,0.664
8465ff918419,0,25200.0,0.868,0.736
ad23627ae38c,100,24140.0,0.868,0.736
da492dc2e38f,36,,0.868,0.736
0275471f5c64,0,2140.0,0.868,0.736
6ad3f434bd0b,50,,0.868,0.736
a29c632c80e0,35,88900.0,0.868,0.736
7dbbad7e1a5b,2,,0.868,0.736
8f4154fd66c0,30,20900.0,0.868,0.736
8d6531eb8a98,21,27800.0,0.901,0.802
70e234938c0a,0,19600.0,0.901,0.802
7837d98d49e1,0,21800.0,0.901,0.802
21e6e3ff3547,0,17800.0,0.901,0.802
2f65f14eca67,50,17800.0,0.901,0.802
dcacca2917ba,0,17900.0,0.901,0.802
b7c8859f8738,69,13300.0,0.901,0.802
62e96d1a85e6,94,,0.901,0.802
bda8ddc711b7,0,21600.0,0.901,0.802
c4ca06948901,19,15700.0,0.901,0.802
17bc416ea05c,4,25900.0,0.901,0.802
245e1893ade0,0,22000.0,0.901,0.802
6204a3b52676,100,12200.0,0.901,0.802
76dc04c97f03,0,15100.0,0.901,0.802
3bf0d19ad761,0,,0.868,0.736
f7d7b6a74f09,0,35300.0,0.901,0.802
ca5283302751,29,16900.0,0.901,0.802
5d2c684d739b,0,,0.868,0.736
00c13069497a,0,,0.868,0.736
3210aea804b8,0,,0.868,0.736
8dcf01b88427,0,,0.868,0.736
e8957d53993c,0,,0.868,0.736
4c02268c5b98,10,15600.0,0.901,0.802
9698b3255808,3,13700.0,0.901,0.802
5939cd71eb62,0,42700.0,0.901,0.802
611ea2d1f75f,100,14800.0,0.901,0.802
d242a686e868,0,16300.0,0.901,0.802
cc3368e0dfa5,0,58200.0,0.901,0.802
e5648d8222a5,0,21400.0,0.901,0.802
2e2bd1cc5227,1,24140.0,0.832,0.664
4d58403daab2,87,24140.0,0.832,0.664
662440b7c00b,6,24140.0,0.901,0.802
b9afc9991aa3,65,24140.0,0.868,0.736
1f98ff9ec967,7,24140.0,0.901,0.802
efe8bbf5c91c,2,24140.0,0.901,0.802
72771953edaa,0,65900.0,0.901,0.802
fc36ec5f80bd,100,30520.0,0.901,0.802
73fda50edff7,0,24940.0,0.901,0.802
e388c589c84c,0,24940.0,0.901,0.802
3d342b3557f5,25,24140.0,0.901,0.802
09b4b207c5f6,0,24140.0,0.901,0.802
cb666cc67f45,0,24140.0,0.901,0.802
15939508472f,0,24140.0,0.901,0.802
698dc8a99336,0,51100.0,0.901,0.802
c3ef0c2f2672,99,6700.0,0.901,0.802
2d1d8ae9293e,0,16200.0,0.901,0.802
82859db89a9f,0,53100.0,0.901,0.802
e7b3582a7244,0,55000.0,0.901,0.802
f13b01e7c1ad,0,24140.0,0.901,0.802
438a621a006b,50,25600.0,0.935,0.869
34ec1b3eac47,41,24140.0,0.935,0.869
37ec958b4ab6,0,18900.0,0.935,0.869
3ca00ace51f8,14,78440.0,0.935,0.869
0e998c24aa9d,2,24140.0,0.935,0.869
e1adc316f208,100,56420.0,0.935,0.869
3934f0400748,0,24140.0,0.423,0.153
10e318e83953,0,24140.0,0.423,0.153
ae54265c7545,0,24140.0,0.423,0.153
242ebb8cc8ee,0,24140.0,0.423,0.153
483cad67c0de,0,24140.0,0.423,0.153
b62c32ac28af,0,24140.0,0.832,0.664
941ec628496f,0,24140.0,0.832,0.664
13d99a7a149a,0,24140.0,0.832,0.664
8bcccf9a5f4c,0,24140.0,0.832,0.664
219194abbbb0,0,24140.0,0.832,0.664
e2a6cb860c0b,14,,0.935,0.869
01661b06761f,0,33700.0,0.968,0.936
96218884eb2e,20,24140.0,0.968,0.936
f6386d676c3c,0,15000.0,0.901,0.802
a2c15a113832,0,29900.0,0.935,0.869
ec9526672a89,14,50900.0,0.121,0.759
a0a87bbb66a8,5,38000.0,0.121,0.759
27984f96c620,74,2400.0,0.968,0.936
0d23581109cb,0,17300.0,0.901,0.802
2d846448b46e,36,22500.0,0.001,0.998
01ad9d0003e2,0,17500.0,0.001,0.998
016ae6330448,84,24140.0,0.001,0.998
d12636a2d68c,99,45300.0,0.001,0.998
3598ce8c9ef8,0,24140.0,0.001,0.998
181443dbb498,0,16400.0,0.001,0.998
af54019a951e,0,18800.0,0.001,0.998
a262aa214a01,1,24140.0,0.001,0.998
630bfb3c5d7e,78,24140.0,0.001,0.998
6957f7402094,8,26300.0,0.001,0.998
d980790808b9,0,24600.0,0.001,0.998
4d37c324a87f,12,24140.0,0.001,0.998
d047e9804e60,0,54100.0,0.001,0.998
a97d994a3c97,2,24140.0,0.001,0.998
e1e520f56af8,4,13900.0,0.001,0.998
4dc495cefc87,0,24800.0,0.001,0.998
0faf10c47207,0,18300.0,0.001,0.998
8ce0c8c4e0c7,25,58920.0,0.001,0.998
639b3401d513,100,200.0,0.001,0.998
3f4779f19092,1,24140.0,0.001,0.998
05a243c7ed88,2,24140.0,0.001,0.998
b3314f7225bd,99,24140.0,0.001,0.998
42c58f37014b,23,,0.001,0.998
377a868d8efa,99,7940.0,0.001,0.998
08e35f799197,49,24140.0,0.001,0.998
ca89a4a9c30e,79,24140.0,0.001,0.998
e80d4b07a429,49,24140.0,0.001,0.998
9f6a9ce94e03,23,15180.0,0.001,0.998
615207253eb0,32,24140.0,0.001,0.998
5a74e6d6f64d,2,24140.0,0.001,0.998
8ad7bcc55f8c,16,,0.001,0.998
d65426396f7e,50,14880.0,0.001,0.998
b4c6b1610ce3,52,15220.0,0.001,0.998
efc074d12c99,12,24140.0,0.001,0.998
3426b1f09d06,66,24140.0,0.968,0.936
f65baeda6280,26,24140.0,0.832,0.664
aa7a107282e0,1,24140.0,0.001,0.998
b02c18063f9c,13,,0.001,0.998
0fed23fdf922,13,,0.001,0.998
b1c7df044010,87,24140.0,0.085,0.831
acc7d80c2471,90,24140.0,0.085,0.831
c46a124ca8a8,94,24140.0,0.085,0.831
2911e97eba0f,89,24140.0,0.085,0.831
4422bf83a968,0,23100.0,0.001,0.998
aa0724a62a4c,3,,0.035,0.931
5dd1116a0032,0,16800.0,0.035,0.931
5079da7066a5,0,13100.0,0.001,0.998
d80e11f3212c,7,24140.0,0.001,0.998
3aca0ad2f9f7,12,32500.0,0.121,0.759
84b784d7c3c8,6,30300.0,0.121,0.759
caa8422df887,20,24140.0,0.901,0.802
55696188c51f,0,27400.0,0.935,0.869
fcaf0e82f45a,100,200.0,0.001,0.998
691699f8ca80,0,35300.0,0.901,0.802
cfb046977778,2,20800.0,0.001,0.998
d6798c4a4a89,99,16700.0,0.832,0.664
849e999bcec4,0,17400.0,0.832,0.664
84a4ae038cbb,100,11080.0,0.096,0.809
f0be6f5c38a2,4,24140.0,0.832,0.664
ee3f67db1069,0,27700.0,0.901,0.802
2a9bc0089b6e,0,30500.0,0.001,0.998
3a5a03373e3d,0,,0.096,0.809
ca3a5c160845,98,14000.0,0.001,0.998
dda8943e9605,11,38720.0,0.157,0.686
80442fcea63e,54,69440.0,0.157,0.686
5eea272dadf4,99,24140.0,0.157,0.686
113af054b1ec,1,,0.157,0.686
84ab9fab4a9b,1,13120.0,0.157,0.686
bbcf214f2381,0,17780.0,0.157,0.686
874041ae9ee2,22,81420.0,0.157,0.686
b7ce8ad9edbb,36,21780.0,0.185,0.631
b482f5ca4220,0,20300.0,0.185,0.631
9c807e4ecb57,0,17700.0,0.185,0.631
e61c416b640d,0,24140.0,0.185,0.631
12615c1f2a44,0,21500.0,0.185,0.631
651d2013cefc,0,28200.0,0.185,0.631
734ebe459b2f,0,,0.157,0.686
81e7fa203f4c,0,27700.0,0.085,0.831
cf575b5bca4d,0,23800.0,0.215,0.57
d56da9bcf807,0,29200.0,0.215,0.57
00af0941a91c,44,35500.0,0.215,0.57
a05c90241a0e,0,17400.0,0.215,0.57
f7cde8782999,48,24140.0,0.215,0.57
2ae6c32d27f0,61,24140.0,0.215,0.57
c4b93f72ed3e,49,24140.0,0.215,0.57
cfcdc98d520f,61,24140.0,0.215,0.57
f595e4eb40b5,100,24140.0,0.215,0.57
3cde8e272c7d,0,18600.0,0.215,0.57
7bf9a8dc4fe9,97,24140.0,0.215,0.57
55220facb572,1,13200.0,0.215,0.57
ad1cdfa2b9bd,0,21000.0,0.215,0.57
b22e4672104d,4,16700.0,0.215,0.57
560a2e19e421,36,12800.0,0.215,0.57
df841d420b1f,17,300.0,0.065,0.87
8c3dab425df3,0,37400.0,0.215,0.57
4ccdc665828d,0,37400.0,0.215,0.57
78ed045faec7,91,24140.0,0.215,0.57
72b75c53bc49,0,28940.0,0.215,0.57
1589b44ca22b,100,24140.0,0.215,0.57
d18be1a7d5fb,0,24120.0,0.215,0.57
996afa46dc70,54,10320.0,0.215,0.57
548a7c26516e,84,21540.0,0.215,0.57
b366d09c4304,9,9460.0,0.215,0.57
7c04de96e02c,28,10400.0,0.215,0.57
000a6382e638,27,10500.0,0.215,0.57
f2f2f1de9ad2,0,19780.0,0.246,0.509
ce6b1c3b57d7,16,23100.0,0.215,0.57
27dfdad93644,2,11040.0,0.246,0.509
a1bc3a6f9492,50,40280.0,0.215,0.57
2e819f7a5520,4,11900.0,0.215,0.57
e6b20d1e38ec,83,13540.0,0.246,0.509
4a52abb487bd,84,6640.0,0.246,0.509
d7664a8aae2e,35,,0.246,0.509
b96fd79c7bdd,8,12680.0,0.215,0.57
8f73fae2ec68,8,4280.0,0.246,0.509
6e218e16edfc,9,21200.0,0.246,0.509
3e45fa674374,0,22300.0,0.246,0.509
54cb61d62494,17,10600.0,0.246,0.509
01f2039f011d,5,23100.0,0.246,0.509
d1a66c8fdf72,16,21760.0,0.246,0.509
5068b7bdf63b,0,12560.0,0.246,0.509
e0b78550c486,3,30900.0,0.246,0.509
9965078a65fa,98,18800.0,0.246,0.509
4c0338e3542b,7,23460.0,0.246,0.509
fc03553d6cf6,0,29900.0,0.246,0.509
1c57155e8fdd,97,13800.0,0.246,0.509
4c28fbbabc58,97,13800.0,0.246,0.509
9e88a5cfe619,0,18400.0,0.246,0.509
54ef0ae616bf,0,20200.0,0.246,0.509
eb204e23f2c1,5,28800.0,0.246,0.509
fe2a3aa03128,25,32300.0,0.246,0.509
464d8f5d4e50,0,22500.0,0.246,0.509
ea453c2fe852,99,18100.0,0.246,0.509
259c8f59fa89,0,26600.0,0.246,0.509
bb146c0722e5,23,15180.0,0.246,0.509
8f622c7cc18e,0,36600.0,0.246,0.509
6a78390a0597,0,20600.0,0.246,0.509
9de0007f4342,0,17000.0,0.246,0.509
1c8b32af3d43,0,33500.0,0.246,0.509
039e6f4c9489,4,21400.0,0.246,0.509
86fa4096f2d4,0,16100.0,0.246,0.509
d6436fcfa0fb,0,30400.0,0.246,0.509
792e953b7618,0,19600.0,0.246,0.509
a8216a701760,2,20100.0,0.246,0.509
980bc9884af5,5,24900.0,0.246,0.509
87d148386e38,0,19500.0,0.246,0.509
a0877d36fd65,0,36900.0,0.246,0.509
e170fb790f5a,65,24140.0,0.246,0.509
72c13664dd25,9,22600.0,0.246,0.509
50aacb53cc8d,55,14200.0,0.246,0.509
d3c31c0359e9,1,20100.0,0.246,0.509
f01ec63ca4fb,32,19800.0,0.246,0.509
8fad9af90fb7,0,18900.0,0.246,0.509
762b22ce820d,0,25700.0,0.246,0.509
3ffcfddeabea,0,19200.0,0.246,0.509
1306f42da22c,0,24140.0,0.215,0.57
fdb2ac30f3f5,3,25000.0,0.246,0.509
4d25b5b64e2b,0,16800.0,0.246,0.509
cf1a1a1f3d65,0,23400.0,0.246,0.509
7917cdb77fb0,98,28100.0,0.246,0.509
de9ce60c632a,4,19900.0,0.246,0.509
fd045f3db31d,4,19900.0,0.246,0.509
b7577dcd6bdb,4,19900.0,0.246,0.509
2f6bd7134372,4,19900.0,0.246,0.509
b16631d99eec,4,19900.0,0.246,0.509
64d807996108,0,29800.0,0.246,0.509
5f8b7dfa36e4,0,20000.0,0.246,0.509
a157b288ba9e,4,19900.0,0.246,0.509
93b92e06e9c7,4,19900.0,0.246,0.509
cd3db762e023,4,19900.0,0.246,0.509
40b0f732f807,3,26600.0,0.246,0.509
c80da8659dc1,0,21200.0,0.246,0.509
8614ee2ba7a4,3,23900.0,0.246,0.509
25469c902de4,27,22900.0,0.246,0.509
e1547f6f2900,0,20300.0,0.246,0.509
b8cdb584a43d,2,16200.0,0.246,0.509
9e4f13a4cb42,34,28100.0,0.246,0.509
b7d410da1674,0,13800.0,0.246,0.509
e41e30dea99f,1,19120.0,0.246,0.509
03a155972055,99,27000.0,0.246,0.509
d547d3d0d64e,0,15900.0,0.246,0.509
6997a3bc29be,0,24140.0,0.246,0.509
99f8ee4323ba,38,12200.0,0.246,0.509
c671badabec3,87,21500.0,0.246,0.509
e9324a074148,0,25100.0,0.246,0.509
ff69e2d2f094,1,24600.0,0.246,0.509
425b7b2be81b,63,28900.0,0.246,0.509
a5e0e2a8a639,0,19700.0,0.246,0.509
41a2f91f88fd,0,19100.0,0.246,0.509
db19ddc268c8,4,20700.0,0.246,0.509
2a9931c3f054,4,20700.0,0.246,0.509
5a8b98e2fc22,0,18300.0,0.246,0.509
0d12ce9e7079,4,14900.0,0.246,0.509
521e288f6ff7,0,14400.0,0.246,0.509
db1dfef785f2,3,45700.0,0.246,0.509
c9997e9006d8,0,24600.0,0.246,0.509
36bfd5894b4b,8,24140.0,0.246,0.509
1fb84f44178c,3,19100.0,0.246,0.509
3b5d284d0556,4,13800.0,0.246,0.509
1589567389e2,0,20000.0,0.246,0.509
10e0c7af3727,0,20100.0,0.246,0.509
f3cea6e4836b,0,23000.0,0.246,0.509
67938053d43d,0,27000.0,0.246,0.509
343e7febf2b9,0,19900.0,0.246,0.509
28721a7ce1a0,1,22400.0,0.246,0.509
25e422cfc061,2,19900.0,0.246,0.509
b917a82b60ad,26,24140.0,0.246,0.509
246e0fa0d2d7,0,20700.0,0.246,0.509
ae049b5f2e16,100,28500.0,0.246,0.509
dcada9b2365e,0,19000.0,0.246,0.509
d50857082480,0,18500.0,0.246,0.509
3673fda6a669,0,26400.0,0.246,0.509
45dc17da30a9,0,27240.0,0.246,0.509
3a70dcbc6ca5,2,19300.0,0.246,0.509
25815cc0f368,0,17000.0,0.246,0.509
7010ce4eac90,0,25100.0,0.246,0.509
8b4abffa0cad,1,28700.0,0.246,0.509
003f561af17c,9,14900.0,0.246,0.509
95c95b879770,20,31300.0,0.246,0.509
b3d4aa499a84,0,30400.0,0.246,0.509
7d81b8e3bc5c,0,18400.0,0.246,0.509
c3146c8e3917,42,24600.0,0.246,0.509
82a8ae06f9c6,4,15900.0,0.246,0.509
0ee82398df2e,0,16400.0,0.246,0.509
cef7dcacad6d,0,41800.0,0.246,0.509
b7331fbba5c0,3,17600.0,0.246,0.509
a449a971bbfe,0,38500.0,0.246,0.509
1aa79d4f0b0a,0,26400.0,0.246,0.509
567e9210a38a,0,22300.0,0.246,0.509
13d18521c40b,22,17200.0,0.246,0.509
43f9d0eb0af2,1,17300.0,0.246,0.509
2dcd67b98327,2,20100.0,0.246,0.509
955f693bf8fe,42,24400.0,0.246,0.509
1cd2ed75d713,4,16300.0,0.246,0.509
746c7cc42d81,0,24140.0,0.246,0.509
3662e1dd00f9,9,24140.0,0.246,0.509
eaa3297be3ac,92,24140.0,0.246,0.509
b09ff60b28f5,2,13400.0,0.246,0.509
d7ed7f42e6ad,0,56200.0,0.246,0.509
e9a0a78c4da7,0,20100.0,0.246,0.509
b2da56668372,0,16900.0,0.246,0.509
65649f43c141,0,19500.0,0.246,0.509
99392ec681ec,2,16500.0,0.246,0.509
6f51f0388ca2,2,16500.0,0.246,0.509
7bdab281a491,2,16500.0,0.246,0.509
f0abfa340f90,2,16500.0,0.246,0.509
fa644654c61b,2,16500.0,0.246,0.509
91d09b66909f,2,16500.0,0.246,0.509
ca2b17914ecb,3,32000.0,0.246,0.509
f8a6463971e3,0,19500.0,0.246,0.509
0a966184ecf8,50,29800.0,0.246,0.509
08834161a325,9,24140.0,0.246,0.509
f82814753600,46,57300.0,0.246,0.509
7f1434b23b4f,7,14500.0,0.246,0.509
924419ee6bd4,0,21900.0,0.246,0.509
1271f651e956,0,26200.0,0.246,0.509
954a18798b22,3,13000.0,0.246,0.509
8097e18bc3e5,17,24140.0,0.246,0.509
5474e3bb349d,11,24100.0,0.246,0.509
d66bd4806c37,0,34500.0,0.246,0.509
b5f987c7a82f,1,300.0,0.246,0.509
62a2ff46ae6d,51,21300.0,0.246,0.509
b628dc3200ad,0,62900.0,0.246,0.509
d27eb807f81e,1,16100.0,0.246,0.509
54b749370db8,1,17000.0,0.246,0.509
f8e1f628955c,6,14700.0,0.246,0.509
4548a09fef44,100,12700.0,0.246,0.509
644d05421dd1,0,22500.0,0.246,0.509
06d5d85f4e93,15,24140.0,0.246,0.509
4feb74b4741e,100,16560.0,0.246,0.509
e67ef93ca224,100,12700.0,0.246,0.509
d06da45f8f14,1,22400.0,0.246,0.509
5eb16a640e88,0,24140.0,0.246,0.509
37f4b294f5ea,0,23400.0,0.246,0.509
c0136bf124ec,10,24140.0,0.246,0.509
e6e10dd26874,1,63400.0,0.246,0.509
e15a5f4a054c,100,16560.0,0.246,0.509
b271abf3a4f3,62,24140.0,0.246,0.509
ebf135b49555,0,16900.0,0.246,0.509
0adaff0d8902,100,17600.0,0.246,0.509
e36dbf5faac1,0,22900.0,0.246,0.509
3dd19a71c22a,42,61300.0,0.246,0.509
bc143e7ec85f,50,17600.0,0.246,0.509
91006d4ef2fd,4,34400.0,0.246,0.509
a62831036714,3,18600.0,0.246,0.509
3feca123abd6,2,24140.0,0.246,0.509
3b9fe127f641,100,29800.0,0.246,0.509
7ba3f2ccca7e,3,23400.0,0.246,0.509
b5e562079623,0,17900.0,0.246,0.509
78a57af03503,15,24140.0,0.246,0.509
df8c0efbce07,99,29400.0,0.246,0.509
3b5c5759aa70,6,24140.0,0.246,0.509
facbb367105c,0,90000.0,0.246,0.509
40657c0cb8fb,6,24140.0,0.246,0.509
0aa1df5b9dd3,6,17100.0,0.246,0.509
53fdf63488a8,22,24140.0,0.246,0.509
bb24f27283dd,3,24140.0,0.246,0.509
4e12233efecf,0,17200.0,0.246,0.509
933c57c6f6e0,54,25100.0,0.246,0.509
64e63b5b51d6,0,24700.0,0.246,0.509
446a56881ee0,0,24700.0,0.246,0.509
283115becee5,16,24140.0,0.246,0.509
6dd9fc3434b1,0,16200.0,0.246,0.509
6afe9937b08a,25,24140.0,0.246,0.509
523c31ae90ea,0,22600.0,0.246,0.509
f1d221ded3e0,0,30100.0,0.246,0.509
5af6fc89e03a,8,24140.0,0.246,0.509
4b242e5a76d5,25,4940.0,0.085,0.831
54a5aa0ce338,0,24140.0,0.246,0.509
01c1445a3e22,25,4940.0,0.085,0.831
c61bdf91bd44,10,12220.0,0.215,0.57
dc7ec3875bf4,96,21220.0,0.246,0.509
d66d3745870f,3,25500.0,0.246,0.509
db92659b39f6,0,54200.0,0.246,0.509
96f537bbd4a3,0,20600.0,0.246,0.509
bbddde51ab05,1,15100.0,0.246,0.509
9cc0576b9a1c,7,21100.0,0.246,0.509
44c094c46a96,0,22000.0,0.246,0.509
402e030b37f0,92,14520.0,0.085,0.831
eb49873d2f8f,0,40800.0,0.215,0.57
ed3faf1c31d9,5,20400.0,0.246,0.509
c845fd728ee3,0,17220.0,0.246,0.509
506fc349b2fb,0,35100.0,0.246,0.509
c0506185e387,1,21600.0,0.246,0.509
9019a55e0708,0,14800.0,0.246,0.509
2aa7029ed2f1,8,23300.0,0.246,0.509
eff42bae10b5,0,25000.0,0.246,0.509
9e69b273809b,0,22800.0,0.246,0.509
4ac671db5ea4,1,15900.0,0.246,0.509
bc5fec1ee16d,1,17600.0,0.246,0.509
75f6f4748e40,0,17200.0,0.246,0.509
29becf5f6d10,1,22900.0,0.246,0.509
a6f028be0aa4,2,18100.0,0.246,0.509
3928720e564a,0,21700.0,0.246,0.509
9bb3dca820d7,100,19100.0,0.246,0.509
afa5b1ffcebc,82,23500.0,0.246,0.509
28770657e20d,0,25400.0,0.246,0.509
3613256a6ac9,16,25520.0,0.246,0.509
bf6e5c8a1a27,0,24600.0,0.276,0.448
47e7c8126e44,52,16200.0,0.215,0.57
e77a9428ed14,100,15100.0,0.246,0.509
8cde2c1577cd,2,17500.0,0.246,0.509
89f865be9b56,0,33880.0,0.246,0.509
51a8c86c8032,0,20700.0,0.246,0.509
222a4c630e81,100,16000.0,0.246,0.509
c6ca47dcbf1c,0,39200.0,0.246,0.509
34afdc2d146c,0,22800.0,0.246,0.509
eaf866e5f606,0,21900.0,0.246,0.509
d350035f1912,0,51900.0,0.246,0.509
d6136093b383,0,15600.0,0.246,0.509
3eb584bb94d2,0,26700.0,0.246,0.509
f6e3cefffa80,0,24140.0,0.246,0.509
701fbae28727,0,24140.0,0.246,0.509
fc85c95dc79b,12,27000.0,0.246,0.509
51bb7435b4bd,3,72760.0,0.246,0.509
ab72a5e1dbee,0,19900.0,0.246,0.509
dfa3424e8179,0,24140.0,0.246,0.509
ca09bed5b51b,0,18400.0,0.246,0.509
98c758eeb2ec,100,18900.0,0.246,0.509
944bdb28443e,0,28400.0,0.246,0.509
9f0ccfac90fd,0,27700.0,0.246,0.509
296f9cb6653f,0,20900.0,0.246,0.509
b2cf023437c1,49,20200.0,0.246,0.509
bae24cbe5003,100,22460.0,0.246,0.509
88d244d31294,0,21200.0,0.246,0.509
423f6b270d48,3,18600.0,0.246,0.509
5aff3aa31010,0,66300.0,0.246,0.509
bc53c5358902,13,56400.0,0.246,0.509
1bf73c20f2af,0,23400.0,0.276,0.448
2b8d8a7760d2,0,24580.0,0.246,0.509
aecbf8973ac7,1,13500.0,0.246,0.509
c82abbf8b4f4,64,66840.0,0.246,0.509
13afc5a34a79,9,12900.0,0.246,0.509
c8644f2c71b2,0,19600.0,0.246,0.509
2cf25673c0b5,3,17100.0,0.246,0.509
8c90cd7186d5,67,15900.0,0.246,0.509
2ce5671bd057,0,28700.0,0.246,0.509
97c66ee99ccb,9,,0.246,0.509
1fb396463d2f,1,19800.0,0.246,0.509
a4b07acb3bd9,0,22100.0,0.246,0.509
ea620a077880,94,24140.0,0.246,0.509
44f5374b75e8,0,18300.0,0.246,0.509
9a73ce794651,100,16800.0,0.246,0.509
1840866738e4,4,22000.0,0.246,0.509
d2ed6c2a8ee1,0,35300.0,0.246,0.509
ba7afa6498a4,0,22200.0,0.246,0.509
727dbb00d4c0,0,26600.0,0.246,0.509
8e3afadbf0e8,38,,0.246,0.509
615ad41e9468,3,16800.0,0.246,0.509
4f8cc2550c33,0,21020.0,0.246,0.509
8502114ea04e,100,24140.0,0.215,0.57
bf0b92823bff,0,24140.0,0.246,0.509
6be3fa8c2d4f,0,69040.0,0.246,0.509
83995851aacf,0,22800.0,0.246,0.509
689803706563,2,18900.0,0.246,0.509
a307fc61c9d8,0,77020.0,0.246,0.509
f598ebbe0ba2,76,,0.246,0.509
35d7be8597da,0,36800.0,0.215,0.57
b19f20e655ac,0,17700.0,0.246,0.509
0c5b50757ac0,25,,0.215,0.57
8e5ac2d903c1,5,58180.0,0.246,0.509
894f6dd89331,0,41000.0,0.246,0.509
52e89cfae3e8,0,72000.0,0.246,0.509
a52402e06a32,2,14400.0,0.246,0.509
c1715046f338,100,6560.0,0.246,0.509
6fec10ede92e,0,42900.0,0.121,0.759
bd9eb1cf802a,62,39000.0,0.246,0.509
40705472f709,2,14400.0,0.246,0.509
1d0f0137e319,0,20960.0,0.246,0.509
f8a76f47b40e,5,15380.0,0.246,0.509
240c31028acc,0,24140.0,0.246,0.509
bde894b8269d,4,15300.0,0.246,0.509
3fd53fed1d33,0,22000.0,0.246,0.509
e33a745f4187,24,29200.0,0.246,0.509
9e3b802dde20,0,53000.0,0.246,0.509
faa2e9f8e58e,69,8480.0,0.246,0.509
6d30b022fef3,0,24140.0,0.246,0.509
3c12aa0281b2,25,18500.0,0.246,0.509
b8fa5e199945,16,5960.0,0.246,0.509
9a3b8192b821,0,20640.0,0.246,0.509
ba413205ba86,97,19100.0,0.246,0.509
1e7f121e4a5d,67,18600.0,0.246,0.509
e58f57fbeaa1,0,27300.0,0.246,0.509
3357a218abf5,48,23260.0,0.246,0.509
453548c42630,0,47900.0,0.246,0.509
ec5842b430c4,1,22400.0,0.246,0.509
3114d2287074,0,65240.0,0.246,0.509
96b2c778f7f7,27,23520.0,0.246,0.509
e39898cd7270,10,31120.0,0.246,0.509
3a67bfe1120c,66,7820.0,0.246,0.509
46c3e8fcce3b,5,,0.246,0.509
205ec33a1200,0,12760.0,0.246,0.509
7fb0207671e9,0,,0.246,0.509
f18bd10755c3,13,24100.0,0.246,0.509
009f16fd4dbc,0,20020.0,0.246,0.509
f6b12f09eeba,5,25300.0,0.246,0.509
8328b7769021,0,19500.0,0.001,0.998
f79a3d9ababc,0,24900.0,0.246,0.509
3ad158e40a71,0,28300.0,0.246,0.509
dd2f24830995,4,19720.0,0.246,0.509
51e12f286727,94,7760.0,0.246,0.509
4fb26d7c6752,2,16860.0,0.246,0.509
ff17d714cb62,70,6940.0,0.246,0.509
b897ac9c892b,55,21780.0,0.246,0.509
c66aae7c0072,26,12920.0,0.246,0.509
2908d332a729,100,9640.0,0.246,0.509
b60e168633d5,100,9640.0,0.246,0.509
57ab4c357657,80,9120.0,0.246,0.509
83fcaaf6ace8,91,18640.0,0.246,0.509
e71dc9bd46c7,31,13900.0,0.246,0.509
cc1cdf5b23c4,68,17840.0,0.246,0.509
9f24fadbe947,0,19800.0,0.246,0.509
0f96c6b6496f,8,23400.0,0.246,0.509
bcc2fe9b2e5c,0,29100.0,0.246,0.509
2e8911cf54ad,0,24140.0,0.246,0.509
79c61183f467,78,64420.0,0.246,0.509
1db93e9a1239,65,6360.0,0.246,0.509
0ca757dfc850,0,,0.246,0.509
2ac5487f988e,100,12200.0,0.246,0.509
345df936e23c,92,32240.0,0.246,0.509
d5c1a6f3d944,9,18960.0,0.246,0.509
514938839767,83,3920.0,0.246,0.509
88f8aeaa92e6,2,,0.246,0.509
caa6f1a110d6,4,8400.0,0.246,0.509
ee5e9085717a,15,25140.0,0.246,0.509
5999a8d05a1b,0,17400.0,0.246,0.509
3d9990420ef0,84,27580.0,0.246,0.509
6cb5bbe88b0b,76,25820.0,0.246,0.509
dce9966a03d7,10,21240.0,0.246,0.509
f6fdc77b4fab,0,31200.0,0.246,0.509
ae0e61166444,0,24800.0,0.246,0.509
d6639b4be23b,92,25260.0,0.246,0.509
97a1804d5409,9,37300.0,0.246,0.509
f7452d7f1185,52,40500.0,0.215,0.57
a5fee9ee7a7d,0,17080.0,0.246,0.509
476b33dc0fa3,0,32040.0,0.246,0.509
3a22bc37626c,0,24140.0,0.246,0.509
953a4af39c7c,68,21820.0,0.246,0.509
39a97a29c264,0,17000.0,0.246,0.509
26de4837b8fe,0,22100.0,0.246,0.509
ea87dee2a4c5,48,17420.0,0.246,0.509
34098ddf2b5c,10,19260.0,0.246,0.509
6ffeca2238e5,100,,0.276,0.448
7c4216daddcb,100,26780.0,0.246,0.509
75fb4c20df03,0,3680.0,0.246,0.509
6af8aed9c8b9,74,3880.0,0.246,0.509
e6494fc94d14,0,17280.0,0.246,0.509
53071aed67e5,75,,0.246,0.509
7bb8dc147fab,0,26060.0,0.246,0.509
0b0e029be887,91,11160.0,0.246,0.509
c5e7a9fcd2c0,78,,0.246,0.509
29f80cf9b954,0,21400.0,0.246,0.509
1f6bc6f1498e,0,19900.0,0.246,0.509
bb53b820d758,9,41200.0,0.246,0.509
72cceac60fe4,100,12040.0,0.246,0.509
b357827f61b1,95,28180.0,0.246,0.509
319d8d1a60bb,31,15840.0,0.246,0.509
f39373a87892,0,20000.0,0.246,0.509
26227935254a,85,8980.0,0.246,0.509
50b64d0285d7,9,48320.0,0.246,0.509
19537278e991,97,19540.0,0.246,0.509
0067a47933ae,75,27480.0,0.246,0.509
81d4a5f9d54d,15,25220.0,0.246,0.509
4a3cbbfd9f79,0,36900.0,0.246,0.509
d89111ef153f,0,24520.0,0.246,0.509
3ec8b70f260e,14,24880.0,0.246,0.509
924539a44224,64,5940.0,0.246,0.509
1cdb321c7f54,0,,0.246,0.509
816997290ad9,23,13760.0,0.246,0.509
98a8bf81a7aa,36,16940.0,0.246,0.509
62037cacbc7d,50,,0.246,0.509
fcf36aa63b7d,91,26360.0,0.246,0.509
7a96d9de77ca,1,19200.0,0.246,0.509
0b7cf51c2a52,85,19520.0,0.246,0.509
0d276f3f5d67,0,24000.0,0.246,0.509
6254d06f4f2b,80,17000.0,0.246,0.509
5cb1d494697e,0,,0.246,0.509
c84e320888b0,22,17000.0,0.246,0.509
2e41657e5f30,81,6040.0,0.246,0.509
af20b7f59b0e,95,23040.0,0.246,0.509
e07c69174db6,12,24200.0,0.246,0.509
c958674c6f1d,38,34660.0,0.246,0.509
6dcdcd1fcb65,18,25100.0,0.246,0.509
b03cd6ee7031,90,11760.0,0.246,0.509
d37a8a689949,0,65540.0,0.246,0.509
525313f09b4a,91,17760.0,0.246,0.509
df2d648fd0be,46,24300.0,0.246,0.509
e4a3b8f06b36,70,16620.0,0.246,0.509
1ae198a2d138,35,16440.0,0.246,0.509
524674e4ed86,21,33860.0,0.246,0.509
8adae1f9166e,32,13460.0,0.246,0.509
26d3d04025ba,61,25180.0,0.246,0.509
b761458188c0,2,,0.246,0.509
fd40411dd482,58,1760.0,0.246,0.509
2d8219c4118d,0,25360.0,0.246,0.509
f7f7b372be85,87,17800.0,0.246,0.509
b488923cf8ad,8,2700.0,0.246,0.509
21bea52cee3c,16,16140.0,0.246,0.509
fa451c3431b5,80,9120.0,0.246,0.509
d6564d59c3ed,56,37320.0,0.246,0.509
6874c8691f71,5,14560.0,0.246,0.509
aa67868dc667,94,15980.0,0.246,0.509
126dd284871c,6,18800.0,0.246,0.509
fd26706d39b6,2,13500.0,0.246,0.509
eeaa1d430929,76,27160.0,0.246,0.509
6dc5b45858b0,47,37360.0,0.246,0.509
3df635c1a498,5,15100.0,0.246,0.509
a1df9411e23e,5,15100.0,0.246,0.509
a2bd8813c71b,80,27640.0,0.246,0.509
0da69ccbc91b,6,15960.0,0.246,0.509
62470f7b0cf6,100,26560.0,0.246,0.509
6406c93821c0,91,9260.0,0.246,0.509
d522e3542f47,0,16640.0,0.246,0.509
f187cf3eb34a,0,24860.0,0.246,0.509
787e18a53d37,0,63500.0,0.246,0.509
a8b304f7a184,27,3680.0,0.246,0.509
a0527e1fe1f4,0,40400.0,0.246,0.509
79f847fd8706,94,25380.0,0.246,0.509
2e4db6006fff,34,12200.0,0.246,0.509
917b5e748ddb,0,16620.0,0.246,0.509
d45d78318611,4,11800.0,0.246,0.509
d8d319823128,2,,0.246,0.509
7c470e7652e2,3,30900.0,0.246,0.509
01068475d2ce,81,12440.0,0.246,0.509
c8d4aac756ed,0,14520.0,0.246,0.509
d1af931e3cfd,2,17020.0,0.246,0.509
4274f2853ae3,0,9680.0,0.246,0.509
c7669b287167,28,24680.0,0.246,0.509
de11b11cf90c,0,23260.0,0.246,0.509
41186469ba77,0,48160.0,0.246,0.509
33c3962ae333,0,26500.0,0.246,0.509
1c956f539930,38,,0.246,0.509
cb670cedc1f8,0,39700.0,0.246,0.509
8fa216334d37,0,81200.0,0.246,0.509
82ffc377601f,94,19040.0,0.246,0.509
d9f6edb49946,0,14600.0,0.246,0.509
dbd0e16ddd49,94,17020.0,0.246,0.509
5ffcf7bd82ae,0,54400.0,0.246,0.509
f7c419fdf30c,0,38380.0,0.276,0.448
461cedcba3d8,77,29800.0,0.276,0.448
eca9a1573811,65,25460.0,0.276,0.448
c7fc0571a35d,41,37820.0,0.276,0.448
e628994cb192,99,17460.0,0.246,0.509
2c4da622c0a2,4,16200.0,0.246,0.509
5299146d4604,38,13280.0,0.276,0.448
9389ce80d5d6,59,26660.0,0.246,0.509
f5c35375b916,28,76860.0,0.246,0.509
27f6faa29307,0,,0.246,0.509
1d14c2c81ab2,26,14020.0,0.276,0.448
89312f02b642,97,21000.0,0.276,0.448
71a352c2cef3,59,26660.0,0.246,0.509
0394ddb8e490,1,13780.0,0.276,0.448
49619030addb,44,8420.0,0.276,0.448
61c5aabfd058,13,61300.0,0.276,0.448
12587d81db5c,0,17500.0,0.276,0.448
482fbfcae548,88,34180.0,0.246,0.509
0165c2d8c83c,51,19420.0,0.276,0.448
1e0dfd21995a,0,13400.0,0.246,0.509
97e21dd3ef23,0,14300.0,0.246,0.509
05c8621c354c,2,,0.246,0.509
51b6ff857bec,77,24420.0,0.276,0.448
70c012c5d193,87,16900.0,0.276,0.448
4ab5eacacc87,92,14600.0,0.276,0.448
299175a18a53,99,29980.0,0.246,0.509
d48ef28fe9f1,0,21900.0,0.276,0.448
dd5d56e255ae,1,15500.0,0.246,0.509
e629e238f6a1,0,34900.0,0.246,0.509
406f2f8ad0b4,0,17400.0,0.246,0.509
7bd5c411a3e0,2,41400.0,0.276,0.448
dc0313b25580,0,23800.0,0.246,0.509
785038234378,1,18000.0,0.246,0.509
b26dc4a47354,2,18400.0,0.246,0.509
85e2f8548643,51,24140.0,0.246,0.509
33c5943fba7a,0,28400.0,0.276,0.448
64b798b60451,0,18600.0,0.246,0.509
9e8989f0bb76,36,21400.0,0.276,0.448
c8e4a2e1b95b,0,21800.0,0.246,0.509
5633e16f9891,84,43240.0,0.276,0.448
a55a485cda98,2,22700.0,0.276,0.448
fc62a5146ef4,0,24000.0,0.246,0.509
21cb2a4b88c8,2,14900.0,0.246,0.509
20f3ab644ab6,0,23600.0,0.246,0.509
7aba036a1ef3,0,24100.0,0.246,0.509
0369fc36ff52,0,17900.0,0.246,0.509
98c7d70a98a8,59,24140.0,0.246,0.509
5fd791339597,27,24140.0,0.246,0.509
83ba388144a5,51,17500.0,0.246,0.509
a1c67c9ad52e,0,16800.0,0.276,0.448
7ddf61c863fc,0,24400.0,0.246,0.509
6152119da6e1,0,24200.0,0.246,0.509
06ba5c851eb3,1,17700.0,0.276,0.448
4dc9dd4daba1,0,27400.0,0.276,0.448
493d04151d41,1,18100.0,0.276,0.448
1b2de1cac945,0,26900.0,0.276,0.448
86f5d788201b,27,17680.0,0.276,0.448
181c5b1caa25,0,15500.0,0.246,0.509
7919c77f4a81,1,26000.0,0.276,0.448
6022ef1a0ed5,0,25300.0,0.246,0.509
edb2676111f4,0,17800.0,0.276,0.448
431e4fff3c85,0,1100.0,0.276,0.448
85bd35f0a1d4,59,15040.0,0.276,0.448
86d2b2f5f181,0,36800.0,0.246,0.509
0a53676b799c,0,19100.0,0.246,0.509
3ec01f606f20,38,12400.0,0.246,0.509
edfae5ca51f0,0,18600.0,0.246,0.509
5572c19695ef,0,79600.0,0.246,0.509
c7ac116dd32b,0,23500.0,0.276,0.448
8e39d9d3c340,0,25200.0,0.276,0.448
6c35b96b8f42,93,15400.0,0.276,0.448
df01b87f6577,0,20300.0,0.276,0.448
6aead57ecebf,0,20100.0,0.276,0.448
af82267e34c1,100,200.0,0.246,0.509
24d5ac521f2e,0,49600.0,0.276,0.448
62711e26854c,0,30200.0,0.276,0.448
50f6ce8bff37,0,47700.0,0.276,0.448
d8006492b23c,5,15300.0,0.276,0.448
4d22765a2b59,0,25500.0,0.215,0.57
db1b69ce91ae,0,21200.0,0.276,0.448
5441fd26da2d,1,,0.246,0.509
74ebbddfe882,0,17460.0,0.246,0.509
f2f70c730eff,78,,0.246,0.509
bb1fd8337ec2,78,,0.246,0.509
7a30e48c5539,0,20800.0,0.276,0.448
de0a9910af16,1,51020.0,0.276,0.448
956af24a12c9,0,12000.0,0.246,0.509
a52f0b554b73,0,43400.0,0.276,0.448
346112cbc67c,81,24140.0,0.246,0.509
5c10a2b6e2db,10,9060.0,0.246,0.509
dbcde2398960,59,7220.0,0.215,0.57
aac38a2274e1,0,56300.0,0.276,0.448
e6b5498c62cf,0,15020.0,0.246,0.509
1512b339d7a5,96,27940.0,0.246,0.509
a7b8327444d3,9,54600.0,0.246,0.509
28e20607b07e,80,18260.0,0.246,0.509
eab9dee313d3,0,43560.0,0.246,0.509
2275a4bd05e4,2,20320.0,0.246,0.509
e7bd2af7f170,0,20480.0,0.246,0.509
01e1394ed64c,58,12960.0,0.246,0.509
6727734c4a49,100,24140.0,0.215,0.57
74ae2ef8ece5,24,17200.0,0.276,0.448
777215784535,35,13320.0,0.246,0.509
2351425a8fed,57,16920.0,0.246,0.509
aec980332095,2,21600.0,0.246,0.509
b2f9196eeb9e,2,50920.0,0.246,0.509
2354a6f249b9,9,13200.0,0.276,0.448
0de20b31d255,89,12200.0,0.246,0.509
a19169112be2,14,75180.0,0.276,0.448
79a5e4345fa6,0,24140.0,0.246,0.509
612f8f9b7e10,6,17300.0,0.246,0.509
6bbb6bf5de91,1,22400.0,0.246,0.509
29756b430d33,5,16500.0,0.246,0.509
ba58fb7b11b3,5,16500.0,0.246,0.509
ce4c7785c60c,1,20300.0,0.246,0.509
5aecd2bfba8b,0,17500.0,0.276,0.448
d4b7f487d670,37,5880.0,0.246,0.509
349138d67f11,86,8440.0,0.276,0.448
5febbdcaba8d,73,56580.0,0.276,0.448
d7cbd6f32251,78,40440.0,0.276,0.448
9132c6a5b736,0,24900.0,0.246,0.509
5272b5bdd7ac,4,17200.0,0.276,0.448
e46321816c02,94,,0.276,0.448
fd3b45e4b73b,0,20900.0,0.246,0.509
d896cc2819de,2,,0.276,0.448
819fcee7711b,92,7220.0,0.276,0.448
cdf4120d2048,0,22100.0,0.246,0.509
433ba557fbe5,37,8340.0,0.246,0.509
147cf434e8ae,0,42300.0,0.121,0.759
5a1a667489f1,15,24140.0,0.085,0.831
d209efe7977c,0,33500.0,0.246,0.509
967d21cec8ad,2,17500.0,0.246,0.509
daba6785bdf1,89,33720.0,0.276,0.448
82e1136710ec,2,14300.0,0.246,0.509
d5da4573ea1b,0,22000.0,0.246,0.509
e21de741de71,0,33700.0,0.121,0.759
2b3f7238edcb,1,20000.0,0.246,0.509
296b70972ff7,98,17980.0,0.31,0.381
72bc8fe21078,0,32400.0,0.246,0.509
b904d755674d,0,28300.0,0.246,0.509
fab486aabac1,98,15500.0,0.31,0.381
c890f95c5b24,100,19660.0,0.31,0.381
5bd32191ee76,0,17600.0,0.246,0.509
68a1ae6c4add,4,16700.0,0.215,0.57
86dce07c1b71,0,19800.0,0.246,0.509
1e3a7c910ce5,0,17900.0,0.246,0.509
754c7b8f6ee1,1,25100.0,0.31,0.381
6b5050a4a72a,5,25700.0,0.246,0.509
5107d9ee49f7,11,26600.0,0.246,0.509
118e80e08500,1,74520.0,0.246,0.509
beb9a555ae1e,15,16200.0,0.31,0.381
9450edad47e5,42,17900.0,0.31,0.381
dfe3cf81eba3,0,24140.0,0.001,0.998
6772addbbdab,2,17600.0,0.246,0.509
137b9977cf28,47,24140.0,0.246,0.509
5d436e157c9f,0,16200.0,0.246,0.509
cb67197a7d75,12,16620.0,0.246,0.509
502d8b6b6be2,0,41580.0,0.276,0.448
5b486ddc0ff3,0,55940.0,0.246,0.509
b5427a5ee56d,0,24400.0,0.246,0.509
e94b8a9adac5,0,45300.0,0.246,0.509
aecb952f324c,20,16200.0,0.246,0.509
19e1d1437b62,2,24140.0,0.31,0.381
14b60155fb73,2,14100.0,0.246,0.509
5dadb78cc846,1,15700.0,0.276,0.448
003d85a843cc,0,90000.0,0.121,0.759
21618382cc97,0,20900.0,0.246,0.509
170624e4b9f4,14,24140.0,0.246,0.509
72056ceab3a4,97,3900.0,0.31,0.381
1ea76cf06534,0,19700.0,0.31,0.381
de58bb577d04,8,24140.0,0.246,0.509
5ca87ee637da,8,24140.0,0.246,0.509
f0902fe71a51,8,24140.0,0.246,0.509
58cd9427bf3f,0,22200.0,0.246,0.509
0dabbfd11641,0,18400.0,0.246,0.509
8fb5bc593a1c,0,21400.0,0.343,0.314
8c7dfd886e40,17,13900.0,0.246,0.509
564bde1734e6,4,14600.0,0.343,0.314
07704332fae5,0,23200.0,0.246,0.509
2ed016af1cac,4,24140.0,0.246,0.509
50b2f80bceb6,1,24140.0,0.246,0.509
6ad153d0983f,3,24140.0,0.246,0.509
743672649f04,0,22480.0,0.246,0.509
e9eb356c265d,0,16900.0,0.343,0.314
ee2f4ca9f0ca,0,18000.0,0.343,0.314
f5f6b8a48b8f,2,13300.0,0.343,0.314
40de3433e888,33,24140.0,0.121,0.759
357f46277f1a,89,,0.343,0.314
9f42b095403c,100,10800.0,0.343,0.314
7cc11cfa2840,0,20700.0,0.246,0.509
eaf4293383a7,47,20300.0,0.246,0.509
eb21d4580e0b,1,20000.0,0.246,0.509
017abb228d8d,8,19980.0,0.121,0.759
3b9a07a47c52,0,5160.0,0.085,0.831
4ac27bffe804,75,15320.0,0.246,0.509
488b0f6d3185,19,24140.0,0.246,0.509
08fd3e991ef4,0,24140.0,0.246,0.509
4a42f767459a,0,20300.0,0.246,0.509
08fb2196da8e,16,35540.0,0.246,0.509
295b1157e308,67,24620.0,0.246,0.509
f1246016fe3e,0,27000.0,0.246,0.509
84f0230e93f2,0,27000.0,0.246,0.509
2b51a28e3374,0,27000.0,0.246,0.509
46255cd2d7c5,0,18100.0,0.246,0.509
06e9a8c2dea6,1,16400.0,0.246,0.509
f2a5ca9833fa,8,23400.0,0.246,0.509
8e6b1e16c1a7,9,15600.0,0.376,0.248
b64fbae653f5,0,59500.0,0.187,0.625
9036dc19d258,1,24140.0,0.246,0.509
91ee12ef0b70,0,76300.0,0.376,0.248
ee0b1fede854,18,19500.0,0.376,0.248
133bba303707,9,32880.0,0.215,0.57
8661b74232b2,12,,0.246,0.509
43a6e07c5b00,49,45400.0,0.246,0.509
94487265b897,22,38300.0,0.121,0.759
349b67c28c43,2,27300.0,0.246,0.509
7f937a83bfb2,0,16000.0,0.246,0.509
48f186355435,0,20100.0,0.412,0.175
49332d39b77d,50,16200.0,0.412,0.175
680f66cb2d52,0,56600.0,0.412,0.175
ce2441cd1449,1,14800.0,0.412,0.175
34618c595647,0,25600.0,0.412,0.175
c309f3cbcd6b,100,40.0,0.215,0.57
ca553e3802eb,100,14200.0,0.412,0.175
c6b3e2ab0537,0,42300.0,0.154,0.692
4b23b6cc5ec6,12,24140.0,0.412,0.175
4cbc25e2740d,0,6020.0,0.412,0.175
c62b5aeca3df,10,,0.412,0.175
312f2275bb7c,100,8380.0,0.412,0.175
ad29ac230b4c,3,,0.412,0.175
d2247aa3a01c,87,4420.0,0.412,0.175
f7d6385513ab,85,18120.0,0.412,0.175
078231d1c37a,0,45400.0,0.412,0.175
fd242c7cb8d8,15,12200.0,0.412,0.175
99f97feb7e73,0,17500.0,0.246,0.509
1a7afb828531,6,12200.0,0.448,0.103
19c15c21b9d0,8,,0.412,0.175
f56f0a4a3882,9,,0.412,0.175
8515b26a0979,8,24140.0,0.121,0.759
4c8f2ffe27bf,63,20200.0,0.448,0.103
4287a1967e6d,0,24980.0,0.246,0.509
fdcf63d830e2,0,24980.0,0.246,0.509
ea20004453e8,0,17100.0,0.14,0.72
0ffe87873947,0,16100.0,0.14,0.72
8490897239c1,0,16100.0,0.14,0.72
5364035a9d4f,0,16200.0,0.14,0.72
cf24c1cdfab0,0,24140.0,0.487,0.025
acb7432803f3,60,24140.0,0.487,0.025
feee35a7cae4,89,7420.0,0.487,0.025
9527cc47ab98,1,24220.0,0.526,0.052
06eadcd17f88,0,24140.0,0.246,0.509
e9c6fd107316,1,24140.0,0.565,0.13
a8f0b9d9d4e0,6,50820.0,0.565,0.13
8fbbe538e169,0,30000.0,0.64,0.28
14772a193430,53,,0.246,0.509
cf869ea9bd61,53,,0.246,0.509
74f57cc56f23,53,,0.246,0.509
dca613e729d3,2,17500.0,0.376,0.248
43845a712b3a,0,47000.0,0.246,0.509
398a822305a9,0,50000.0,0.751,0.502
a6b55645b064,100,24140.0,0.751,0.502
12fb1dc954ad,0,24140.0,0.751,0.502
684e59b10889,35,,0.787,0.575
dcb1fee3e255,0,26400.0,0.246,0.509
b3b9c073152b,0,23600.0,0.246,0.509
b9a6052cecda,0,23700.0,0.246,0.509
4a25f9025242,63,12980.0,0.823,0.647
dc0ce671effa,0,30500.0,0.823,0.647
daf5077e3c63,3,29520.0,0.823,0.647
5e3d55c5df24,84,16120.0,0.823,0.647
0e39a166d69c,0,32300.0,0.823,0.647
ddea3aed3425,0,16300.0,0.823,0.647
1f44191d5408,29,24140.0,0.823,0.647
abb4e0ccb227,29,24140.0,0.823,0.647
55873d2de23d,0,47600.0,0.823,0.647
6a09fae33de2,0,28100.0,0.823,0.647
0a71f87809f4,1,15100.0,0.823,0.647
8c89bdf83408,29,24140.0,0.823,0.647
c2962009a729,100,13200.0,0.823,0.647
838048ea4a59,0,19300.0,0.823,0.647
caff58cb3662,100,23900.0,0.823,0.647
dfa1aa589848,0,63500.0,0.823,0.647
e12c014a6519,0,32200.0,0.823,0.647
43f1fe521a24,40,21600.0,0.823,0.647
6e2618eedb22,0,48300.0,0.823,0.647
f92ae2604a3c,3,25100.0,0.823,0.647
69c1e9c2aa4d,0,21400.0,0.823,0.647
e28ab6982eca,0,35300.0,0.823,0.647
78e22a5948a1,0,16100.0,0.823,0.647
dfebb1ddfb27,3,33000.0,0.823,0.647
82e5d457f2b3,0,19700.0,0.823,0.647
7544ae9f3b4e,0,29100.0,0.823,0.647
1a16f77b4233,100,23000.0,0.823,0.647
2091006b9c8d,0,40100.0,0.823,0.647
ffd62b3b56e4,0,20100.0,0.823,0.647
ecf77de31d53,2,17900.0,0.823,0.647
a1a80ae3c998,17,29200.0,0.823,0.647
106f9317716c,100,18100.0,0.823,0.647
890d295cf04f,0,56700.0,0.823,0.647
8aee41fc5df7,0,19800.0,0.823,0.647
60995ba7b142,0,22800.0,0.823,0.647
4a90410464d5,0,45500.0,0.823,0.647
35b1267b0f3a,62,46400.0,0.823,0.647
e510be84fd14,0,53900.0,0.823,0.647
07c04b6c526c,0,50200.0,0.823,0.647
3263e4df1f6d,0,17500.0,0.823,0.647
1e33d2a341e5,7,18800.0,0.823,0.647
1cf8d99868aa,0,22400.0,0.823,0.647
bdd430b6e29a,19,19700.0,0.823,0.647
461300a4f930,0,8580.0,0.823,0.647
50d812688cf8,2,28800.0,0.823,0.647
163e67617585,37,65320.0,0.823,0.647
249434e35ece,100,15100.0,0.857,0.714
c7591d17e340,13,23600.0,0.857,0.714
9c2a7e2a9a99,96,40.0,0.823,0.647
034d0690b7cc,100,19300.0,0.857,0.714
65ebd81f1c90,0,26700.0,0.857,0.714
5251befaa839,0,57200.0,0.823,0.647
89fd562bcf74,0,23900.0,0.121,0.759
ff6bdc9cb7aa,0,20200.0,0.823,0.647
0a1f60107123,96,17300.0,0.823,0.647
0d24353fddb0,100,24140.0,0.887,0.775
7aa5bcc1f9d9,6,,0.887,0.775
b619b5deee7f,7,,0.887,0.775
7060f02ac1c7,0,,0.887,0.775
ef6e43980fd2,65,,0.887,0.775
ad4b1ccba962,2,,0.887,0.775
50cda4f071a9,100,9160.0,0.887,0.775
1176f999c044,100,16080.0,0.887,0.775
d49201cc5ca4,73,10260.0,0.887,0.775
ca5e57d756ec,0,,0.887,0.775
355e97477142,0,,0.887,0.775
720f319748c3,98,20720.0,0.887,0.775
6fdc59156357,80,21100.0,0.887,0.775
128a64798964,1,16600.0,0.823,0.647
11c6057ffbf4,1,16600.0,0.823,0.647
2ed2ce3cd7b2,3,3500.0,0.887,0.775
de2234d8a635,100,12360.0,0.887,0.775
adcb36390207,6,25740.0,0.887,0.775
f814e6c046d9,12,4900.0,0.887,0.775
bd6ba924852f,0,15540.0,0.887,0.775
5bd491a13161,92,15040.0,0.887,0.775
23a30ec44648,9,9280.0,0.921,0.841
bcab55324237,5,32900.0,0.921,0.841
3d1fa138ec02,2,16700.0,0.921,0.841
ccf1550dbd87,6,43000.0,0.823,0.647
7c2db53dee1d,0,25300.0,0.921,0.841
ef513849e36c,0,21700.0,0.921,0.841
743ebfed0164,0,28800.0,0.921,0.841
32b3ca38a748,0,29900.0,0.921,0.841
83b810147381,0,22200.0,0.921,0.841
b640f7ceede4,0,63300.0,0.921,0.841
f703a19e3dd4,17,20400.0,0.921,0.841
1cad8b81cad1,2,16600.0,0.921,0.841
2b465595ebc2,0,24400.0,0.921,0.841
134a9e02700b,0,86700.0,0.921,0.841
80cab8ca19d7,0,58100.0,0.921,0.841
9a86ba8dbbdf,0,86700.0,0.921,0.841
b65a746b2097,0,24400.0,0.921,0.841
46544ca0c377,0,31300.0,0.921,0.841
a2e85f4948a8,0,29000.0,0.921,0.841
197d872b4e6b,0,22700.0,0.921,0.841
5b0b894b2462,13,24140.0,0.887,0.775
7f179ef85645,23,24140.0,0.823,0.647
66585ab83ac7,0,71400.0,0.921,0.841
5b3762e320f3,0,22100.0,0.921,0.841
3ba7d2f290ae,8,17200.0,0.823,0.647
d68a240ff541,0,25600.0,0.921,0.841
013445bf0ecf,0,39100.0,0.921,0.841
4fb658dc54c2,0,34200.0,0.921,0.841
8662f6b7df77,14,24140.0,0.951,0.902
ee707753dffd,73,13100.0,0.921,0.841
254ad7c5c9d7,0,20300.0,0.921,0.841
17e131042676,0,23500.0,0.921,0.841
76a24db8a281,0,56100.0,0.921,0.841
5d6cb6d4cb9e,0,31800.0,0.921,0.841
6a220f2d4f50,0,18400.0,0.921,0.841
c94b3068e7ef,0,34000.0,0.921,0.841
180f9eaae2e2,20,24140.0,0.921,0.841
a9c0acf4cd36,0,28600.0,0.921,0.841
43da6e2877e9,20,24140.0,0.921,0.841
31d541088175,95,24140.0,0.921,0.841
dd2db2ae6233,24,19920.0,0.887,0.775
750ae2db391c,2,14200.0,0.921,0.841
2d300b942aad,1,,0.887,0.775
d9d4f88df1b0,0,33600.0,0.921,0.841
cf272d9125c8,2,,0.887,0.775
f134048d66f0,0,16400.0,0.921,0.841
44357c50b5ea,54,24140.0,0.921,0.841
41195aa4cf86,0,19580.0,0.887,0.775
6790110ccdb6,0,36500.0,0.921,0.841
fcef7dc014c9,0,21300.0,0.921,0.841
a90bbefdc0ed,0,90000.0,0.921,0.841
0f5627354226,0,43900.0,0.921,0.841
5e34b9cd8efe,0,14600.0,0.921,0.841
d6bc3b1184a2,18,14100.0,0.921,0.841
fe360d6d9e29,18,14100.0,0.921,0.841
9301d80de421,18,24140.0,0.921,0.841
3647921da9a1,99,,0.921,0.841
60d2b01ff4b8,1,,0.921,0.841
a5d654c03f38,89,,0.921,0.841
780d053e1933,0,21400.0,0.921,0.841
c204b1721e3f,0,30500.0,0.035,0.931
cfdb4a7bcf73,100,4900.0,0.951,0.902
f44db4259959,0,43400.0,0.951,0.902
07499c579ee2,0,87400.0,0.921,0.841
3fcffb8b5250,9,70400.0,0.951,0.902
a76a23c46524,0,35900.0,0.951,0.902
4b873c9e8f1d,0,38900.0,0.951,0.902
52fe529d8fcb,78,24140.0,0.921,0.841
8ad8fd48444e,23,,0.951,0.902
e6d74ab3b162,16,13220.0,0.951,0.902
5f229e7a1366,0,58800.0,0.921,0.841
06c1fa3f1155,31,24140.0,0.921,0.841
f835f26f21e9,0,28400.0,0.951,0.902
0af7fd2fc9ad,0,17600.0,0.985,0.969
958fc542aec2,96,24140.0,0.985,0.969
0dcaae4437f3,9,24140.0,0.921,0.841
d66c904fbe30,0,20900.0,0.951,0.902
2b6d396deae6,0,19500.0,0.951,0.902
2dbaca80aef8,100,22780.0,0.985,0.969
74265b5f227d,0,22300.0,0.921,0.841
747bac903597,0,25700.0,0.015,0.97
e9ab2c7dda21,11,21200.0,0.935,0.869
4de98588de51,0,34840.0,0.015,0.97
2ebd838207ba,0,4520.0,0.046,0.909
3097ac5b2434,0,38400.0,0.046,0.909
75df6129c4dc,0,23100.0,0.921,0.841
1f8f9878232a,0,19600.0,0.046,0.909
fc954c9474be,82,3340.0,0.046,0.909
9fa16435b12d,82,3340.0,0.046,0.909
c72004e038d5,12,24140.0,0.046,0.909
62f47798251a,100,140.0,0.046,0.909
c28d32446e9f,0,75600.0,0.823,0.647
fcd584022b24,0,90000.0,0.246,0.509
66299e86e637,0,39100.0,0.085,0.831
3c136aa381b6,83,38560.0,0.073,0.853
09954fcdc3c4,21,24140.0,0.246,0.509
c483d1ee596e,0,,0.135,0.731
b9fa96f0f1f7,84,,0.135,0.731
48cf3af7ae94,9,5500.0,0.135,0.731
809092c39dac,59,24140.0,0.165,0.67
ad5ef819ec2d,0,45360.0,0.165,0.67
2a3c9de8e820,1,21200.0,0.196,0.609
ff39bdd526b6,82,24140.0,0.196,0.609
6b97c6f6b21a,1,,0.196,0.609
ac973b7b9c20,5,30800.0,0.226,0.548
afb149d0cd82,6,65200.0,0.226,0.548
5ff05d8c76eb,100,75940.0,0.226,0.548
04605408c9fc,98,24140.0,0.226,0.548
0fad4390940e,10,42300.0,0.226,0.548
2a861a4fbe97,37,33240.0,0.226,0.548
9b0ac71a9c51,35,51560.0,0.226,0.548
ab27c178558b,100,340.0,0.257,0.486
e8f222ea397b,4,27200.0,0.257,0.486
37d0b9db024f,0,20900.0,0.257,0.486
d403d82fd4b6,33,24140.0,0.257,0.486
05f33adce09d,0,,0.257,0.486
fd89cea91ebb,0,,0.257,0.486
effa6331cbb9,57,16600.0,0.29,0.42
ef29b0a43c09,100,24140.0,0.29,0.42
4aa938b28ae5,8,13300.0,0.29,0.42
d1c95bf2320e,50,12200.0,0.29,0.42
41c39703ab7d,79,20200.0,0.29,0.42
4d006e09ea22,3,14600.0,0.29,0.42
b9ca0b1e2c73,48,13900.0,0.29,0.42
661d7098a257,50,12600.0,0.29,0.42
bb4b54f12f1b,0,19300.0,0.29,0.42
bab4f3d1c0d9,98,24140.0,0.29,0.42
dfcc6700b7fa,2,15200.0,0.29,0.42
f90f1732750e,1,14600.0,0.29,0.42
74c7e07837fa,2,18500.0,0.29,0.42
f2fce14841c5,2,18100.0,0.29,0.42
54797bbd925d,68,50000.0,0.29,0.42
67ea800abd10,100,24140.0,0.29,0.42
5ffc35c4b626,44,50000.0,0.29,0.42
86f44b67c826,14,,0.29,0.42
a41319646b5a,4,41240.0,0.29,0.42
72058b94ca27,4,41240.0,0.29,0.42
0bb4112b288d,0,74480.0,0.29,0.42
0811d1a63299,0,55420.0,0.29,0.42
06483e606486,0,44040.0,0.29,0.42
13b8d64b091e,0,63880.0,0.29,0.42
77e8b8571c09,0,58680.0,0.29,0.42
d970c5a44bc4,51,13780.0,0.29,0.42
8fb69d87099c,38,12340.0,0.29,0.42
40546c46d470,95,70060.0,0.29,0.42
5dc93b721ed9,0,74700.0,0.29,0.42
07035b0d0364,19,,0.29,0.42
78b4395ffa08,100,75660.0,0.29,0.42
05072c3e6b5c,0,69360.0,0.29,0.42
3768d3e972fa,0,69360.0,0.29,0.42
757ff1fc9a58,100,76800.0,0.29,0.42
965b45954731,14,,0.29,0.42
965902800155,4,21420.0,0.326,0.348
baa15d5a6970,100,76800.0,0.29,0.42
fcad73c69459,100,72840.0,0.29,0.42
58d4cb2c24af,97,66460.0,0.29,0.42
39c1018a1028,96,35820.0,0.29,0.42
cc4302020699,0,24140.0,0.29,0.42
46f5cb09c7b7,0,24140.0,0.29,0.42
f34d3dd8eddc,0,24140.0,0.29,0.42
1c3cfee548e3,53,48620.0,0.29,0.42
e288cdd0cbe6,57,6200.0,0.29,0.42
616b5e16ea3d,0,35800.0,0.29,0.42
b64b7ee558e9,100,23960.0,0.29,0.42
36f3a03c5017,67,,0.29,0.42
7c8051e914db,100,21600.0,0.29,0.42
8fed1dfe37ce,5,19620.0,0.29,0.42
2214ba8599cb,0,75140.0,0.29,0.42
7dc1200de636,0,50000.0,0.29,0.42
b0f1bdd190a3,0,25560.0,0.29,0.42
904be754472c,80,33300.0,0.29,0.42
c843e15fee7d,92,76440.0,0.29,0.42
67bd8d6ce55d,2,29180.0,0.29,0.42
42d91052629b,27,5760.0,0.29,0.42
82464f2a4914,2,50000.0,0.29,0.42
311968686eb3,34,,0.29,0.42
20f2305ce11c,100,31940.0,0.29,0.42
104e4cde605e,1,15060.0,0.29,0.42
d17fe6069b65,3,25640.0,0.29,0.42
ae8d7f3b7325,0,50000.0,0.29,0.42
689c33bb85a3,88,31260.0,0.29,0.42
1aa8679b39cd,99,73400.0,0.29,0.42
2291073f7408,25,41420.0,0.29,0.42
0a358add2d34,13,16260.0,0.29,0.42
361a1d325835,9,14980.0,0.29,0.42
c26e08ad2946,5,31040.0,0.29,0.42
5d027fd5c7d0,20,9880.0,0.29,0.42
04ce9aab1ea7,13,21920.0,0.29,0.42
6806b57b5e1d,11,26840.0,0.29,0.42
d51e16fc5398,3,22920.0,0.29,0.42
f896abdf1ae2,0,47420.0,0.29,0.42
eb471a8e33d8,46,,0.29,0.42
1156c813d1b8,2,6660.0,0.29,0.42
55e0976cc716,58,31320.0,0.29,0.42
0e53d06d5461,0,16940.0,0.29,0.42
179a0de903b5,85,28860.0,0.29,0.42
eb97831eefc8,0,9160.0,0.29,0.42
7c2225ec0e98,0,16580.0,0.29,0.42
72e959b8327d,99,69640.0,0.29,0.42
32bbd9b64de7,28,38460.0,0.29,0.42
9bd6e55754e3,0,33140.0,0.29,0.42
d2d50389569c,2,23420.0,0.29,0.42
72b8771ae273,2,26060.0,0.29,0.42
2c9c0900cb40,0,31900.0,0.29,0.42
de394651ade0,14,24140.0,0.29,0.42
6ad546854ac8,0,32280.0,0.29,0.42
182bbddd3b29,25,39900.0,0.29,0.42
7f1f5ee0ccb6,85,,0.29,0.42
6ecf885920c5,0,20180.0,0.29,0.42
f114fc426dee,0,16440.0,0.29,0.42
0eb826d6eafd,72,,0.29,0.42
39db616bb24f,0,24480.0,0.29,0.42
5e1e870a643e,5,15080.0,0.29,0.42
60c9f8d6029e,5,17160.0,0.29,0.42
9f227d70365c,66,38880.0,0.29,0.42
c4857b7837c9,13,3940.0,0.29,0.42
b7a6a4c36c48,34,50000.0,0.29,0.42
d4a19579ca87,2,39920.0,0.29,0.42
fc8d973c1c5e,0,36500.0,0.29,0.42
106be8f6b7f7,0,23980.0,0.29,0.42
a1cbc57e6b37,0,20200.0,0.29,0.42
9405c6f2f921,19,50000.0,0.29,0.42
0c0b059f61f9,6,30160.0,0.326,0.348
2cccceb9b89b,30,22580.0,0.29,0.42
356d14c8385c,30,43540.0,0.29,0.42
088dd8456845,28,26620.0,0.326,0.348
78f9f357aa43,20,20700.0,0.326,0.348
dc851b002a53,0,43660.0,0.326,0.348
655a9f99c36a,0,26020.0,0.326,0.348
02c2c164834c,0,30700.0,0.29,0.42
7ffd2b9554fe,1,35400.0,0.326,0.348
bc5ba713407a,2,14900.0,0.246,0.509
c87bf9c8aeee,99,24140.0,0.326,0.348
8e1a33262596,0,22300.0,0.326,0.348
143cc2cd554a,0,500.0,0.29,0.42
35ef789f983f,0,19900.0,0.326,0.348
55fb504ad0a5,0,38640.0,0.29,0.42
3d03e6ca73bf,0,29500.0,0.326,0.348
5203f58af22e,8,33360.0,0.326,0.348
0942ff8902b9,0,20200.0,0.326,0.348
c17bba24a008,0,22220.0,0.326,0.348
b1032d6cccfa,0,28500.0,0.326,0.348
f8aa6d39e53b,34,17680.0,0.326,0.348
fa33caccc06b,0,17000.0,0.326,0.348
3a8baeb5f732,22,19320.0,0.326,0.348
f6d411298a78,0,28600.0,0.326,0.348
ab049aef02b5,8,22200.0,0.326,0.348
aa8ac02d1b4e,1,16800.0,0.326,0.348
2bc13bab5444,1,22400.0,0.326,0.348
11ca83eee37e,0,21000.0,0.326,0.348
c61fdf4bf856,0,24100.0,0.326,0.348
3597f8f5ed40,0,24000.0,0.326,0.348
e6773d03b3c6,9,26160.0,0.29,0.42
84bbc87d73e1,0,32800.0,0.326,0.348
68d04af432d4,0,39100.0,0.326,0.348
8271fec17885,6,14800.0,0.326,0.348
d215bc194726,0,18800.0,0.326,0.348
3fc8da7e5e6c,0,22500.0,0.326,0.348
821b556a3c11,36,24140.0,0.29,0.42
1aefdc8036b8,4,15400.0,0.326,0.348
ae86b7658125,8,,0.326,0.348
2bdb3808bde8,100,,0.29,0.42
433ecd43d20a,57,24140.0,0.326,0.348
0a1d605eaa91,95,49700.0,0.326,0.348
f92fe8cf4d13,50,14500.0,0.098,0.803
1fec1fb37398,11,,0.326,0.348
497af84c4bb6,85,36040.0,0.326,0.348
95160aabe413,2,40740.0,0.326,0.348
78dc8e38fa54,9,31060.0,0.326,0.348
17b0f6663b6e,1,,0.326,0.348
ee28e140bd09,100,43720.0,0.326,0.348
d9be5a9fc2f2,0,11140.0,0.326,0.348
6a802dfe950c,23,4740.0,0.326,0.348
b6b7f0ec2f5d,33,4340.0,0.326,0.348
b1afaedb5a6a,85,,0.326,0.348
8387c1d3c7d4,84,50000.0,0.326,0.348
1a3826286f5b,28,23420.0,0.326,0.348
e193fad13113,62,18620.0,0.326,0.348
c6218608ae95,18,11840.0,0.326,0.348
1c76f5f84a38,23,34660.0,0.326,0.348
3623d1954545,17,28440.0,0.326,0.348
039924b5fad1,0,20680.0,0.326,0.348
32770f16987f,30,39000.0,0.326,0.348
97105d05db8d,80,33420.0,0.326,0.348
66282ef05a75,95,24420.0,0.326,0.348
e7d86f98a581,4,34880.0,0.326,0.348
66e9e7c7ddb1,100,5160.0,0.326,0.348
a77014ae2d6a,34,39820.0,0.326,0.348
134d6b1e138e,3,15240.0,0.29,0.42
2dbe7b1e58a3,0,24140.0,0.326,0.348
1b643166fd67,0,24140.0,0.326,0.348
e2bc21e7e924,7,26780.0,0.326,0.348
28777c7a1f70,39,29360.0,0.326,0.348
57080fbc97e2,11,33080.0,0.326,0.348
b80c35e348b0,13,15260.0,0.36,0.281
8b14b4cded94,100,50000.0,0.326,0.348
6dae30f1224a,0,25900.0,0.36,0.281
0c7b1a733a78,74,18080.0,0.36,0.281
e634559b008a,0,23000.0,0.36,0.281
5f84c0fd2bea,0,23000.0,0.36,0.281
5da4691c572e,33,79580.0,0.326,0.348
c0c23054715b,71,25700.0,0.36,0.281
07c38933de04,1,30800.0,0.326,0.348
886cdb08276c,69,,0.29,0.42
56fa99748305,0,69920.0,0.36,0.281
ea4ad6127562,0,19600.0,0.36,0.281
c6890bf57d50,41,,0.36,0.281
543fcb737795,2,53880.0,0.36,0.281
d183397366ca,18,,0.36,0.281
601d512f0b5e,96,40160.0,0.36,0.281
e2d346d2d0ee,0,24140.0,0.36,0.281
a18e552187d7,0,24140.0,0.36,0.281
42e9f458b804,0,24000.0,0.823,0.647
898757da13b4,57,24140.0,0.396,0.209
7d3fa336e10b,0,19200.0,0.396,0.209
fe6e71f8bedb,98,24140.0,0.396,0.209
dbc7450650a0,100,24140.0,0.396,0.209
6ba0e301c9c3,100,24140.0,0.396,0.209
849483de4312,2,16600.0,0.396,0.209
cf364d9ee845,100,24140.0,0.396,0.209
b1c75e70eb1b,100,24140.0,0.396,0.209
cc5dc95669ef,46,13800.0,0.396,0.209
c4deef3acd88,65,,0.215,0.57
a0d434f0945f,24,24140.0,0.36,0.281
face525254d3,0,80360.0,0.396,0.209
10daff0afaf5,0,32620.0,0.396,0.209
01eb0a92b4ba,0,52700.0,0.396,0.209
bc89b95aeb89,0,33300.0,0.396,0.209
49514b044069,33,16740.0,0.29,0.42
d18d16560691,0,17700.0,0.435,0.131
6313cdc8aaa5,11,8820.0,0.435,0.131
0ac2d43680ef,0,21900.0,0.435,0.131
957b928ba458,50,24140.0,0.435,0.131
82a5037cb93a,0,28000.0,0.435,0.131
beb4898ab846,0,24140.0,0.435,0.131
1fdd3c55be37,8,35900.0,0.435,0.131
db2377d73894,100,24140.0,0.435,0.131
ded1d5ddcdd8,16,42200.0,0.435,0.131
167ea680ba94,1,14400.0,0.435,0.131
a6a9e67288da,0,18100.0,0.435,0.131
64041934eac9,0,22000.0,0.435,0.131
40282b3272b6,0,26000.0,0.435,0.131
93acea4c1d22,38,74380.0,0.435,0.131
7a17ee9c8266,70,12200.0,0.435,0.131
119c4690f3da,7,36600.0,0.435,0.131
ca79ab5bf368,7,15000.0,0.435,0.131
34d6de39d02c,0,28600.0,0.121,0.759
e31cf8201829,91,12400.0,0.435,0.131
2e8138ebbe3e,0,,0.435,0.131
3cc1828c4112,2,14400.0,0.435,0.131
d6b1b6679170,0,30400.0,0.435,0.131
49a2c7bbd23d,2,17100.0,0.435,0.131
6693050c30e8,8,14200.0,0.435,0.131
d292032811a9,3,16600.0,0.435,0.131
72800af3d18b,2,24700.0,0.435,0.131
759b31ffb99a,0,26300.0,0.435,0.131
14b92158eb92,100,24140.0,0.435,0.131
06e4855fa0db,0,13900.0,0.823,0.647
6efb4f77f0e3,4,16800.0,0.832,0.664
770091667ab9,0,15600.0,0.823,0.647
568556a18ac8,31,31340.0,0.435,0.131
d80aba1d39d6,7,77560.0,0.435,0.131
a339ef1bbeda,7,38100.0,0.435,0.131
ca17ed48fb24,7,36500.0,0.435,0.131
7f23d6e0805a,0,35200.0,0.435,0.131
81db458c9251,0,40800.0,0.473,0.053
617abf5ac25a,54,15740.0,0.473,0.053
ddaefad79b60,59,29000.0,0.473,0.053
dc461439f128,20,21440.0,0.473,0.053
9a0578654cf8,5,18700.0,0.473,0.053
d57deccc1aa7,0,20800.0,0.473,0.053
a9a245bf80de,0,24500.0,0.473,0.053
d0b1f5ee7995,0,21300.0,0.473,0.053
0613ab8517b0,27,23300.0,0.473,0.053
0593a9fd6973,0,18900.0,0.473,0.053
2fe74698a123,5,15400.0,0.473,0.053
6cf056a30aa1,0,27900.0,0.473,0.053
34efa4ea6ea6,0,18200.0,0.473,0.053
22e5fa4784cf,0,16800.0,0.473,0.053
b5f3f5e99486,0,29000.0,0.473,0.053
7465b2faad6d,0,34800.0,0.473,0.053
aeaa6331debe,0,20800.0,0.473,0.053
1f35f47243bb,0,25900.0,0.473,0.053
a45457e89ca4,0,26100.0,0.473,0.053
483df94fe1ee,39,31600.0,0.473,0.053
a5ddd2f1ee71,0,20200.0,0.473,0.053
5db59fd5b9bd,0,30700.0,0.473,0.053
a90f909a5457,0,24900.0,0.473,0.053
45d5b5cddf48,0,29400.0,0.473,0.053
f11db349e2af,0,44300.0,0.473,0.053
fd1afd37a5da,4,15100.0,0.473,0.053
c977d1d10f95,0,58700.0,0.473,0.053
933a67dcbf8c,2,40200.0,0.473,0.053
ee646b1d8c42,10,27300.0,0.473,0.053
d29e85405ebb,0,30400.0,0.473,0.053
ed6d044390ec,0,52600.0,0.473,0.053
9817c3ca0b2a,0,24600.0,0.473,0.053
6420f82b143f,47,7240.0,0.473,0.053
2ee035d20a82,0,25400.0,0.473,0.053
e934a663199d,0,26700.0,0.473,0.053
f1caa6edd0af,0,23300.0,0.473,0.053
00601e19c1b2,1,18300.0,0.473,0.053
39c33ef8e4d8,0,15600.0,0.473,0.053
76a4d0b110c9,15,17500.0,0.473,0.053
77f61a27d970,0,27300.0,0.473,0.053
0af7fd302f32,2,30700.0,0.473,0.053
fd74ae0d56e1,1,18300.0,0.473,0.053
ec82889f2358,0,42300.0,0.473,0.053
4abe62c7ee57,99,24140.0,0.473,0.053
c45a071c5c7a,0,67500.0,0.473,0.053
69c4aa8d6a69,0,26300.0,0.473,0.053
087e1246faf5,0,33000.0,0.473,0.053
d77f2c9c67ac,0,17500.0,0.473,0.053
4964b159cb1f,0,16900.0,0.473,0.053
cb90b0983505,0,19900.0,0.473,0.053
6847002ed685,89,15900.0,0.473,0.053
980eba593463,0,15700.0,0.473,0.053
f859905bc7ed,4,14200.0,0.473,0.053
b5b4988eca81,1,16100.0,0.473,0.053
0150401f63e7,0,21200.0,0.473,0.053
3e4b374e20f0,0,25000.0,0.473,0.053
ea3166e80b77,2,22500.0,0.473,0.053
e96b7c963f18,11,36300.0,0.473,0.053
f1908ccb1278,2,22500.0,0.473,0.053
28975d5dba24,0,19000.0,0.473,0.053
f66c028222e1,47,37500.0,0.473,0.053
40d149e8341a,0,23600.0,0.473,0.053
c3ba38a7329f,0,28400.0,0.473,0.053
0efb47946d10,28,26200.0,0.473,0.053
f07e100a26a1,50,13300.0,0.473,0.053
411938553c8b,0,52400.0,0.473,0.053
10157d88b4ca,0,20000.0,0.473,0.053
2912eb015ef6,0,17900.0,0.473,0.053
e3de7fb5d789,49,26200.0,0.473,0.053
87ffdf22b049,0,28000.0,0.473,0.053
f2d1fcfea281,0,25800.0,0.473,0.053
6c4faf4dfa25,100,22540.0,0.473,0.053
6134d81bbba9,0,24400.0,0.473,0.053
0968da8ca970,47,18200.0,0.473,0.053
987f53cef092,1,24500.0,0.473,0.053
8262f54d5845,0,25900.0,0.473,0.053
03a96fcb7503,0,24100.0,0.473,0.053
e5ea5f3a79c6,0,20500.0,0.473,0.053
b856a8a550bb,50,37500.0,0.473,0.053
b425b59bba14,1,22200.0,0.473,0.053
78ecbfac1658,48,20500.0,0.473,0.053
39954e8285cb,94,24140.0,0.473,0.053
7de0a8c1d93a,0,22700.0,0.473,0.053
a53970814540,1,27800.0,0.473,0.053
218c8ecd4c80,0,21200.0,0.473,0.053
5d9b70b95c26,0,66400.0,0.473,0.053
fc8b8e060e9c,88,3200.0,0.473,0.053
1b60702fc6fc,0,17500.0,0.473,0.053
4dc81de6b46d,49,7600.0,0.473,0.053
89579f591ed7,0,58100.0,0.473,0.053
56dd8ab750ae,99,12200.0,0.473,0.053
fbb0632ee078,0,22200.0,0.473,0.053
4842f9942b99,0,41600.0,0.473,0.053
123ead00313c,0,14500.0,0.473,0.053
94de58a511c5,2,24600.0,0.473,0.053
f18b35f8120e,0,16800.0,0.473,0.053
93da43dc1013,49,25700.0,0.473,0.053
97e368cf2619,0,39200.0,0.473,0.053
74d869bc4418,88,3200.0,0.473,0.053
edba15248426,2,18700.0,0.473,0.053
bbe36ea3d269,0,31100.0,0.473,0.053
cf080a91084a,0,23500.0,0.473,0.053
f342645e9a08,0,16500.0,0.473,0.053
db2812c0d573,0,19400.0,0.473,0.053
56d2f80e17b1,2,37100.0,0.473,0.053
66b0209b7771,0,19700.0,0.473,0.053
0724f7155c24,9,21000.0,0.473,0.053
4293f7aead45,0,19900.0,0.473,0.053
a87f0903840e,0,56500.0,0.473,0.053
566b0171affe,0,23700.0,0.473,0.053
0356cf00065f,82,16700.0,0.473,0.053
12d239bbb514,0,24600.0,0.473,0.053
e01e6e8aaddd,0,31500.0,0.473,0.053
caf334f97a6f,0,19000.0,0.473,0.053
8d091f2af6d5,0,24900.0,0.473,0.053
701a25310f4f,0,16200.0,0.473,0.053
55ee6dd38b59,0,79700.0,0.473,0.053
48cc7b79ab15,0,23500.0,0.473,0.053
45bbde3c3afb,0,20300.0,0.473,0.053
9db99f628fd1,0,21100.0,0.473,0.053
6ceff837ac32,2,24100.0,0.473,0.053
c0f452379c40,100,13300.0,0.473,0.053
0a486ed454c8,1,23200.0,0.473,0.053
1d17e1463038,2,14500.0,0.473,0.053
bcbfd74f4ca2,0,30100.0,0.473,0.053
fa2fd62dc945,13,24140.0,0.473,0.053
a11507431c39,89,62900.0,0.473,0.053
7cb26af305f7,1,22500.0,0.473,0.053
9bf1f776f935,0,21400.0,0.473,0.053
a66a401891ff,0,27000.0,0.473,0.053
3d799ad0b176,0,19700.0,0.473,0.053
53dad81cc142,0,31300.0,0.473,0.053
1f12f741844a,0,38400.0,0.473,0.053
a64d851644b7,0,19600.0,0.473,0.053
90a3da98f246,4,13300.0,0.473,0.053
7316a6592651,76,12600.0,0.473,0.053
68544641ef0c,0,20000.0,0.473,0.053
d57dea737d1f,76,12600.0,0.473,0.053
3591965a2a91,57,12200.0,0.473,0.053
92e14ef8e27d,14,18400.0,0.473,0.053
ede9863ae606,1,15000.0,0.473,0.053
1c501bb89ab6,94,24140.0,0.473,0.053
7096ac8b57f2,0,51000.0,0.473,0.053
d25739551e6d,0,17500.0,0.473,0.053
9be905868326,2,28200.0,0.473,0.053
a9d71789cd91,99,24140.0,0.473,0.053
305c42f10024,3,16100.0,0.473,0.053
133f88a953cd,100,24140.0,0.473,0.053
64b7806e8bdd,0,19500.0,0.473,0.053
50753aa61a55,100,16500.0,0.512,0.025
3914996b3a63,15,29100.0,0.473,0.053
d64386cd4396,91,12200.0,0.473,0.053
fac56a56430d,0,20300.0,0.473,0.053
742830c21c7a,0,85600.0,0.473,0.053
31875b3d250b,100,12200.0,0.473,0.053
f738c99ebc0f,8,24140.0,0.473,0.053
72369766d521,0,19400.0,0.473,0.053
43d417765cb3,0,22100.0,0.473,0.053
783233c0845d,21,21700.0,0.512,0.025
29f9aa108769,0,22100.0,0.473,0.053
7f3269bd032e,0,21000.0,0.473,0.053
f2bfcae3df31,99,17400.0,0.473,0.053
da608d75ae40,97,16700.0,0.473,0.053
9b4a968172cc,18,12700.0,0.473,0.053
a20949432eba,0,24700.0,0.473,0.053
92b12eab679a,0,27600.0,0.473,0.053
f72b81212e73,17,24140.0,0.473,0.053
af8fe7d45fdf,77,76480.0,0.473,0.053
add6a7440102,55,,0.782,0.564
2818d3998a3f,50,12300.0,0.473,0.053
351ab1ed2af7,86,18500.0,0.473,0.053
a90065ae1b61,18,24400.0,0.473,0.053
725a7623e9fa,56,27700.0,0.473,0.053
569e40ce5dc9,11,12300.0,0.473,0.053
1c4cf3bb7947,0,35060.0,0.29,0.42
f22ae183da43,0,22900.0,0.473,0.053
d377b0e94c55,16,19900.0,0.473,0.053
a9441d976770,26,14000.0,0.473,0.053
2c0b6da06f81,0,22100.0,0.473,0.053
0100294465a9,100,24140.0,0.473,0.053
eb31fa7b0de3,0,42800.0,0.473,0.053
460585cad954,100,21300.0,0.473,0.053
3d41aa16e42a,0,34800.0,0.473,0.053
e8f3c8079d1f,0,46500.0,0.121,0.759
bd0aea38aeb3,41,23900.0,0.473,0.053
605b956d6819,0,17400.0,0.473,0.053
d631e852087d,5,16900.0,0.473,0.053
11521e4b8e2e,5,23300.0,0.326,0.348
69771660828a,0,20800.0,0.326,0.348
7aaf869d9fe2,0,14800.0,0.473,0.053
68afb8c633c9,2,39800.0,0.473,0.053
3b26f22b448b,0,75900.0,0.473,0.053
3b15e2ecc042,100,24700.0,0.473,0.053
38c23cc6237e,22,20400.0,0.512,0.025
347083164187,0,6460.0,0.512,0.025
3c47551273d2,0,18000.0,0.473,0.053
431319fcecad,0,25100.0,0.473,0.053
e8c7fdc1d36f,0,22500.0,0.512,0.025
9a478185d3a1,100,17600.0,0.512,0.025
c87f3edc698e,44,39800.0,0.512,0.025
45b0af59eaa8,54,15500.0,0.512,0.025
d0f35fafd2c8,0,33800.0,0.473,0.053
23fa6e06c49e,0,32600.0,0.551,0.102
86766da64deb,99,24140.0,0.473,0.053
1ddb98dbcb1a,0,24140.0,0.921,0.841
04e9f12c8cc4,6,32600.0,0.473,0.053
1d7c5d89319c,92,,0.551,0.102
47a647ee5545,89,15500.0,0.551,0.102
437d0e30eebd,0,52400.0,0.551,0.102
c696417b7609,8,,0.551,0.102
018b5318c2aa,5,13800.0,0.473,0.053
4ff2313a1e5f,0,26800.0,0.473,0.053
7ab1433f7ff9,3,24140.0,0.512,0.025
e522d13f51ce,3,24140.0,0.512,0.025
52d39783b9e3,46,,0.068,0.864
a549b29075db,0,63700.0,0.121,0.759
8b67741edf05,0,58400.0,0.068,0.864
f553a3ffe8c5,0,51300.0,0.068,0.864
1826126eb658,0,39100.0,0.732,0.464
18108db95a55,0,51400.0,0.901,0.802
6ac692e8f3f8,100,24140.0,0.59,0.18
7aebd464e86c,0,15700.0,0.473,0.053
01814ad91207,100,24140.0,0.473,0.053
51fc9f26df95,100,24140.0,0.59,0.18
4131a283b523,0,16800.0,0.473,0.053
7bf44e58a888,0,56600.0,0.215,0.57
9e76149a39ee,0,56800.0,0.215,0.57
3978c25260d7,99,57200.0,0.215,0.57
9ee42e19d78c,10,61200.0,0.246,0.509
311b231c8b1b,1,44300.0,0.246,0.509
b78e5cf4f6d1,8,43300.0,0.448,0.103
dd06408e66fd,0,44000.0,0.823,0.647
79d0224f8c76,0,39400.0,0.823,0.647
2e7e5b7b6538,0,79400.0,0.921,0.841
db133af3459c,0,66300.0,0.921,0.841
7351305231e6,20,28600.0,0.29,0.42
27253b1b3962,0,35500.0,0.326,0.348
d7a1720b61ee,18,37000.0,0.396,0.209
cd6c36efc93a,3,21000.0,0.435,0.131
3f242d9f5b0f,0,53600.0,0.473,0.053
82cd310654ef,0,32100.0,0.473,0.053
257bb0accba6,0,45200.0,0.668,0.336
474ea044547a,99,17800.0,0.668,0.336
eadde4cfab9f,0,21200.0,0.121,0.759
554734cc2b89,24,35760.0,0.668,0.336
b9b1d20ea84e,100,34280.0,0.704,0.408
37ec8efe6ccd,3,15300.0,0.704,0.408
981d8b053087,68,20000.0,0.668,0.336
95724d5dc352,98,,0.343,0.314
c27ff59907f8,0,,0.223,0.553
b25e5fffe6e4,100,,0.601,0.202
430031ad6bb3,100,,0.06,0.881
4e0b534cdeb7,3,,0.832,0.664
ec7852c33fcf,4,,0.062,0.875
484c96988653,0,,0.037,0.925
db118e9b1107,82,,0.068,0.864
55ab7150e2c4,18,12400.0,0.704,0.408
fd238b113220,100,12600.0,0.704,0.408
769c6c52f1cf,16,12400.0,0.704,0.408
d1600173acf5,0,16200.0,0.473,0.053
91ffead6417c,0,16900.0,0.512,0.025
be79e126897c,0,16200.0,0.551,0.102
5839772175c3,0,18500.0,0.36,0.281
f28624cee930,100,25400.0,0.36,0.281
782c65708b1d,100,25400.0,0.36,0.281
047815d50f3f,99,24140.0,0.704,0.408
f8582086e959,100,12200.0,0.74,0.48
17cf3d7b8379,89,18800.0,0.74,0.48
3875055b777a,15,,0.29,0.42
ccbd8be7511e,100,16500.0,0.74,0.48
9615f51642a8,100,14320.0,0.74,0.48
faaa1fe40dd2,100,50000.0,0.74,0.48
6e46a827bbe8,0,39200.0,0.773,0.547
fdf1416f3e8f,0,19700.0,0.773,0.547
60fc654c899f,4,18000.0,0.773,0.547
41c58864eda2,0,17400.0,0.773,0.547
7786d7924471,1,16000.0,0.773,0.547
e67cd7713f63,30,24140.0,0.773,0.547
3b5d89691e9c,0,63000.0,0.773,0.547
975ed5330418,1,18100.0,0.773,0.547
92dc15650fe8,0,39800.0,0.773,0.547
febf780c195b,0,24900.0,0.473,0.053
03d159c1d9e7,0,27400.0,0.773,0.547
6e96ad7e8660,74,24140.0,0.773,0.547
21d6127a17fb,0,28600.0,0.773,0.547
7f4c10e1ce51,74,24140.0,0.773,0.547
e7aeec91ce6b,46,24140.0,0.773,0.547
c015581856fd,4,14900.0,0.773,0.547
f29da3827d3a,0,21000.0,0.473,0.053
29b12ef2bc9b,0,32400.0,0.773,0.547
826cfbc6dd36,0,46300.0,0.773,0.547
893739a79067,0,23400.0,0.473,0.053
b9702baeba3f,0,18800.0,0.773,0.547
d0b4d4c07e4d,100,12200.0,0.773,0.547
3b62277b44ef,0,35900.0,0.773,0.547
1d90f20aeff8,100,12200.0,0.773,0.547
aebca822b558,0,15700.0,0.773,0.547
ad62dedfb651,1,37600.0,0.773,0.547
97510f5c7d9a,100,15700.0,0.773,0.547
ee5f5f96eb13,33,24140.0,0.74,0.48
7b5c704648a1,100,20540.0,0.773,0.547
ca2a9e74c893,1,16100.0,0.773,0.547
f44a4eb07d9b,0,24900.0,0.773,0.547
c7afc2fa836a,0,21000.0,0.773,0.547
d333cbafc8e3,0,21000.0,0.773,0.547
dedef24732e8,0,40900.0,0.773,0.547
9af50c29f903,89,21220.0,0.773,0.547
a135cab6a568,0,50000.0,0.773,0.547
524dcfc86f37,30,18600.0,0.807,0.613
b98ce4e8bc96,0,28300.0,0.807,0.613
d5e1c3a72ef0,42,24140.0,0.807,0.613
7f592e1f1734,0,24200.0,0.807,0.613
3f170d1e8451,0,49800.0,0.807,0.613
3a267b5f8652,0,19400.0,0.807,0.613
8e65856737fc,94,160.0,0.807,0.613
42753994912e,39,12200.0,0.807,0.613
4bc4d52a907a,100,620.0,0.74,0.48
7900ca1d79f7,0,50000.0,0.773,0.547
b8ea42c78bad,0,17200.0,0.807,0.613
5e1000c4dee3,0,64400.0,0.807,0.613
786108f9fe4f,0,35400.0,0.807,0.613
ba734926a685,1,24140.0,0.065,0.87
dec85d38f966,83,24140.0,0.84,0.68
84aff9d5d550,83,24140.0,0.84,0.68
1165b9b36fbc,85,24140.0,0.84,0.68
42defdaf48a4,3,14800.0,0.84,0.68
2f88477b42f1,15,,0.84,0.68
ba5459eb2f4e,7,38900.0,0.773,0.547
699fcf259712,100,41800.0,0.807,0.613
7cf398651240,0,31700.0,0.84,0.68
d74471edc142,20,12200.0,0.29,0.42
43dddf7368e2,100,12600.0,0.326,0.348
7341cd13e3b8,3,13500.0,0.473,0.053
7d6bc6e493e4,63,27200.0,0.871,0.741
adcaf22ca14b,0,37300.0,0.921,0.841
0005591626d0,7,15000.0,0.435,0.131
32f362931ca4,98,24140.0,0.84,0.68
5e8a344cf074,100,24140.0,0.871,0.741
85195b26efd5,39,,0.246,0.509
69e49548b4a2,41,,0.246,0.509
c4908cb4125d,41,,0.246,0.509
3aeeb75cbc0e,39,,0.246,0.509
23cf28e2e26f,100,80.0,0.871,0.741
ba35da66cee4,0,19300.0,0.901,0.802
48165377a98d,0,24140.0,0.901,0.802
a98fc0eff86a,71,26200.0,0.901,0.802
846227aba58f,52,12200.0,0.901,0.802
b3aac8ff94a7,100,29280.0,0.901,0.802
2f0d235e4b67,0,21100.0,0.932,0.863
eed86ea03b1e,1,16900.0,0.932,0.863
750cac758d87,21,13200.0,0.932,0.863
79e327af524b,1,13600.0,0.932,0.863
617176207b67,1,15200.0,0.932,0.863
f930cb494ab3,0,35700.0,0.932,0.863
2a6ee43eaed6,83,12200.0,0.901,0.802
df10d6790504,100,12200.0,0.932,0.863
e04e0263feba,0,23900.0,0.932,0.863
e503d76765de,26,24140.0,0.901,0.802
58bb040ae7a1,91,50000.0,0.932,0.863
c6f445d6ee11,92,50000.0,0.932,0.863
496e9c93dd3a,0,27300.0,0.932,0.863
ef68f1a2391e,0,50200.0,0.932,0.863
909784e0bd55,0,42400.0,0.962,0.925
c0e434e8cbc5,7,15400.0,0.993,0.986
48708af894bf,86,24140.0,0.901,0.802
2914849f1fe4,14,24140.0,0.901,0.802
24cf08dc5acb,2,24140.0,0.901,0.802
21809175b972,0,18200.0,0.326,0.348
d10fb2008282,0,17700.0,0.326,0.348
e3be05a56587,0,19900.0,0.326,0.348
6a605a68f948,0,19800.0,0.326,0.348
985abe05ab7e,0,36300.0,0.121,0.759
f3f162a99b5f,14,18700.0,0.993,0.986
0124b2375991,0,52200.0,0.932,0.863
208444aa6084,2,69820.0,0.993,0.986
ebebaaeac1cb,100,8420.0,0.993,0.986
710ce8784d14,100,400.0,0.023,0.953
0032a42ab8dd,100,24140.0,0.023,0.953
48b2d3dab600,6,,0.993,0.986
121c774c059c,100,24140.0,0.023,0.953
d017a865b3c8,0,24140.0,0.154,0.692
c99f5d91874a,96,,0.023,0.953
3603d5eb4f48,0,44800.0,0.054,0.892
1a0df2eef7b5,44,24140.0,0.085,0.831
f6a07f5eaee4,0,23200.0,0.054,0.892
6f7b637687ba,0,26200.0,0.054,0.892
54ae45ee39e0,0,16900.0,0.054,0.892
aeb599674a50,15,23200.0,0.054,0.892
ac521103d9b8,0,28800.0,0.054,0.892
1e695ed6866a,0,64600.0,0.054,0.892
4f98ee357371,75,24140.0,0.054,0.892
95675d31f7cd,0,67600.0,0.054,0.892
be139d119650,75,24140.0,0.054,0.892
6853a292f367,0,26500.0,0.054,0.892
d95770c77229,100,43120.0,0.054,0.892
cd5049c8007d,35,37280.0,0.054,0.892
77fcdd85d6b9,0,20300.0,0.054,0.892
67c08b9bb2d6,100,24140.0,0.054,0.892
6f5acb42c758,63,79000.0,0.054,0.892
962e14e174ec,28,,0.023,0.953
4ad2eb6c5d3d,85,70300.0,0.054,0.892
64b0c803bc0c,3,77500.0,0.054,0.892
ef95d5ce93c1,100,73400.0,0.054,0.892
487eb21beff9,94,66840.0,0.054,0.892
164e2214f2d9,93,9300.0,0.054,0.892
d94e493682e8,1,75620.0,0.054,0.892
df9d9f505ab1,0,60960.0,0.054,0.892
11425599ace5,100,24140.0,0.054,0.892
40b0cc6a6611,97,,0.054,0.892
96a2c526d896,52,28820.0,0.054,0.892
da6583033351,100,70880.0,0.054,0.892
321b07694167,26,,0.054,0.892
cd3d251404af,50,75680.0,0.054,0.892
ccec58150118,96,67800.0,0.054,0.892
480c074f3edf,77,19340.0,0.054,0.892
31684efc9ca9,88,,0.054,0.892
e88127993785,37,72300.0,0.054,0.892
3370ea945f95,85,33660.0,0.054,0.892
f60155129f83,0,13180.0,0.054,0.892
413c18554f83,87,7200.0,0.054,0.892
ad150e4fb0d8,75,17100.0,0.054,0.892
25a1da35a6ae,10,69880.0,0.054,0.892
a7edcadc169e,9,75200.0,0.054,0.892
c31c7821ee6f,0,50000.0,0.054,0.892
f8598ab29228,9,75200.0,0.054,0.892
27b3e3a0d44e,97,,0.054,0.892
7c1f44004a27,0,18900.0,0.473,0.053
789bab5a4e72,49,,0.054,0.892
137270971ee7,2,15000.0,0.29,0.42
a4b6d727c7d4,0,19120.0,0.054,0.892
a4882e984047,0,,0.054,0.892
615b4935612b,0,50000.0,0.054,0.892
b2aa2db91b9c,4,21100.0,0.054,0.892
8cbcdcb450f5,66,13320.0,0.085,0.831
a592f710cb62,100,24140.0,0.085,0.831
24e6b21342a6,0,73800.0,0.085,0.831
22b9b688968e,0,34000.0,0.085,0.831
5cb321a67225,99,82200.0,0.085,0.831
8b3cc380ae87,3,31500.0,0.085,0.831
384c0bf3e183,13,64000.0,0.085,0.831
918b5009e74c,0,42700.0,0.085,0.831
bb2907e83a5d,0,67700.0,0.085,0.831
aa3284becd19,0,26800.0,0.085,0.831
a4f1952a8c49,0,29900.0,0.085,0.831
dee379745c37,1,17500.0,0.085,0.831
a397ab4bd33a,52,20100.0,0.085,0.831
b04cc705b00e,55,33700.0,0.085,0.831
93907f4854fb,0,66200.0,0.085,0.831
65948bae36f3,0,23100.0,0.085,0.831
d711f3c25936,0,30900.0,0.085,0.831
8ef26e72aef5,0,40200.0,0.085,0.831
4bd731f13cc9,0,24900.0,0.085,0.831
9396aafb1f58,0,82900.0,0.085,0.831
6c6d5fa06997,70,15100.0,0.085,0.831
fc61fff59802,10,18600.0,0.085,0.831
aa042c71c727,0,36500.0,0.085,0.831
9b2ee8990265,0,16200.0,0.085,0.831
5542c961adaf,0,42700.0,0.085,0.831
0119218d0de6,0,15400.0,0.085,0.831
b19b05cdd856,0,35800.0,0.085,0.831
35fb4c940246,0,27400.0,0.085,0.831
5d29dc76a4c2,0,18100.0,0.085,0.831
267df58a1842,99,23100.0,0.085,0.831
417356340a19,0,34200.0,0.085,0.831
4b6b56576576,0,25700.0,0.085,0.831
3748c2215ac6,0,29900.0,0.085,0.831
923a8d83efb7,0,19300.0,0.085,0.831
3496102b31db,0,16000.0,0.085,0.831
884b3c32a2e7,0,21600.0,0.085,0.831
1a9310937261,0,35900.0,0.085,0.831
40b9b6877cd7,3,21300.0,0.085,0.831
a5432120ab87,0,31800.0,0.085,0.831
7bc1d99071a5,0,17500.0,0.085,0.831
cf0a94b2ce9b,5,15700.0,0.085,0.831
bc99dd2d04fd,0,39400.0,0.085,0.831
41772f70fc7e,0,54600.0,0.085,0.831
6780380d3baf,2,20500.0,0.085,0.831
c11f77404287,0,27400.0,0.085,0.831
74645d9ef3e1,0,18900.0,0.085,0.831
5e9e6a5f5892,0,30000.0,0.085,0.831
cfd94602fd52,0,33500.0,0.085,0.831
3bb587b059a1,0,15200.0,0.085,0.831
9d5e695a9e89,2,16400.0,0.085,0.831
a5b2caec14df,0,39000.0,0.085,0.831
c265e1bebbb5,0,54500.0,0.085,0.831
0612d91febe5,4,35600.0,0.085,0.831
6643c1e8b675,1,18100.0,0.085,0.831
5d79f5dacc5d,0,19500.0,0.085,0.831
3c5339b9c7a3,0,90000.0,0.085,0.831
3b9e669f9feb,0,90000.0,0.085,0.831
7452f0c02efc,0,48800.0,0.085,0.831
a687fc7d1fdc,0,39000.0,0.085,0.831
f362b9455109,9,24400.0,0.085,0.831
fa042630185d,0,68200.0,0.085,0.831
72c2ef9fe69c,0,25700.0,0.085,0.831
723c5057a5eb,0,26200.0,0.085,0.831
dc06dc53e36d,0,37500.0,0.085,0.831
0543f10790ab,0,75200.0,0.473,0.053
37999e593873,0,15000.0,0.085,0.831
94a671049412,0,27500.0,0.085,0.831
5196ba21790b,0,24400.0,0.085,0.831
69f757913639,39,14900.0,0.085,0.831
9658fb693e26,4,19300.0,0.085,0.831
c0688cbb8637,3,18300.0,0.085,0.831
d8129d48e7bb,0,54400.0,0.085,0.831
0459e8089578,0,20200.0,0.085,0.831
64b80be32550,40,14000.0,0.085,0.831
0456e6f09adc,0,45500.0,0.085,0.831
90b7792717d9,23,12300.0,0.085,0.831
9ff0517040d0,2,17100.0,0.085,0.831
b9b2060963bd,0,90000.0,0.085,0.831
c10602d920a3,24,19400.0,0.085,0.831
97aade774900,61,4200.0,0.085,0.831
7f475de5cfdc,0,59100.0,0.085,0.831
d2fd7d68f51a,44,24140.0,0.085,0.831
813a1c98a6d4,1,15700.0,0.085,0.831
a86495afa029,100,18100.0,0.085,0.831
00f2e3977f27,0,23700.0,0.085,0.831
5ef9a33403a0,100,300.0,0.085,0.831
4c1cf00ed62d,0,16400.0,0.085,0.831
2f0f0e066f73,5,39100.0,0.085,0.831
946a68effa34,100,24140.0,0.085,0.831
f5b532c87114,0,22900.0,0.085,0.831
e5045497e1ed,100,14400.0,0.085,0.831
b9e7ff1c8da9,99,41700.0,0.085,0.831
4634d6b588fd,100,75580.0,0.085,0.831
8546a0d00cbd,0,57200.0,0.085,0.831
0b286a8eee12,0,68900.0,0.085,0.831
f8d206b5b5d8,78,,0.085,0.831
1c5124b19fa8,48,,0.085,0.831
5fcc25051874,26,,0.085,0.831
1aecd196d04e,100,3860.0,0.085,0.831
01449169ad81,13,80160.0,0.085,0.831
b0cc094a144d,3,17020.0,0.085,0.831
240e80dea344,100,3720.0,0.085,0.831
e20239c99531,24,,0.085,0.831
4ae2385e3e29,59,75160.0,0.085,0.831
c13bc8dbe2ae,51,,0.085,0.831
987bdea98544,24,,0.085,0.831
4429dbb2b4e5,98,,0.085,0.831
c57e10ece7cd,96,,0.085,0.831
54bcc9b70940,100,2520.0,0.085,0.831
548313625e96,4,,0.085,0.831
d3a73f3e3e1f,100,27440.0,0.085,0.831
1086b8f499b3,38,37140.0,0.085,0.831
cb93eaeee3dc,0,12480.0,0.085,0.831
40d5b5eca6e6,43,18280.0,0.085,0.831
91883a8fe5d2,43,18280.0,0.085,0.831
15eca2409e7f,47,,0.085,0.831
2c3d710948f6,93,19640.0,0.085,0.831
45d729bbef76,98,,0.085,0.831
d4de760f21f3,57,21620.0,0.085,0.831
1fd5f2c7d28a,0,14460.0,0.085,0.831
419220f0894e,7,,0.085,0.831
0d7eb278b1cf,86,,0.085,0.831
6aea56466c4a,71,,0.085,0.831
94040b7e7761,23,24140.0,0.085,0.831
4cdad25e1b32,82,,0.085,0.831
8f5a029f4e3c,90,,0.085,0.831
5ad43bd05b50,88,33600.0,0.085,0.831
0563b3bee8d9,100,3420.0,0.085,0.831
684b7974f1ae,100,2280.0,0.085,0.831
9e10d5f80617,100,24020.0,0.085,0.831
6075bd4d57f6,2,27040.0,0.054,0.892
f8072e3b0361,2,27040.0,0.054,0.892
91a62b6cff86,0,31980.0,0.085,0.831
de2af9d2b585,89,17140.0,0.085,0.831
aa02244a48f5,92,,0.085,0.831
abd7b0444eb0,0,50000.0,0.085,0.831
20ca361cf281,0,16180.0,0.085,0.831
65f114833d27,100,22360.0,0.085,0.831
d2af350df8f3,0,45020.0,0.085,0.831
f9542d70ff10,0,50000.0,0.085,0.831
0ed4def579ba,0,39900.0,0.112,0.775
5e4e1b89b7a6,0,34900.0,0.112,0.775
26798d61caff,0,34900.0,0.112,0.775
7877b904a44f,0,32700.0,0.112,0.775
ff99cac1503b,0,32700.0,0.112,0.775
fae11cb9f3c2,0,27100.0,0.112,0.775
d773e6d73d40,0,21500.0,0.112,0.775
eb3a28c3722d,1,48600.0,0.112,0.775
a2b928953067,0,27500.0,0.112,0.775
ea237f8502c7,0,28700.0,0.112,0.775
7606f53eae20,0,22900.0,0.112,0.775
f8263422b06a,0,29300.0,0.112,0.775
84cf6f78ea3d,0,28800.0,0.112,0.775
96509cfb0053,0,37000.0,0.112,0.775
0e8cdcd06c00,0,21500.0,0.112,0.775
f80b78383e51,0,38300.0,0.112,0.775
9308f36d3339,0,51400.0,0.112,0.775
7c7c98c049fc,0,18500.0,0.112,0.775
7f149e005676,0,42300.0,0.112,0.775
03eab8260bb1,0,64600.0,0.112,0.775
652db6bd9bc0,9,18800.0,0.112,0.775
875d021e127e,0,66700.0,0.112,0.775
03de3a481932,0,30000.0,0.112,0.775
d16f593d21b7,0,65400.0,0.112,0.775
18c895161a2e,3,36600.0,0.112,0.775
8b30fdf4a8df,0,24400.0,0.112,0.775
08ac8c2af772,0,60500.0,0.112,0.775
bdd9bbf77351,0,31000.0,0.112,0.775
76894e6ba8bf,0,21500.0,0.112,0.775
6c330d4da69e,0,44000.0,0.112,0.775
edfc2e0cfecb,0,36200.0,0.112,0.775
d5e309a2da6e,0,19000.0,0.112,0.775
b78f99c2cefc,0,19000.0,0.112,0.775
68edf644624d,92,48300.0,0.59,0.18
7b13c8e45163,0,23300.0,0.112,0.775
62a8d6c904b0,0,35400.0,0.112,0.775
717334559d30,0,90000.0,0.112,0.775
5fbd919d4a0f,0,68300.0,0.112,0.775
58981785ce00,0,40500.0,0.112,0.775
c5dd652f884c,1,29000.0,0.112,0.775
a8dd8b4403ed,67,17900.0,0.112,0.775
c1d71f333c66,0,28700.0,0.112,0.775
cd4b2134ebd2,12,15000.0,0.112,0.775
60d3dacd58b2,12,15000.0,0.112,0.775
de847278ae4d,0,69900.0,0.112,0.775
50714a62804f,0,33200.0,0.112,0.775
7c4dab4afdd2,0,40100.0,0.112,0.775
10ab50dc62a5,2,22300.0,0.112,0.775
d45103b17885,0,29700.0,0.112,0.775
3bb72d054c7f,0,48800.0,0.112,0.775
2af759135e0f,0,19300.0,0.112,0.775
3e789ccf7c0c,0,22600.0,0.112,0.775
8bc4c17db257,0,31200.0,0.112,0.775
a743ac800279,0,39500.0,0.112,0.775
331d08a4342e,0,62400.0,0.112,0.775
3855d17c80ab,3,26500.0,0.112,0.775
e1628e8e7842,1,15800.0,0.112,0.775
12ce0b77c9d2,1,15800.0,0.112,0.775
34d41b250015,4,31000.0,0.112,0.775
288e9bcee380,0,42300.0,0.112,0.775
747f309065df,2,44500.0,0.112,0.775
68ee4462ad58,0,23700.0,0.112,0.775
878b3bbf55ac,0,17100.0,0.112,0.775
9925f9a68598,28,24140.0,0.112,0.775
85277d92fb24,0,23500.0,0.112,0.775
192dcaa37427,98,34900.0,0.112,0.775
0d04f7d4ad05,0,26600.0,0.112,0.775
7e2fc3b9d2ec,0,18600.0,0.112,0.775
0e3380e11939,0,28300.0,0.112,0.775
20c620a45e07,27,30900.0,0.112,0.775
4f12b1de8ceb,93,3880.0,0.112,0.775
d23132d2b42e,100,37780.0,0.112,0.775
87273c145a14,45,23980.0,0.112,0.775
66489880cb86,21,,0.112,0.775
036e7492ea97,0,12580.0,0.112,0.775
82d7f9bd0abe,52,,0.112,0.775
787e857ff6b9,0,44160.0,0.112,0.775
77c6b6c15b58,86,,0.112,0.775
328451844735,100,27220.0,0.112,0.775
087d424e315d,93,,0.112,0.775
f891ad942510,2,4780.0,0.112,0.775
9bcff5c64ead,7,24140.0,0.112,0.775
158f9da914da,0,31800.0,0.112,0.775
5c60498eea5d,80,21240.0,0.112,0.775
9a2edc90f3a9,70,35900.0,0.112,0.775
98cfb7995d7d,0,27200.0,0.112,0.775
e43b15bcb3ef,1,22200.0,0.112,0.775
57adf52ec999,0,25100.0,0.112,0.775
d6914345f4ce,6,32900.0,0.112,0.775
6aeafbbcc044,0,27200.0,0.112,0.775
ac42b181dc81,11,27300.0,0.146,0.709
538c4018b030,1,24200.0,0.146,0.709
ef4309aab31b,0,18100.0,0.146,0.709
58695bf63dc1,66,13920.0,0.146,0.709
daed04dab849,37,32700.0,0.112,0.775
406c2dae7cc0,27,31400.0,0.146,0.709
eb9f89e747d5,0,18600.0,0.146,0.709
dbdaa8b09a36,0,64800.0,0.146,0.709
49609180ba50,9,14900.0,0.146,0.709
b86884e5550c,0,22200.0,0.146,0.709
24f6b792484b,0,76200.0,0.146,0.709
f861c2829671,2,15000.0,0.146,0.709
9d6303cb1e6a,0,69900.0,0.146,0.709
14e919887a14,0,18800.0,0.146,0.709
c17056693013,1,29400.0,0.146,0.709
618c96e61361,0,28200.0,0.146,0.709
a8153f2f3c6f,10,35500.0,0.146,0.709
215f542a0ac8,8,44300.0,0.112,0.775
102cbd498891,95,18120.0,0.146,0.709
f11452bd85d7,81,20560.0,0.146,0.709
d564856ef44b,88,10680.0,0.146,0.709
b9dafe9d12b3,29,30600.0,0.146,0.709
796b337ee898,76,13800.0,0.146,0.709
372ebe755589,5,30400.0,0.146,0.709
30d86c81e985,1,28400.0,0.146,0.709
21432a1e09cf,0,17500.0,0.146,0.709
fd12b4181189,6,18700.0,0.146,0.709
fc4ec462a376,0,71000.0,0.146,0.709
b260f9e67117,0,37400.0,0.146,0.709
2abdd7ab122e,0,45100.0,0.146,0.709
aececfa97756,0,32600.0,0.146,0.709
e949a835d7a8,0,40800.0,0.146,0.709
db683d9c8983,30,3900.0,0.146,0.709
2b2ff740589c,0,46400.0,0.146,0.709
b717cceec649,0,33600.0,0.146,0.709
d239a542e4eb,100,14400.0,0.146,0.709
b38937c58df5,3,28500.0,0.146,0.709
9f58fecde60c,3,32600.0,0.146,0.709
922496aa0d08,16,57400.0,0.146,0.709
21d8374d80c4,0,42400.0,0.146,0.709
14bf0c6761c0,0,28700.0,0.146,0.709
805f7f48080d,0,41800.0,0.146,0.709
567b5bb51a69,0,51500.0,0.146,0.709
b1b2ece69e65,0,18000.0,0.146,0.709
148a0188def1,0,46300.0,0.146,0.709
bde0b383a57c,59,31120.0,0.146,0.709
9762da327d9e,2,48500.0,0.146,0.709
5b81c33950b1,0,40800.0,0.146,0.709
71c25a11bc2d,0,25800.0,0.146,0.709
1763543ee618,0,46800.0,0.146,0.709
2392a1cd5711,0,37400.0,0.146,0.709
d40aea62bd9b,2,32800.0,0.146,0.709
cb78244f3152,0,55900.0,0.146,0.709
449b3eb9334d,0,52400.0,0.146,0.709
7cc8435e29cf,2,41900.0,0.146,0.709
a0c531667100,0,48700.0,0.146,0.709
f803c47464ce,0,36400.0,0.146,0.709
93eca6b0edf0,0,25900.0,0.146,0.709
63c0caa621b7,0,58600.0,0.146,0.709
cde8e0b337f6,0,34600.0,0.146,0.709
340d18c6034e,0,40000.0,0.146,0.709
369656fc7643,0,25200.0,0.146,0.709
c1fd82b4fea3,0,26900.0,0.146,0.709
77eeaed22d82,23,24140.0,0.146,0.709
982e9b5fb32c,0,54900.0,0.146,0.709
060bd98b5ec4,96,17000.0,0.246,0.509
6de993665a96,0,54200.0,0.146,0.709
0adc17322e9d,0,37900.0,0.146,0.709
621bc75884a5,0,35400.0,0.146,0.709
f9d4da26be0f,21,12200.0,0.146,0.709
10db4e392e3f,1,37800.0,0.146,0.709
eff748b84d5a,0,35500.0,0.146,0.709
9e0cf7afa06c,0,41800.0,0.146,0.709
adb98aa7fa6d,5,24140.0,0.146,0.709
bf8119e932e1,0,25300.0,0.146,0.709
2612d535516f,0,44700.0,0.146,0.709
07b66ea85917,0,37200.0,0.146,0.709
fc823ed406bd,2,14300.0,0.146,0.709
337ea9c3b395,0,38200.0,0.146,0.709
70611b432923,97,5740.0,0.146,0.709
65ca34966f59,0,21200.0,0.146,0.709
b1d07c1c6ad9,7,38600.0,0.146,0.709
243c533608b9,0,31500.0,0.146,0.709
3b0878479695,0,50400.0,0.146,0.709
83d24f1414a6,0,37700.0,0.146,0.709
4638885f2a83,0,39400.0,0.146,0.709
3d538c7dd124,0,34400.0,0.146,0.709
11cb085e90cb,79,6580.0,0.146,0.709
9c161b023566,0,14200.0,0.146,0.709
c5b2f2991523,0,38200.0,0.146,0.709
f78951edc0d7,0,34400.0,0.146,0.709
3c7dcae9504e,0,67100.0,0.146,0.709
857854ba363c,100,31300.0,0.146,0.709
2c0c8cd9042f,0,51800.0,0.146,0.709
445581a24655,0,37200.0,0.146,0.709
2ba7e921866d,23,24140.0,0.146,0.709
885f8fb0d5b3,0,25900.0,0.146,0.709
65b5f932f23a,0,37200.0,0.146,0.709
bfe985375135,0,41900.0,0.146,0.709
184462daba30,0,42500.0,0.146,0.709
007dd9728d09,100,31300.0,0.146,0.709
8f19927fddd5,0,38800.0,0.146,0.709
58e9b15afb81,0,35600.0,0.146,0.709
794cbb6ef0f5,0,46800.0,0.146,0.709
9625de2b25ad,0,38800.0,0.146,0.709
d4ff61557f35,0,58900.0,0.146,0.709
af6078068986,0,28600.0,0.146,0.709
c1df43912ae1,99,18200.0,0.146,0.709
a4742073b21c,0,43100.0,0.146,0.709
ed7c5aeaf742,0,40500.0,0.146,0.709
21622faf08b6,0,26500.0,0.146,0.709
187bc6c2e561,0,35900.0,0.146,0.709
3cf78df490c9,0,28900.0,0.146,0.709
f55508dec5c8,0,71100.0,0.146,0.709
e29c7a8f0e2b,11,12900.0,0.146,0.709
ea2069169844,0,43900.0,0.146,0.709
eba878992aff,0,39000.0,0.146,0.709
f0adcca18882,0,50100.0,0.146,0.709
c2fdf0ba0cd5,0,24140.0,0.146,0.709
1a662ede1443,0,29500.0,0.146,0.709
924ce4583900,0,69300.0,0.146,0.709
ce667fdda089,0,64000.0,0.146,0.709
e9b67609cd54,0,33200.0,0.146,0.709
3672d3773425,0,27100.0,0.146,0.709
7db77ba2bf4f,0,83800.0,0.146,0.709
6f22c4a7b212,0,38300.0,0.146,0.709
32ee17326598,0,37200.0,0.146,0.709
9e80e8afc89b,0,70900.0,0.146,0.709
76d05d073395,0,34800.0,0.146,0.709
29f037caceb4,0,72400.0,0.146,0.709
888b5938ceca,0,37900.0,0.146,0.709
d8141527a9f6,0,83300.0,0.146,0.709
18ffcd5d5735,0,63600.0,0.146,0.709
587915fd63b0,0,46400.0,0.146,0.709
e876a68c5844,0,25800.0,0.146,0.709
bc1e3b94a936,0,34900.0,0.146,0.709
5b1c7bb19333,0,45300.0,0.146,0.709
3c63d00a3229,10,36200.0,0.146,0.709
c72f7a3bad1e,16,14400.0,0.146,0.709
af6df2c4f385,0,56100.0,0.146,0.709
f22424ff21d1,0,30400.0,0.112,0.775
8ff92bc2b137,0,17800.0,0.146,0.709
79c12c19587f,0,35000.0,0.146,0.709
1965022c9d97,19,13500.0,0.146,0.709
7c9bee583836,0,26500.0,0.146,0.709
6e8229cedbda,0,28300.0,0.146,0.709
70fa62eade02,0,56500.0,0.146,0.709
1ae3523aa00d,0,30800.0,0.146,0.709
229cfb714053,2,31200.0,0.146,0.709
866818373339,0,45900.0,0.146,0.709
1380f633012d,1,30500.0,0.146,0.709
dd7db94fe24b,0,61300.0,0.146,0.709
5dca40ce0959,0,30500.0,0.146,0.709
8105f7d64c65,100,15800.0,0.146,0.709
08a50e277bc9,99,24400.0,0.146,0.709
e18b69256c12,0,26200.0,0.146,0.709
d4585c3a4382,11,12200.0,0.146,0.709
dafe0d29d561,0,24140.0,0.146,0.709
9b69fb1d0a13,0,43700.0,0.146,0.709
e81f9a729c49,0,47300.0,0.146,0.709
82bf7512c23a,0,61300.0,0.146,0.709
b9912bf9bd1a,0,52800.0,0.146,0.709
4c5e7fe33e8e,0,35600.0,0.146,0.709
2deee36f2d5b,0,33600.0,0.146,0.709
0767d713dad2,0,24140.0,0.146,0.709
8c9676fb35e7,0,38000.0,0.146,0.709
842a169f343c,0,42500.0,0.146,0.709
611419f7ac11,0,21700.0,0.146,0.709
38e054b4fbcc,0,32000.0,0.146,0.709
8087fc2aef87,19,57700.0,0.146,0.709
00abb0f4c4b6,0,17900.0,0.146,0.709
cbdb63325e8b,0,39400.0,0.146,0.709
5fd2e16274f6,0,24200.0,0.146,0.709
dff671259956,0,55600.0,0.146,0.709
cd1d0cfb2913,0,47400.0,0.146,0.709
861230594d8a,0,42900.0,0.146,0.709
b9f03964fe13,0,21100.0,0.146,0.709
8f5f52830bbb,0,27800.0,0.146,0.709
54ac0cb9ae42,100,13700.0,0.146,0.709
600ad7a25ea3,0,31500.0,0.146,0.709
3d4a456c7b0d,0,44100.0,0.146,0.709
a3fb46af3dee,0,40500.0,0.146,0.709
df2c2a2a80f7,0,29500.0,0.146,0.709
0e7f12673a2c,0,66700.0,0.146,0.709
583ae47c4d61,0,24200.0,0.146,0.709
1afae5562927,0,80500.0,0.146,0.709
89c789fd21db,7,13900.0,0.146,0.709
bfba089b700d,0,24140.0,0.146,0.709
ed68f221ac36,0,54400.0,0.146,0.709
f7fd204d04d0,97,30900.0,0.146,0.709
7fbcd8beeec5,0,38500.0,0.146,0.709
0a45a341f086,0,39400.0,0.146,0.709
dce8469a1724,0,41000.0,0.146,0.709
5c075be067ab,0,24140.0,0.146,0.709
86466947e628,0,90000.0,0.146,0.709
ef3cdc9b27ce,98,29700.0,0.146,0.709
895a656e7cae,0,48200.0,0.146,0.709
effcb0c3ca92,0,55500.0,0.146,0.709
6f796b052581,0,53400.0,0.146,0.709
e4a8fa35cb7c,0,28100.0,0.146,0.709
f2ef2e7d4594,100,26000.0,0.146,0.709
3586a2304806,0,36100.0,0.146,0.709
243fb2383649,0,25400.0,0.121,0.759
b338b7873e46,0,20900.0,0.176,0.648
7227985ae9fb,0,20200.0,0.146,0.709
744a8c4a1e58,0,90000.0,0.146,0.709
404bbf403ec8,0,29400.0,0.146,0.709
3ac87fce15b5,0,38400.0,0.146,0.709
0ddfb67466c9,0,53800.0,0.146,0.709
87c9807b4e7a,0,34300.0,0.146,0.709
7892351df75d,0,19300.0,0.146,0.709
bb1991d924c8,0,26200.0,0.146,0.709
df0958ec5316,0,72900.0,0.146,0.709
b99040681462,0,23000.0,0.146,0.709
14f7ebc3689a,11,21600.0,0.146,0.709
e0c9d649ec24,0,30500.0,0.146,0.709
ae938cf45eb1,0,36000.0,0.146,0.709
fa2397e2c4ef,0,51000.0,0.146,0.709
a2236e408a29,0,53400.0,0.146,0.709
c55153c7574e,0,44300.0,0.146,0.709
6a1d255f5bb7,0,31700.0,0.146,0.709
8c8fa9bc2111,0,51400.0,0.146,0.709
052471fc1261,0,49400.0,0.146,0.709
a2a1a028b511,0,45600.0,0.146,0.709
7fbd39560815,0,21300.0,0.146,0.709
c872c33e96d3,0,50200.0,0.146,0.709
31faa3046e4f,0,29800.0,0.146,0.709
9d7e84e2ac4f,1,27700.0,0.146,0.709
ad667883aee3,0,14820.0,0.112,0.775
1c3568f4c5e1,7,22600.0,0.146,0.709
90fc64ef5da6,0,46900.0,0.146,0.709
53fd0554ec05,8,20600.0,0.146,0.709
a228a4628601,0,72100.0,0.146,0.709
08e39c6c0d34,2,23800.0,0.146,0.709
1027c184938f,0,30600.0,0.146,0.709
65d2cb4fcb10,0,61800.0,0.146,0.709
43f21ac80ddd,2,41700.0,0.146,0.709
428c65d7df58,0,62500.0,0.146,0.709
83a3ff3a3a4d,5,14800.0,0.146,0.709
90ddf591862a,100,24140.0,0.146,0.709
615c1dcadad5,1,17300.0,0.146,0.709
c36381a33a3b,0,63400.0,0.146,0.709
dc1aebf55c9f,0,69600.0,0.176,0.648
e72435b4dc76,5,23600.0,0.146,0.709
edfc1484b241,2,24700.0,0.146,0.709
bc063c8d2dc7,0,18400.0,0.176,0.648
450f5e8476db,0,55000.0,0.146,0.709
3a8d4d4ca566,0,20900.0,0.146,0.709
b6cc49be3400,58,63200.0,0.146,0.709
478df3ac068f,13,24140.0,0.146,0.709
45f3bd08c6ad,17,24140.0,0.146,0.709
78a4ed7efd2b,0,57300.0,0.146,0.709
2cf068b156e6,0,59900.0,0.146,0.709
8dcd54fc6e11,50,12200.0,0.146,0.709
21a6cb5a7b19,0,53400.0,0.146,0.709
30d11a914447,0,50100.0,0.146,0.709
892b843853c8,0,45700.0,0.146,0.709
645e1c3d92bb,0,40100.0,0.146,0.709
c61cd69fe098,0,74600.0,0.146,0.709
3aa79916fd6c,28,15700.0,0.146,0.709
eeb15623418b,1,500.0,0.146,0.709
9aebed1d7a70,11,24140.0,0.146,0.709
643bed1f44c6,41,21400.0,0.085,0.831
1549b87db647,0,37900.0,0.146,0.709
a3af4fbd39f5,0,37900.0,0.146,0.709
77aa76176674,1,13800.0,0.146,0.709
e9bff17e1434,53,16000.0,0.146,0.709
83af0c98e59f,0,15000.0,0.112,0.775
f4c7822dd38f,2,38000.0,0.146,0.709
e913ec49ea04,0,39100.0,0.146,0.709
fefded756b60,19,29700.0,0.112,0.775
382b8d36cd98,1,28400.0,0.146,0.709
a1e70b9be0ce,1,28400.0,0.146,0.709
0f94d8b5f083,1,32600.0,0.146,0.709
5afe19e9c4b6,1,32600.0,0.146,0.709
8280159326bf,1,28400.0,0.146,0.709
39bb5bc24544,2,44500.0,0.146,0.709
742f7dc06c61,0,47100.0,0.146,0.709
818de4a89677,0,18600.0,0.112,0.775
fc2ff2cca909,0,32300.0,0.146,0.709
88a8c1b7056d,0,17000.0,0.146,0.709
6c144a0bbf9d,11,,0.146,0.709
7ea3af21bc8d,0,46000.0,0.146,0.709
8352897aea78,5,24140.0,0.146,0.709
ce7fffaa7cfb,100,24100.0,0.146,0.709
8d88d70fa0d3,100,9180.0,0.146,0.709
e0c4ee324e03,97,18500.0,0.146,0.709
70cfdfef69b8,0,89600.0,0.146,0.709
61d948826185,98,,0.146,0.709
e4da53624844,84,13060.0,0.146,0.709
6088aeff4559,100,47560.0,0.146,0.709
528a1f7ef36a,93,13780.0,0.146,0.709
894124b5dd06,100,,0.146,0.709
a7e00cafc0af,100,7320.0,0.146,0.709
cae1a434b500,0,50000.0,0.146,0.709
aa8060cd8201,29,33000.0,0.146,0.709
825d5a053acd,41,40680.0,0.146,0.709
dce99a136b1e,100,2480.0,0.146,0.709
68a166984863,100,18040.0,0.146,0.709
35a060273b35,22,24140.0,0.146,0.709
04b8ca0d26ec,0,50000.0,0.146,0.709
af34a532d530,0,24140.0,0.146,0.709
b419bdd4f9d5,100,,0.146,0.709
82a52b2e61e0,92,,0.146,0.709
40b37e996f18,64,25820.0,0.146,0.709
5854f4976c08,1,,0.146,0.709
263c4a30cd17,93,8040.0,0.146,0.709
9bea7a1b532a,95,24140.0,0.146,0.709
fd4493f79cf2,100,29400.0,0.146,0.709
3edc88a779e2,99,,0.146,0.709
5c1f8ea66fec,100,50000.0,0.146,0.709
395975a6b234,23,25560.0,0.146,0.709
d0c4597fa221,44,14620.0,0.146,0.709
3d1080f0a576,100,41340.0,0.146,0.709
8900bde5fc0c,94,,0.146,0.709
94a2ce7ef4f4,100,,0.146,0.709
929fe1643d40,100,,0.146,0.709
59925bdc7338,0,15220.0,0.146,0.709
d025f4d65edd,85,9620.0,0.146,0.709
dbf9f383e444,100,,0.146,0.709
36f37f928ec2,100,15300.0,0.146,0.709
c934fb4b6017,13,19020.0,0.146,0.709
792b18cdfc37,100,,0.146,0.709
303d583aba2b,54,7460.0,0.146,0.709
c43ca7b5b846,70,10280.0,0.146,0.709
6041f605c7e8,70,9200.0,0.146,0.709
de7e2ee29f3a,43,9920.0,0.146,0.709
cff857cd1a72,91,,0.146,0.709
d8059a2a1d9b,99,21140.0,0.146,0.709
54a6ed07a864,100,20800.0,0.146,0.709
a2c89d1864cf,84,12360.0,0.146,0.709
b4c856b5993b,73,18620.0,0.146,0.709
c7eac9c45e5d,100,17320.0,0.146,0.709
46e68263de99,73,24140.0,0.085,0.831
2aea4533a956,100,24140.0,0.146,0.709
16389e2da94a,99,,0.146,0.709
3d0681facee0,11,3380.0,0.146,0.709
b70dff4b706e,78,13480.0,0.146,0.709
dc3bc29b6f3d,17,27400.0,0.146,0.709
b2277d3ef29e,0,33400.0,0.146,0.709
567372d0d17b,0,35800.0,0.146,0.709
16476790454a,5,33200.0,0.146,0.709
bec6dd2b737e,0,42400.0,0.176,0.648
c8d1cf597dde,0,48100.0,0.146,0.709
04bd9c4eadd0,5,29400.0,0.176,0.648
ce00cf62dc09,0,32200.0,0.176,0.648
4b572a93d4f2,11,24140.0,0.146,0.709
4db5e890574c,0,16400.0,0.146,0.709
f854f826151a,0,30200.0,0.176,0.648
ee4652cb4d46,2,33700.0,0.176,0.648
a52b4776416a,38,22400.0,0.176,0.648
6c1b33fe6a1d,0,39900.0,0.146,0.709
9253f1761222,59,23600.0,0.176,0.648
ddd05ec541bb,0,27600.0,0.176,0.648
65aa25d8c71e,0,2800.0,0.176,0.648
9624085e985d,9,24140.0,0.146,0.709
f9c45a981c9f,0,40500.0,0.176,0.648
78f66122f3b2,0,48100.0,0.176,0.648
3ab6b97a4fc4,0,44800.0,0.146,0.709
ac71aa647849,0,39900.0,0.176,0.648
e817f65b116a,0,46900.0,0.146,0.709
38d7a73f9219,1,29300.0,0.176,0.648
c5bc9085ff6a,14,23600.0,0.176,0.648
fd320c9d79a0,0,45700.0,0.176,0.648
fcd74dc79566,0,19300.0,0.176,0.648
61c2388c98fe,0,26400.0,0.176,0.648
dece38a1ff27,100,17680.0,0.176,0.648
5e507322f26d,0,28000.0,0.176,0.648
861b3a86072a,0,33700.0,0.176,0.648
fe1bdc07c29d,0,35600.0,0.176,0.648
3f68e87076c8,95,25480.0,0.176,0.648
638cd3e5efb9,0,35600.0,0.176,0.648
ebe5b2eba6b5,0,21800.0,0.176,0.648
342d8f7da158,0,48100.0,0.176,0.648
feca13a9235a,100,34900.0,0.146,0.709
b3bc66267da4,0,39500.0,0.176,0.648
c1b43c328603,0,41800.0,0.146,0.709
d34d64987a24,0,36500.0,0.176,0.648
a2623a9619a7,0,21300.0,0.176,0.648
9d3d29978f2e,2,33200.0,0.176,0.648
e3f065fb6618,0,37100.0,0.146,0.709
bd9de87e8fad,0,45600.0,0.176,0.648
7f88dbde0e83,0,29100.0,0.176,0.648
78fca76476fd,0,39900.0,0.176,0.648
99c2b55f588c,0,60700.0,0.146,0.709
ca4d23a0ef81,0,47500.0,0.176,0.648
cfcc997e9a66,0,38700.0,0.176,0.648
d1952d4aff56,0,27500.0,0.176,0.648
d852d4e139f4,0,23800.0,0.176,0.648
1795c3dd1100,12,33900.0,0.176,0.648
3d838dee15d0,1,31700.0,0.176,0.648
49671cb7584c,0,15200.0,0.176,0.648
bf8dee7fb068,0,20500.0,0.176,0.648
f2c02447ebe6,0,30400.0,0.176,0.648
71c6a2ea67be,69,19200.0,0.176,0.648
cdefcefd6f4b,14,23700.0,0.146,0.709
a273b658158e,19,40900.0,0.176,0.648
7a0dcef760c0,0,37700.0,0.176,0.648
2bb1d535d52b,0,25600.0,0.176,0.648
784bf99890f2,0,26900.0,0.176,0.648
074c14dd5ef0,0,24600.0,0.176,0.648
f6ec76a72772,0,21400.0,0.176,0.648
85ff14931413,0,33400.0,0.176,0.648
3763e828c403,5,42900.0,0.176,0.648
ac0d4341d3eb,0,85800.0,0.176,0.648
ad2935c89a60,4,32200.0,0.176,0.648
0d1f667012e5,0,21100.0,0.176,0.648
b1195f4a0cc9,0,21800.0,0.176,0.648
aee89753af64,0,31200.0,0.176,0.648
ebec3f7e5e9f,1,26900.0,0.176,0.648
f50bf951411e,0,41500.0,0.176,0.648
30a39fc1d288,0,21800.0,0.176,0.648
6611861d5bc1,31,45200.0,0.176,0.648
5fbd58db78c2,3,79500.0,0.176,0.648
cf4e3822af51,0,19900.0,0.176,0.648
9d545a4f82be,100,4020.0,0.176,0.648
b748d1fb1a89,0,31600.0,0.176,0.648
d6c6d751d33c,79,7760.0,0.176,0.648
d36901019d56,0,39400.0,0.176,0.648
25fbe373e2a0,40,46400.0,0.176,0.648
0e570173e13a,0,31800.0,0.176,0.648
4168c15af343,13,27900.0,0.176,0.648
9cd08c69a97b,0,22300.0,0.176,0.648
325c36763f9d,0,74500.0,0.176,0.648
486168e0f68f,0,33500.0,0.176,0.648
74ccc2bbeabe,0,21800.0,0.176,0.648
8f8058a2fb46,0,33700.0,0.176,0.648
086375c8bd4a,7,23100.0,0.176,0.648
8fd590d84073,0,85800.0,0.176,0.648
e73800e4259b,0,20900.0,0.176,0.648
fe8f5b1f11f5,0,41300.0,0.176,0.648
d33157c4c4b0,0,20200.0,0.176,0.648
0ddf616ba601,0,34800.0,0.176,0.648
68c5a54eaadc,40,46400.0,0.176,0.648
fe63f6998b68,0,31200.0,0.176,0.648
1fe4af5692c7,0,26600.0,0.176,0.648
542f923a0acf,0,60300.0,0.176,0.648
313dfe696ed5,0,46900.0,0.176,0.648
541aa7a21e29,99,31200.0,0.176,0.648
5af5b979f7f0,0,22100.0,0.176,0.648
4fa3b4ab6064,100,20100.0,0.176,0.648
bcedb6d338be,0,30600.0,0.176,0.648
a0d095dd6213,0,58600.0,0.176,0.648
53662c8faac7,0,31700.0,0.176,0.648
22c33247e742,0,27400.0,0.176,0.648
74bd46e629e8,0,40300.0,0.176,0.648
1e0d9e561be6,7,28100.0,0.176,0.648
6a4437ad292f,100,200.0,0.176,0.648
08bb35f2c7c6,0,30200.0,0.176,0.648
3920023597a0,0,28200.0,0.176,0.648
6a4247da4d39,0,40700.0,0.176,0.648
bb22fa67fc9e,0,41700.0,0.176,0.648
11b3ab0ac8c7,0,40500.0,0.176,0.648
b24e1e019efb,0,83900.0,0.176,0.648
ed7ff8a35de4,0,21800.0,0.176,0.648
d1e300a8ed75,0,22600.0,0.176,0.648
bf0b8267506b,0,76400.0,0.176,0.648
7fa101d57b73,0,30800.0,0.176,0.648
4ba8985a32a7,0,25800.0,0.176,0.648
d6d7b983027a,10,23100.0,0.176,0.648
8d3fd23056f7,5,27300.0,0.176,0.648
14485e65169d,0,36700.0,0.176,0.648
bae411022843,0,61300.0,0.146,0.709
2342528cb418,0,18800.0,0.176,0.648
67fc78db7256,0,52000.0,0.176,0.648
d0fa00803093,0,29400.0,0.176,0.648
64488f8d5f0a,0,30600.0,0.176,0.648
9e2d90a54513,8,25300.0,0.176,0.648
667afee9f91d,0,26400.0,0.176,0.648
9372e3405b30,99,12200.0,0.176,0.648
aec06f307f40,82,14140.0,0.176,0.648
b19ced29e811,38,90000.0,0.176,0.648
522e82f197e4,0,30500.0,0.176,0.648
fc617d41562c,0,28600.0,0.176,0.648
1948bc3a0945,0,22200.0,0.176,0.648
9376964f27a3,0,20600.0,0.176,0.648
d0035cb4c3f8,0,67500.0,0.176,0.648
534f56f2b72b,5,25900.0,0.176,0.648
4f001dc576e8,64,36800.0,0.176,0.648
cef4398d3ee8,0,29000.0,0.176,0.648
8c9e7acb260f,0,39500.0,0.176,0.648
73e2366c770d,0,41700.0,0.176,0.648
c1177fe98013,8,40000.0,0.176,0.648
77a0faae3ebc,0,21800.0,0.176,0.648
ef37ad0af7d6,0,50400.0,0.176,0.648
ed05e76e959e,0,78200.0,0.176,0.648
d717279ba04c,0,21400.0,0.176,0.648
f3c41308e54c,0,59900.0,0.176,0.648
0906c6dfd13b,1,30000.0,0.176,0.648
2cb38c8adf48,0,27200.0,0.176,0.648
a73f689a2519,5,29300.0,0.176,0.648
ea77273acb94,13,31100.0,0.176,0.648
6fa1d8b20c8f,0,46400.0,0.176,0.648
574f95cc4591,30,32800.0,0.176,0.648
3cc6e97f86a7,27,44300.0,0.176,0.648
d3ecbb8faabd,0,26200.0,0.176,0.648
bfe5522f628e,0,47500.0,0.176,0.648
c8639f126bcf,0,24100.0,0.176,0.648
b36df2b45fc8,20,13100.0,0.176,0.648
1bcbecd6871a,3,37100.0,0.176,0.648
8aaa97002108,14,61200.0,0.176,0.648
3f263bcdb4a1,0,53200.0,0.176,0.648
32f34d075bc0,0,83100.0,0.176,0.648
aaed13545973,0,23100.0,0.176,0.648
b3f49144fffb,36,23700.0,0.176,0.648
2ca2b8bff991,31,45200.0,0.176,0.648
1074c5def9c7,0,47800.0,0.176,0.648
d7ef1e3a839e,0,20900.0,0.176,0.648
62f17ca24a02,0,25600.0,0.176,0.648
baa7a49f845c,0,29100.0,0.176,0.648
00bbc13cd2cf,0,51700.0,0.176,0.648
2551a7f22cd4,0,23100.0,0.176,0.648
91d5ae57b0eb,0,31800.0,0.176,0.648
5b0ac14c7550,0,40500.0,0.176,0.648
59455bb62823,0,37100.0,0.176,0.648
a2c33d05d5b9,0,60100.0,0.176,0.648
73d83995b4c6,0,60100.0,0.176,0.648
d8cb951ded75,0,37500.0,0.176,0.648
3964600f691a,0,37300.0,0.176,0.648
4e302b53bd7c,53,20200.0,0.176,0.648
600780b715db,100,13100.0,0.176,0.648
79464f5d75ab,4,32100.0,0.176,0.648
33a209d05629,0,32500.0,0.176,0.648
de661e0aad18,0,33900.0,0.176,0.648
9b26948ad63a,1,73900.0,0.176,0.648
bf379e0c535d,0,35900.0,0.176,0.648
289f8b8d7a8b,1,29300.0,0.176,0.648
1a3c3f57815c,0,63000.0,0.176,0.648
5a90733e5697,0,27100.0,0.176,0.648
e991ee2847df,0,21400.0,0.176,0.648
fede5f0071c8,0,27000.0,0.176,0.648
a6f0391cd9ff,0,54300.0,0.176,0.648
d0c7e7edd0a2,0,26200.0,0.176,0.648
2d84f2a3bd90,0,26800.0,0.176,0.648
a16fc89d48ca,13,27300.0,0.176,0.648
af353f61e666,0,22600.0,0.176,0.648
aa749af40865,0,41100.0,0.176,0.648
7b45abbd3957,0,23800.0,0.176,0.648
6af2cc971c74,1,24300.0,0.176,0.648
308915c2c5f2,3,24600.0,0.176,0.648
201b783a3bca,0,26900.0,0.176,0.648
216680c85229,0,46600.0,0.176,0.648
06481d0e23f4,0,74500.0,0.176,0.648
e00ce42ca0a9,0,52400.0,0.176,0.648
3a89cab6ec69,2,23700.0,0.176,0.648
6e7db973b205,0,40800.0,0.176,0.648
a1d0f30022ce,0,34700.0,0.176,0.648
cec23876ad46,0,25700.0,0.176,0.648
4e4155a42ef3,0,24400.0,0.176,0.648
054f246ff464,0,60800.0,0.176,0.648
04a8954d2915,0,51300.0,0.176,0.648
a39b55ed3d83,0,68600.0,0.176,0.648
c5c0ac56cc77,0,81700.0,0.176,0.648
1113379ea092,0,75300.0,0.176,0.648
26d5e4e536bd,0,30500.0,0.176,0.648
521c1675723b,0,37000.0,0.176,0.648
9b193fadb788,0,84500.0,0.176,0.648
7b8196535166,0,81700.0,0.176,0.648
184e9b7aa0d2,3,28500.0,0.176,0.648
6cf2ea24fa5b,0,37000.0,0.176,0.648
9c4c129e2865,0,36600.0,0.176,0.648
3e6fc07e8f9d,0,25900.0,0.176,0.648
f4e4cdb86de1,15,24500.0,0.176,0.648
500e9990b60d,0,20700.0,0.176,0.648
ce68a3d8a5e3,0,33600.0,0.176,0.648
1f6cf3557035,0,25400.0,0.176,0.648
10a0ab5bdda3,0,37900.0,0.176,0.648
caf2ec6db705,0,45900.0,0.176,0.648
aec8fd5e83b7,2,18700.0,0.176,0.648
915dbf966cb4,0,47600.0,0.176,0.648
789798b25800,0,31200.0,0.176,0.648
48aede3e1a06,0,21400.0,0.176,0.648
cc2ee1fad57f,0,37100.0,0.176,0.648
c20880fef20b,0,24900.0,0.176,0.648
e2ed89a3caa2,0,41800.0,0.176,0.648
d7c72c727af8,0,77300.0,0.176,0.648
bfae6dc8d700,100,13100.0,0.176,0.648
34ff4beb5218,0,53800.0,0.176,0.648
64ef7c6900b8,0,40500.0,0.176,0.648
e5359e7c3aba,0,19500.0,0.176,0.648
5c20a32ef0b8,0,68900.0,0.176,0.648
9f5df94ca9b9,0,28600.0,0.176,0.648
60162bce952b,28,29400.0,0.176,0.648
f6ba0aa323b6,100,50000.0,0.176,0.648
051fe3851792,0,21700.0,0.176,0.648
7a6cc7e80941,0,20800.0,0.176,0.648
97071fa0c18b,1,18600.0,0.176,0.648
76eda57917d8,0,75300.0,0.176,0.648
6afd1c3ba457,0,17700.0,0.176,0.648
ab8445f7416a,0,20400.0,0.176,0.648
ebad494a9b04,17,90000.0,0.176,0.648
27577586f773,13,90000.0,0.176,0.648
ee7939d498d5,0,36800.0,0.176,0.648
34e18db7fd2e,0,60000.0,0.176,0.648
c98c97d1e562,0,37900.0,0.176,0.648
3cce61a63bae,6,19000.0,0.176,0.648
bd035c15dbaf,40,90000.0,0.176,0.648
cfde75ad4e6b,0,29100.0,0.176,0.648
05fb994c9dec,0,34600.0,0.176,0.648
6d1107485f0b,0,28100.0,0.176,0.648
390030d1a6e1,0,50000.0,0.176,0.648
7210c4b9258f,0,18000.0,0.176,0.648
84f2977737f0,10,12200.0,0.176,0.648
4d36097202ea,0,19000.0,0.176,0.648
40d78e5ae70e,0,53700.0,0.176,0.648
0cf75fafa879,0,49500.0,0.176,0.648
65303743b0dd,0,69800.0,0.176,0.648
8805516cb22d,0,42100.0,0.176,0.648
720917154ccb,0,42700.0,0.176,0.648
c9d18f47b9b2,0,20500.0,0.176,0.648
51617fef318a,0,54900.0,0.176,0.648
823f27af0ffd,43,24140.0,0.176,0.648
b54a240a3729,0,70000.0,0.176,0.648
1e880ad5e839,1,28900.0,0.176,0.648
32fa19a74a3d,0,21600.0,0.176,0.648
426e3cf06049,41,22500.0,0.176,0.648
533163219f4f,0,42500.0,0.176,0.648
fb4ea4c87df8,0,35200.0,0.176,0.648
baa939f2729e,0,35000.0,0.176,0.648
d91ccb4e10d7,100,12200.0,0.176,0.648
9303ba0d8d4f,0,25100.0,0.176,0.648
d2ddea273245,0,64100.0,0.176,0.648
52bddf5baa11,4,30600.0,0.176,0.648
d4c4beffc9a4,0,37100.0,0.176,0.648
7c5b4a31c9c4,0,44300.0,0.176,0.648
976a443b7b53,0,20900.0,0.176,0.648
76c42826dcf1,0,49800.0,0.176,0.648
ceb985eac180,3,19500.0,0.176,0.648
49beb6c768e7,0,20900.0,0.176,0.648
f2a6c1e1b3e8,3,21800.0,0.176,0.648
697fdc0d9e16,0,37400.0,0.176,0.648
f5d983111bcd,95,31300.0,0.176,0.648
df3af80b2d7a,96,14600.0,0.176,0.648
cc9c978a2d3c,0,53800.0,0.176,0.648
7758d8f6a10d,0,54600.0,0.176,0.648
3acd39fd4051,0,26300.0,0.176,0.648
338183ec3c2d,61,24140.0,0.176,0.648
192eeb70e4ff,0,78500.0,0.176,0.648
95d5e6bc0701,0,41900.0,0.176,0.648
a555a47f9c2f,0,38800.0,0.176,0.648
d5954aa6c0ed,0,43100.0,0.176,0.648
7f8e068603b1,0,57400.0,0.176,0.648
e3bd49db1de8,2,23300.0,0.176,0.648
52a132026acb,0,20800.0,0.176,0.648
c7d7332ad836,0,38000.0,0.176,0.648
02c9179bc871,93,25740.0,0.176,0.648
c30d85aa5c50,13,9040.0,0.146,0.709
8fdd3102b8a3,86,22400.0,0.176,0.648
87acd1f7a782,0,34600.0,0.176,0.648
ae765ee53c34,0,32500.0,0.176,0.648
edf24f350988,0,30800.0,0.176,0.648
f0a2c9f06807,0,32700.0,0.176,0.648
768cf80ac342,0,23700.0,0.176,0.648
09dabf7f3046,0,25300.0,0.176,0.648
6c73d8db3e22,0,30000.0,0.176,0.648
101303fad57b,52,24140.0,0.176,0.648
55689e0d84b2,0,30800.0,0.176,0.648
d0cc286f8fd6,0,27100.0,0.176,0.648
2fbc91a4ed4d,28,24140.0,0.176,0.648
3275e1d1de8c,38,24140.0,0.176,0.648
a79dca6bc866,29,24140.0,0.176,0.648
f73d1622b051,8,26600.0,0.176,0.648
379c332e6790,0,24200.0,0.176,0.648
1d1425a3cb98,1,24140.0,0.176,0.648
11a4ea8b1849,0,22200.0,0.176,0.648
ee73b0beff1e,0,27700.0,0.176,0.648
32ecd3568dff,0,53600.0,0.176,0.648
08184838661a,96,40140.0,0.146,0.709
f759d4b1f355,96,40140.0,0.146,0.709
ff5b5fd9c3c3,100,26840.0,0.176,0.648
d2705ff61c84,0,26400.0,0.176,0.648
a6438212dc1a,1,18200.0,0.176,0.648
4aa5708b5b28,0,16100.0,0.176,0.648
e943b97e30cc,0,34080.0,0.396,0.209
cce695d0e161,0,21300.0,0.176,0.648
4f717e06a595,37,30300.0,0.176,0.648
73ab0187966e,0,25300.0,0.176,0.648
1acf43238d8a,0,90000.0,0.176,0.648
dc11f33c8a08,97,31080.0,0.146,0.709
5e29d18c2c50,0,24100.0,0.176,0.648
0c662d6db4cf,98,51060.0,0.146,0.709
995433b3a384,0,17400.0,0.176,0.648
35f2d40b9b8b,4,13700.0,0.176,0.648
8f878172f9fe,0,23600.0,0.176,0.648
00b268b0fada,0,70300.0,0.176,0.648
9db760a13d22,0,23600.0,0.176,0.648
055d878eb505,18,66300.0,0.207,0.586
cb7f83e7a9c9,100,53480.0,0.146,0.709
331a2d86f3f5,0,54600.0,0.176,0.648
32cbaa702d6e,0,15300.0,0.176,0.648
d81cf950cc3a,1,39500.0,0.176,0.648
82c3048d8974,0,35100.0,0.176,0.648
7df6d5ecf8f9,0,50700.0,0.176,0.648
f742eedb42de,0,25600.0,0.176,0.648
2a33e50150ee,0,31600.0,0.176,0.648
e9afbc18eb68,100,51740.0,0.146,0.709
8ac72d92c60b,0,28900.0,0.176,0.648
995b31505522,0,20100.0,0.176,0.648
25afba1ad976,0,31400.0,0.176,0.648
d8fc7a80848f,0,52100.0,0.176,0.648
d7c76460bad3,2,37100.0,0.176,0.648
58063da24af2,0,58900.0,0.176,0.648
2715f679a43e,98,19980.0,0.146,0.709
0609f2ade10d,1,35600.0,0.146,0.709
c75cdb0ecd2e,0,23200.0,0.176,0.648
2f203e7ffb96,0,90000.0,0.176,0.648
54c92f79246a,0,24800.0,0.176,0.648
3a9305c12de0,0,67600.0,0.176,0.648
131433eaa8f6,0,61600.0,0.176,0.648
5fe3cb8bfc55,0,50300.0,0.176,0.648
11e885fe88a9,67,71440.0,0.176,0.648
d28b83509606,33,30800.0,0.176,0.648
2653141d2da0,0,54600.0,0.176,0.648
a841a85709ae,0,57100.0,0.176,0.648
f100850e4fb8,20,24140.0,0.085,0.831
fe6867671bd7,0,33600.0,0.176,0.648
6f8a5ff85839,91,78660.0,0.176,0.648
ff5983f731e9,99,22800.0,0.176,0.648
d92b568b383f,8,15700.0,0.176,0.648
06b11b580ac0,3,13000.0,0.176,0.648
3dcbdf712fe9,0,74500.0,0.176,0.648
c9658369c353,4,23900.0,0.176,0.648
7094f34463f4,4,80700.0,0.176,0.648
7667ceaeb61f,44,,0.29,0.42
753cb2effca3,14,,0.29,0.42
9aaf4ad6c239,14,,0.29,0.42
a6b196532ff6,44,,0.29,0.42
ac242ab193f2,38,14100.0,0.112,0.775
ef219051a2ce,56,24140.0,0.176,0.648
80a02f0f5ea2,16,,0.326,0.348
5b1a60c7530c,16,,0.326,0.348
d8b61556ec34,95,12600.0,0.176,0.648
bd41cf3b7eac,0,44000.0,0.176,0.648
31d2163a109f,0,33000.0,0.176,0.648
b1bf5495e761,3,14800.0,0.176,0.648
8ea062e76be7,100,13100.0,0.176,0.648
b784500430b4,10,5940.0,0.176,0.648
4a3f25263b48,0,28000.0,0.176,0.648
221cf6fab086,0,10580.0,0.176,0.648
cb01c4ffcb9a,0,53100.0,0.176,0.648
b7d22dfe6fd6,0,33000.0,0.176,0.648
e1716217476e,0,62800.0,0.176,0.648
593817f84402,3,18400.0,0.176,0.648
a99b92d9a287,100,42520.0,0.176,0.648
667ac943d7b9,100,24140.0,0.176,0.648
d72b24b5cf12,14,23500.0,0.176,0.648
3d3f4bd067e5,0,20900.0,0.176,0.648
f470ec4480e7,4,67800.0,0.176,0.648
f95d47d971fe,11,25700.0,0.176,0.648
a42cc23e37bd,2,17400.0,0.176,0.648
a220ff15b145,0,44000.0,0.176,0.648
71fde1c716f6,0,35700.0,0.176,0.648
d3547f718da1,0,23000.0,0.176,0.648
60c84617e141,0,23200.0,0.176,0.648
c8b8ac1b7082,3,28600.0,0.176,0.648
395889f58d35,0,24520.0,0.176,0.648
553af029cd31,0,59300.0,0.146,0.709
b2f6c393cdb0,0,44000.0,0.176,0.648
2a6d1b25627b,0,32400.0,0.176,0.648
ab4d78e505cf,0,21200.0,0.176,0.648
f2ab9c6e03ec,0,20200.0,0.176,0.648
7fa7e01f97b9,77,8880.0,0.176,0.648
778abc5c392f,0,20300.0,0.176,0.648
b49a904c70b4,0,38100.0,0.176,0.648
15a5138c731a,0,44000.0,0.146,0.709
08e090b1b271,100,2420.0,0.176,0.648
163edff3fc3a,0,35800.0,0.176,0.648
85f51e63246f,0,35800.0,0.176,0.648
4b609bde985a,0,40500.0,0.176,0.648
42318102d5f5,4,35300.0,0.085,0.831
356a430f455f,0,33700.0,0.176,0.648
848f11e43862,0,32600.0,0.176,0.648
0902a0deea13,0,42700.0,0.176,0.648
bfc0c57a44c9,0,37900.0,0.176,0.648
1b407a984f91,0,20200.0,0.176,0.648
1de4cb3f0aca,0,45200.0,0.207,0.586
6791482d716f,0,22300.0,0.207,0.586
792d287c119b,0,80400.0,0.176,0.648
930fce724c7a,86,39200.0,0.176,0.648
c57cfe1110cf,0,17100.0,0.207,0.586
1c7dd590cdc8,0,79500.0,0.176,0.648
1288e0b40e2c,0,17100.0,0.207,0.586
d1e0618e9942,0,73500.0,0.176,0.648
ab7065e7c332,0,55800.0,0.207,0.586
f5c4d442a602,5,52300.0,0.146,0.709
6c76154c6fd7,0,15300.0,0.176,0.648
e234d921891f,0,37200.0,0.176,0.648
a4188828cb54,6,51600.0,0.207,0.586
2345ead42146,1,2100.0,0.176,0.648
47e523e19332,0,20700.0,0.207,0.586
5caa45355a46,0,79700.0,0.176,0.648
52dea3adfe38,0,81700.0,0.176,0.648
64fc094b4374,0,23200.0,0.207,0.586
60bec7fa89f4,5,17300.0,0.207,0.586
c42be46800af,0,32400.0,0.207,0.586
72473f2e148f,0,50700.0,0.207,0.586
07d76e06bc8e,0,22600.0,0.176,0.648
61f5195d6599,0,53600.0,0.176,0.648
5fdc32e3c8f2,0,26900.0,0.207,0.586
1237006797fc,0,22900.0,0.207,0.586
093917b25a1b,67,24140.0,0.207,0.586
f2af704cddb0,0,53700.0,0.207,0.586
bb93e63ecd20,81,24140.0,0.207,0.586
446ecf6569ac,0,28400.0,0.207,0.586
a6e76d939d1c,100,26100.0,0.207,0.586
86426c6f6f2d,0,51900.0,0.176,0.648
58916a5da74a,59,90000.0,0.176,0.648
b308f21ad5a3,0,40900.0,0.207,0.586
63d13b1a1bb5,0,30800.0,0.207,0.586
8bf6d15955c0,0,31500.0,0.176,0.648
2227e8c173ec,0,28200.0,0.207,0.586
75cbae44f029,11,17200.0,0.207,0.586
6eea3de6ea9d,48,35100.0,0.207,0.586
9de0a462c521,0,22800.0,0.207,0.586
d135715b2b57,100,24140.0,0.146,0.709
eec414640e59,98,17900.0,0.207,0.586
7efb2b3ce8a8,0,19100.0,0.207,0.586
da5857b6bd39,0,28100.0,0.176,0.648
d761880cfd4f,0,47600.0,0.176,0.648
b5009f5af9d2,98,,0.146,0.709
fb022c8a4761,98,,0.146,0.709
e0324ee49a78,2,30100.0,0.146,0.709
953d0a334fc7,98,35500.0,0.207,0.586
55b4d4bb0409,0,46400.0,0.121,0.759
a851099e19f0,92,,0.146,0.709
f673bc8564fd,100,6480.0,0.146,0.709
aa7bd5c518e8,59,27400.0,0.207,0.586
550b951c503b,100,21300.0,0.207,0.586
4b04a104707a,100,21300.0,0.207,0.586
b52d53380675,0,33000.0,0.24,0.52
31b6915c45e5,20,50200.0,0.176,0.648
ea6532d4e94e,5,31600.0,0.176,0.648
f03f539ec6a1,0,25300.0,0.176,0.648
509db202201a,0,25300.0,0.176,0.648
104e774c592f,100,,0.146,0.709
e5242f58d21e,95,,0.146,0.709
bd9d5ec4b93b,100,,0.146,0.709
1ee7fe42287f,100,,0.146,0.709
e49036230cb2,0,34000.0,0.146,0.709
0e3298c5a25c,0,33300.0,0.146,0.709
659d9980e62b,95,20980.0,0.207,0.586
6470d082901f,93,,0.146,0.709
dc650940749f,100,30300.0,0.176,0.648
2577232e9814,94,,0.146,0.709
7b648e9267d3,99,17900.0,0.146,0.709
97845269e4a6,0,20800.0,0.176,0.648
ac66d97e6409,0,24140.0,0.207,0.586
e30cbcffa91b,0,24140.0,0.176,0.648
cba9af1319ee,83,51900.0,0.24,0.52
c3de5aa5b6b8,0,37900.0,0.24,0.52
20cda22e0cbe,0,54100.0,0.176,0.648
f0447348c34a,0,46100.0,0.24,0.52
ba2a4a5344b8,0,52600.0,0.146,0.709
c2b3e32e592d,0,40700.0,0.176,0.648
ce86d069a828,0,40700.0,0.176,0.648
78b60a18a54e,0,40700.0,0.176,0.648
38a6e33d3487,0,24000.0,0.176,0.648
fe1f98bbea6c,0,19200.0,0.176,0.648
bf38815e0961,0,44700.0,0.207,0.586
1acb00fcac5f,10,52800.0,0.176,0.648
abda84795bcd,1,56500.0,0.176,0.648
8cfb829e7bf1,12,55200.0,0.24,0.52
345bf6895094,5,15600.0,0.24,0.52
8ab871e94b46,100,2100.0,0.24,0.52
cf9148d03d6f,53,21400.0,0.24,0.52
9925bbb8b2e7,0,25800.0,0.24,0.52
dcd859857c85,0,27900.0,0.146,0.709
5e98be876ca9,9,24140.0,0.24,0.52
b75c29c69963,92,13360.0,0.24,0.52
418e7a0f0af1,87,64760.0,0.24,0.52
969a800f28f4,95,35480.0,0.24,0.52
1aa385dcfc55,74,43440.0,0.24,0.52
d4fa28022ef2,83,61840.0,0.24,0.52
250e829a13aa,83,61840.0,0.24,0.52
c61ed0333113,77,59960.0,0.24,0.52
143dc83adfa7,100,36640.0,0.24,0.52
a9071d7f2f79,16,73980.0,0.24,0.52
7467c75316a9,100,62260.0,0.24,0.52
27eae9c4b7e6,35,24140.0,0.207,0.586
ff819bd2bbf7,4,24140.0,0.24,0.52
8ff086bcd75b,100,49500.0,0.24,0.52
2d03a64f030a,16,41320.0,0.24,0.52
e14ac3da1fee,19,40380.0,0.24,0.52
7ed65e27a6d4,27,,0.24,0.52
cf6c9f590de3,1,24140.0,0.24,0.52
0e69e90c6e8b,100,6940.0,0.24,0.52
c66e078ed891,12,24140.0,0.24,0.52
548b678d1fbe,93,21560.0,0.24,0.52
ebdce86cce53,28,45420.0,0.24,0.52
2225a95a8793,100,,0.24,0.52
616ac5d9278b,0,24140.0,0.24,0.52
a0431c8ac18e,0,24140.0,0.24,0.52
eda88620782c,100,18660.0,0.24,0.52
b2ac840a0a78,69,32680.0,0.24,0.52
ef0c4d9e5340,10,22440.0,0.24,0.52
e29045886a6c,86,14980.0,0.24,0.52
6819d33a5b21,0,24140.0,0.24,0.52
f2e96181a942,0,72340.0,0.24,0.52
0a2dacc4d5b2,88,2660.0,0.24,0.52
2ebc571855ff,95,10700.0,0.24,0.52
bbad5a46d50b,97,17200.0,0.24,0.52
6c459ed46129,98,62860.0,0.24,0.52
1443c477a305,30,49400.0,0.24,0.52
6d2cd03c89ff,100,17200.0,0.24,0.52
b9193dc98af0,63,22520.0,0.24,0.52
3e68bae231ef,100,,0.24,0.52
e02bbbbc0a87,76,61260.0,0.24,0.52
07c08eaca95b,94,53220.0,0.24,0.52
963102606203,73,26260.0,0.24,0.52
5946d5c461db,90,10000.0,0.24,0.52
d8ea0aa4d15a,46,,0.24,0.52
863900885add,0,24140.0,0.24,0.52
9c512e130396,90,24660.0,0.24,0.52
d46e150f3ebe,17,56600.0,0.24,0.52
55923af18485,99,20660.0,0.24,0.52
d53b387c2193,90,23600.0,0.24,0.52
ce46345b29d0,0,16880.0,0.24,0.52
d0118bbef429,100,24140.0,0.24,0.52
910c3a1409e9,0,64500.0,0.24,0.52
7ec85de3b171,43,,0.24,0.52
14628a868f85,18,24380.0,0.24,0.52
f5443dac7031,59,49100.0,0.24,0.52
ef3acde7787e,38,47440.0,0.24,0.52
03eb115df4a0,15,20780.0,0.24,0.52
cc186fe1d205,92,15120.0,0.24,0.52
85a025289169,7,31640.0,0.24,0.52
b2701b4139b5,26,24460.0,0.24,0.52
f85ca01a1fcd,40,32140.0,0.24,0.52
a570dafe817f,3,30400.0,0.24,0.52
ae399e37e6f3,22,59600.0,0.24,0.52
5da8b5d2ffb4,41,33140.0,0.24,0.52
81d80ab2f17c,100,35160.0,0.24,0.52
3feced856f39,17,,0.24,0.52
4d644035a081,70,23880.0,0.24,0.52
703cf839a4b0,16,14080.0,0.24,0.52
015a01986436,20,56080.0,0.24,0.52
f278b8050842,92,15120.0,0.24,0.52
b10ee6056e1d,0,62440.0,0.24,0.52
cc4fce342562,0,16780.0,0.24,0.52
323bddb0f774,88,10320.0,0.24,0.52
95980f00ff34,0,23120.0,0.24,0.52
8c104aa4c4b2,96,21880.0,0.24,0.52
c471ea58dc6b,0,24140.0,0.24,0.52
82d371c9c825,84,28700.0,0.24,0.52
8a950fae7eec,72,39100.0,0.24,0.52
fc067c7703bb,84,28820.0,0.24,0.52
c5b3fea5396e,92,4600.0,0.24,0.52
fbb25d7e229c,80,25020.0,0.24,0.52
d1796aa881ef,10,32180.0,0.24,0.52
accf130be45b,78,60760.0,0.24,0.52
b600d21a4465,100,18160.0,0.24,0.52
15be8335e01d,7,34760.0,0.24,0.52
ea2c644ff452,0,66020.0,0.24,0.52
517e87cf958a,94,22080.0,0.24,0.52
1cd4c461bec6,17,21980.0,0.24,0.52
458e98d0e239,87,10280.0,0.24,0.52
47d98c2acd75,0,24140.0,0.24,0.52
8c444724f015,85,32840.0,0.24,0.52
85ae42f21e65,0,34020.0,0.24,0.52
77e926f6651c,15,27780.0,0.24,0.52
8e10174ad147,50,31720.0,0.24,0.52
f528d66eaadc,97,40580.0,0.24,0.52
cb9dd3551ff5,96,15620.0,0.24,0.52
1c9d75172ae2,0,26880.0,0.24,0.52
407937e78b8b,97,76140.0,0.24,0.52
dd26a3dac959,1,14100.0,0.24,0.52
f0c3b4daa149,100,70940.0,0.24,0.52
d2b6105fd91c,1,13920.0,0.24,0.52
5657eba5e5b4,92,23860.0,0.24,0.52
c43d70843ebb,58,35520.0,0.24,0.52
010f9cb74382,57,36740.0,0.24,0.52
a0e76701a70a,88,12720.0,0.24,0.52
568ec17316e0,88,18260.0,0.24,0.52
575be23cb566,0,29420.0,0.24,0.52
da2d1d5e3205,57,36740.0,0.24,0.52
97a0033180b1,63,28200.0,0.24,0.52
6b4d72753e47,100,42960.0,0.24,0.52
fa1144e0465a,100,24140.0,0.24,0.52
9958d3748093,13,73420.0,0.24,0.52
8bd8fef7420e,0,24140.0,0.24,0.52
b9bc74ccee62,59,9480.0,0.24,0.52
b451ccb895a6,57,37200.0,0.24,0.52
f152fa2317db,16,24140.0,0.24,0.52
120979901162,100,24140.0,0.24,0.52
a547cb1e3dc4,65,52740.0,0.24,0.52
f536cc085f2d,100,24140.0,0.24,0.52
3bb999aa3c11,4,33960.0,0.24,0.52
a9b824f24c13,65,25540.0,0.24,0.52
a98a42aa1e61,44,20800.0,0.24,0.52
6ad0657c7872,0,24720.0,0.24,0.52
69d636910c8d,0,56400.0,0.24,0.52
b0143da83f63,0,62440.0,0.24,0.52
42a06c77f6b1,98,10280.0,0.24,0.52
c92758749830,9,31260.0,0.24,0.52
f1104c665a4e,43,7740.0,0.24,0.52
cb384989e8ec,54,46100.0,0.24,0.52
8ddd203f8b34,74,22780.0,0.24,0.52
4e2eb57fe2b5,0,32220.0,0.24,0.52
1cd029838cf5,72,,0.24,0.52
63f91f6a4dbd,49,11100.0,0.24,0.52
c43a9eed5400,0,32920.0,0.24,0.52
a352256c59d5,64,25600.0,0.24,0.52
406a4aae402a,2,18900.0,0.24,0.52
2a1cca9faaff,1,24100.0,0.24,0.52
4f7bbceea968,2,18900.0,0.24,0.52
f4acfbb93f8c,0,32920.0,0.24,0.52
4c1e3ec81e33,0,24140.0,0.24,0.52
8e09b1c067a7,0,24140.0,0.24,0.52
5d5bf6ba9653,0,24140.0,0.24,0.52
c359b9946469,94,69600.0,0.24,0.52
bc2b4c300e73,13,41480.0,0.24,0.52
cc60d0d159c5,99,7380.0,0.24,0.52
4524ea458f68,10,27020.0,0.24,0.52
c1fcf7fe9cd4,69,,0.24,0.52
4a6125d6d20c,1,24140.0,0.24,0.52
ed13623b7ddb,11,37160.0,0.24,0.52
4177e55d0d5b,2,24140.0,0.24,0.52
d262a7d1a4c6,75,,0.24,0.52
091d7bdd39af,20,20140.0,0.24,0.52
edc76fe7dfe5,100,24140.0,0.24,0.52
2963e3fb893b,5,37200.0,0.24,0.52
a4864929f7d1,20,24140.0,0.24,0.52
f2d964fcc7fb,0,24140.0,0.24,0.52
a1cfb6d7c5e2,0,55460.0,0.24,0.52
dfd4d7e8ff10,5,31300.0,0.24,0.52
20f6d0809f18,0,32400.0,0.24,0.52
ac032f59830e,54,37180.0,0.24,0.52
9c1505f1b5c1,0,24140.0,0.24,0.52
3f27e28abe24,49,37760.0,0.24,0.52
624785cbe487,11,37160.0,0.24,0.52
a119c83051d4,5,40300.0,0.24,0.52
3606fe920c60,0,29820.0,0.24,0.52
903f98e92672,9,23840.0,0.24,0.52
95b66c352842,81,18180.0,0.24,0.52
cf86a8ebb663,34,28980.0,0.24,0.52
4a5bbdbac3c2,13,23720.0,0.24,0.52
6e63fcbecc84,98,25540.0,0.24,0.52
98368d023e40,84,25680.0,0.24,0.52
a3bd312eb844,53,36340.0,0.24,0.52
2449d0832b94,0,23120.0,0.24,0.52
4e8dc56ced93,79,24360.0,0.24,0.52
0b5d2d3f819a,91,35460.0,0.24,0.52
9b1b1c1458e7,48,36260.0,0.24,0.52
b7f5e756f7d7,45,48320.0,0.24,0.52
ada1532b0f3e,0,32600.0,0.24,0.52
7afc3a8f1a7e,0,36420.0,0.24,0.52
f241aac45e1c,18,23140.0,0.24,0.52
7dc9aa6ba721,0,18760.0,0.24,0.52
889b5685d4a2,61,57860.0,0.273,0.453
69d1233de902,6,24400.0,0.24,0.52
4ad0de664ab5,22,24140.0,0.24,0.52
fab545a0cdc7,1,24460.0,0.24,0.52
a0ebf959c8ad,0,46780.0,0.24,0.52
21ff2616551e,0,24260.0,0.24,0.52
e303fc17fb9e,0,26020.0,0.24,0.52
2f74da168fae,12,25220.0,0.24,0.52
f295d6fb69db,85,30740.0,0.24,0.52
9a90b643f23a,95,31640.0,0.24,0.52
57ebd67cc7be,0,32620.0,0.24,0.52
c2c760ba5a2f,12,36800.0,0.24,0.52
0bf7eaa1c4e7,11,35420.0,0.24,0.52
bd64fa80e302,95,31560.0,0.24,0.52
f19a72777f82,95,31560.0,0.24,0.52
ffd5871cd6e6,52,28840.0,0.24,0.52
60c0f092eb3c,0,55460.0,0.24,0.52
3d2b746441a5,0,27080.0,0.24,0.52
ac62824764fe,45,36960.0,0.24,0.52
5386cfa1a0bc,100,67020.0,0.24,0.52
fa0160a12b3f,22,29840.0,0.24,0.52
2ac934538e69,0,54220.0,0.24,0.52
71f1fe219e74,0,47500.0,0.24,0.52
7bd88e0ddad4,0,25320.0,0.24,0.52
93720d7cb0aa,60,36360.0,0.24,0.52
03a4a83e94ff,0,31960.0,0.24,0.52
cbb6a13c17e1,0,74600.0,0.176,0.648
6b000250f10e,94,29100.0,0.24,0.52
d4051b00abbc,92,30460.0,0.24,0.52
e68b1f84fc92,0,32160.0,0.24,0.52
3f34345aaa7b,0,38060.0,0.24,0.52
c3e28808a216,89,13760.0,0.24,0.52
7e8ea34e963d,26,28640.0,0.24,0.52
6de7eb095a4f,9,7360.0,0.24,0.52
8511fafbfed2,10,8000.0,0.24,0.52
04e65f00e908,12,,0.24,0.52
4129656e4535,100,,0.24,0.52
3bcfb0421c1d,0,23660.0,0.24,0.52
f7532e1257f1,65,21960.0,0.24,0.52
8d7421dea734,99,26760.0,0.24,0.52
9d7e30ab2ad5,94,29100.0,0.24,0.52
c0060c8472fb,28,10340.0,0.24,0.52
349cd3c0d52c,46,34640.0,0.24,0.52
13069e45c273,6,22980.0,0.24,0.52
d3a11b9482c3,82,35500.0,0.24,0.52
b70e7e6831ec,88,37720.0,0.24,0.52
be8576373337,17,24140.0,0.24,0.52
c422fe5c7966,88,36720.0,0.24,0.52
cc70311d9e29,0,32160.0,0.24,0.52
82c47561b950,23,38440.0,0.24,0.52
7d515b7df712,0,15680.0,0.24,0.52
bd2255a76dab,88,37720.0,0.24,0.52
33b94f7c5339,0,33740.0,0.24,0.52
4b94bceb7a21,0,38140.0,0.24,0.52
a569b097de56,36,48940.0,0.24,0.52
f10164b53e82,0,26200.0,0.24,0.52
8864875cb7f9,72,28400.0,0.24,0.52
666409de1195,17,28960.0,0.24,0.52
2ca22790aa5f,80,28340.0,0.24,0.52
d6de7d3ebaaa,36,31400.0,0.24,0.52
3c34bd178f37,42,26520.0,0.24,0.52
eb7f68c1ae48,2,27180.0,0.24,0.52
b7cb819a4218,0,23920.0,0.24,0.52
d1d016a71c08,2,22860.0,0.24,0.52
9cb430132717,0,42740.0,0.24,0.52
0103ecd4b4dd,82,,0.24,0.52
8c14fa60dbf5,40,22780.0,0.24,0.52
170591498d70,2,22860.0,0.24,0.52
2106dd652755,0,41160.0,0.24,0.52
bb3f06270d6c,0,29060.0,0.24,0.52
e8e7f0f2be41,77,39700.0,0.24,0.52
66e4cf676492,9,69500.0,0.24,0.52
afe67884fd06,77,19240.0,0.24,0.52
eb5e560f756e,100,49460.0,0.24,0.52
0953a1358351,5,24140.0,0.24,0.52
356ef778c5fc,89,24020.0,0.24,0.52
0d8e6c7c426c,56,23020.0,0.24,0.52
cd12e3667451,100,50000.0,0.24,0.52
3499f62ae90f,8,28960.0,0.24,0.52
750bba179ac7,80,23540.0,0.24,0.52
6e30d16aca9f,5,30000.0,0.24,0.52
efe5cfefa1e3,6,21880.0,0.24,0.52
b887e5528ce5,95,24140.0,0.24,0.52
3670c75f56b7,0,29680.0,0.24,0.52
5a247456420d,89,43380.0,0.24,0.52
618ccc88c3a0,1,28520.0,0.24,0.52
0d4c441de6f0,0,,0.24,0.52
550dd2c53288,65,21060.0,0.24,0.52
3a0790dec575,63,40660.0,0.24,0.52
98f3f9f87393,0,22300.0,0.24,0.52
4e5ecb5048fa,100,29760.0,0.24,0.52
8ac0db3698fa,62,,0.24,0.52
a02b3d327be4,30,29940.0,0.24,0.52
e269ab712011,5,28560.0,0.24,0.52
0cc1bd6993ee,84,,0.24,0.52
f230982444a4,50,23880.0,0.24,0.52
66afdb352b10,47,29700.0,0.24,0.52
e11e61146e0b,0,35060.0,0.24,0.52
758568f537da,99,17500.0,0.24,0.52
3ab51d2becb5,51,34160.0,0.24,0.52
c7bc04f23ad9,0,30400.0,0.24,0.52
46504721594b,56,24360.0,0.24,0.52
5f85fbb12377,1,37840.0,0.24,0.52
7b7b5c5b69fa,52,33220.0,0.24,0.52
a6de4058ff5c,4,28940.0,0.24,0.52
2e908afd8935,0,23720.0,0.24,0.52
dd6149b746bc,52,22080.0,0.24,0.52
2728b23b27dd,18,50000.0,0.24,0.52
1b5d1c8e0388,48,34280.0,0.24,0.52
a5a0580ef02c,1,31920.0,0.24,0.52
613b3d29e099,2,31320.0,0.24,0.52
42da110f49cb,66,38320.0,0.24,0.52
e93bf28fc3cc,8,24980.0,0.24,0.52
613b1868fc36,0,27280.0,0.24,0.52
49d1df330796,100,3860.0,0.24,0.52
60f5b653d37c,91,22080.0,0.24,0.52
6756a68203d1,3,41160.0,0.24,0.52
683236bc15df,77,34260.0,0.24,0.52
4a004fcf5a24,0,29420.0,0.24,0.52
c2963695c7cb,0,24140.0,0.24,0.52
727617258106,95,32200.0,0.24,0.52
b49d7c53ab5c,11,37160.0,0.24,0.52
f8419e8ef94a,74,42940.0,0.273,0.453
8bb3d5177396,73,41140.0,0.24,0.52
c14708956310,0,39600.0,0.24,0.52
695fecafe4f7,0,36260.0,0.24,0.52
f62806148067,87,29060.0,0.24,0.52
8de8a1f84d23,81,23040.0,0.24,0.52
2bb9ee068312,100,50000.0,0.24,0.52
e1d232d428bb,22,29840.0,0.24,0.52
6a2ee29ddb3b,38,36340.0,0.24,0.52
94511ba326b9,0,24140.0,0.24,0.52
9dd478ee3764,79,29780.0,0.24,0.52
f4510194a7ab,0,19860.0,0.24,0.52
113211fa04c3,100,12360.0,0.24,0.52
7e22e81895a0,25,4700.0,0.24,0.52
325249639719,46,44760.0,0.24,0.52
4b80119da5fe,90,6980.0,0.24,0.52
fdb9053300bb,0,50000.0,0.24,0.52
980f64afe705,29,24140.0,0.24,0.52
0cbfa9c84a05,32,25020.0,0.24,0.52
5414e295dec3,28,10340.0,0.24,0.52
d42cffaccfa6,29,42460.0,0.24,0.52
c783b9a2f78d,94,11860.0,0.24,0.52
13d32caa18d6,0,,0.24,0.52
bc3cf8c82fb7,13,3960.0,0.24,0.52
944cf2a6d567,48,33580.0,0.24,0.52
e3481e138378,87,27640.0,0.24,0.52
fb36c08a5bdf,66,42380.0,0.24,0.52
9ff6d7b9831b,98,,0.24,0.52
79e74bb4849f,0,20200.0,0.24,0.52
53b96bec9df3,97,7220.0,0.24,0.52
b8929e6bd6dd,0,21120.0,0.24,0.52
ea80dd192445,16,30880.0,0.24,0.52
41f47f04fa71,25,25360.0,0.24,0.52
0074fa59b7e0,0,24140.0,0.24,0.52
7c34e904b9d1,59,26520.0,0.24,0.52
a713bea02ca5,67,24620.0,0.24,0.52
0b31a02ec64c,99,24140.0,0.24,0.52
9c2338c0f2ab,0,28020.0,0.24,0.52
18fbf889ed8e,9,22780.0,0.24,0.52
cbfb5836ec9d,98,17820.0,0.24,0.52
20846210a431,17,49180.0,0.24,0.52
846a6f8dfd33,0,32200.0,0.24,0.52
744243605733,53,,0.24,0.52
8394889455b3,5,25120.0,0.24,0.52
43fb2fa6f895,24,26100.0,0.24,0.52
bb85bd4bd9e3,0,19200.0,0.24,0.52
d6d61ace9e79,0,29560.0,0.24,0.52
ebf47e869326,2,16700.0,0.24,0.52
3ffe01480b06,51,12820.0,0.24,0.52
fe3c66855583,7,25320.0,0.24,0.52
27726a284dff,100,24140.0,0.24,0.52
1db7b5bb215c,9,44360.0,0.24,0.52
0c0bb5551471,31,17540.0,0.24,0.52
4ff0d97a7996,0,21480.0,0.24,0.52
3bb3c28886a4,3,18880.0,0.24,0.52
930da39585a6,38,15800.0,0.24,0.52
d9f0bc25e437,13,27960.0,0.24,0.52
7d8f5c9e3b26,99,,0.24,0.52
188c3b1eb620,73,21180.0,0.24,0.52
02d5b16e8275,60,18280.0,0.24,0.52
6102f47b629b,39,19640.0,0.24,0.52
4ca6d31b6f67,99,31580.0,0.24,0.52
8d0e431ec6ae,69,27560.0,0.24,0.52
10261ac577be,44,27480.0,0.24,0.52
0ee47ac4fd10,37,11260.0,0.24,0.52
369204f66086,69,7820.0,0.24,0.52
df5828f72835,5,25580.0,0.24,0.52
54b465bab490,69,38980.0,0.24,0.52
b55ca038d383,14,44880.0,0.24,0.52
06ba165f3b90,36,17220.0,0.24,0.52
a12b23b3b41b,32,37800.0,0.24,0.52
2c8679529eef,99,21760.0,0.24,0.52
e91c4a87204e,13,23220.0,0.24,0.52
e1477e68524e,37,28260.0,0.24,0.52
c36e31aa9b0c,0,17900.0,0.24,0.52
d214095c0440,0,24280.0,0.24,0.52
d209ef6685c2,96,51580.0,0.24,0.52
19e1646d5228,59,34180.0,0.24,0.52
9100d47809e3,45,28580.0,0.24,0.52
186bb5fa744a,0,24140.0,0.24,0.52
081cc1e3ab43,23,18640.0,0.24,0.52
dd916b90e3b5,0,40040.0,0.24,0.52
4b95bd320598,92,27800.0,0.24,0.52
181da11b9977,0,22200.0,0.24,0.52
e770e284756d,1,24820.0,0.24,0.52
80c55036dbd0,8,28340.0,0.24,0.52
87ee8a703412,26,21120.0,0.24,0.52
42a88598e58b,0,19520.0,0.24,0.52
ab39e0cb0d84,92,27800.0,0.24,0.52
5229a6db0045,0,27300.0,0.24,0.52
7d5b7af4f984,0,25180.0,0.24,0.52
929d3cd2544d,88,60720.0,0.24,0.52
215a43bba2a4,88,27240.0,0.24,0.52
56199d952206,0,37780.0,0.24,0.52
0520dfe1c18c,0,41340.0,0.24,0.52
20d1679de9ec,92,31160.0,0.24,0.52
9a5da48a156e,17,26560.0,0.24,0.52
47c75a1a94b3,91,8620.0,0.24,0.52
63045f69ba60,52,12060.0,0.24,0.52
feff07ee4f5e,0,20200.0,0.24,0.52
e80d22ad1673,2,21960.0,0.24,0.52
f0edf8f158dc,0,29640.0,0.24,0.52
3c74785f737b,21,24420.0,0.24,0.52
decc423fcf43,1,24140.0,0.24,0.52
4c545ebd0d75,52,12060.0,0.24,0.52
8cd2a58b2191,23,23620.0,0.24,0.52
bb1c61a5a2c7,52,,0.24,0.52
867685d92d07,52,12060.0,0.24,0.52
424728ee9983,95,30300.0,0.24,0.52
22cb57525098,90,37260.0,0.24,0.52
0f48506dfd6d,13,25180.0,0.24,0.52
e649911749ea,95,28780.0,0.24,0.52
f5e494335678,0,24400.0,0.24,0.52
ad5e7a6a409c,16,15280.0,0.24,0.52
dbbd5b116b67,100,23140.0,0.24,0.52
ad393e584cc4,23,23620.0,0.24,0.52
4895ee52c9c7,0,24400.0,0.24,0.52
5363a062564a,71,4620.0,0.24,0.52
ec05a2795b0c,48,37760.0,0.24,0.52
32b22c9423bb,38,35020.0,0.24,0.52
bbc095b0dcdf,37,40840.0,0.24,0.52
d67463a0a9e0,85,34380.0,0.24,0.52
fe64dc7f7766,0,28900.0,0.24,0.52
d965a9539047,5,16140.0,0.24,0.52
cd1ed12603db,56,20020.0,0.24,0.52
80567519c1cd,36,27540.0,0.24,0.52
3c456468ba27,22,11320.0,0.24,0.52
ff0331f63d2e,0,26740.0,0.24,0.52
c5b32f8b8156,17,26500.0,0.24,0.52
16176a009363,9,29920.0,0.24,0.52
5faf58cf0118,0,26660.0,0.24,0.52
fa11aa635fad,42,29740.0,0.24,0.52
ce153a08d435,27,26400.0,0.24,0.52
44f155aa3cfc,0,26660.0,0.24,0.52
0095ef3ce2fe,69,27140.0,0.24,0.52
f6b80e3e7c7c,13,25180.0,0.24,0.52
fcfb588134ea,12,53220.0,0.24,0.52
ba647293a3df,29,40460.0,0.24,0.52
6ad50ccc4381,36,14840.0,0.24,0.52
3384489a7ae2,4,30420.0,0.24,0.52
90c7d854ae4a,0,24400.0,0.24,0.52
8fd4027f87f3,27,26400.0,0.24,0.52
fb9c45d13842,0,49940.0,0.24,0.52
c781773f55ac,5,46380.0,0.24,0.52
57e38529a916,13,25180.0,0.24,0.52
5f7c544304fc,67,,0.24,0.52
e09165337a38,34,27840.0,0.24,0.52
eeaaa172628e,15,48560.0,0.24,0.52
08513df6f64e,73,19500.0,0.24,0.52
e2267a233c75,24,26100.0,0.24,0.52
f61795282a59,21,61340.0,0.24,0.52
c98c3f51877e,4,30420.0,0.24,0.52
1af73ad4882e,81,36300.0,0.24,0.52
750ea0ad2087,10,27240.0,0.24,0.52
1e9c2fbeb87c,4,30420.0,0.24,0.52
c469fff2f199,12,34020.0,0.24,0.52
72613e50f6dc,13,37360.0,0.24,0.52
7e36a9c93ea5,36,14840.0,0.24,0.52
cb3fb443cebb,34,26460.0,0.24,0.52
224e0ead7ce8,0,21260.0,0.24,0.52
9e593cdc20b1,72,29320.0,0.24,0.52
d0f6f61f3781,1,72100.0,0.24,0.52
9ef5dbeaece4,24,26100.0,0.24,0.52
123ed25c567e,69,34500.0,0.24,0.52
9c67bcd01d68,99,5520.0,0.24,0.52
627d925c6e1f,25,22460.0,0.24,0.52
ef1778236cf1,63,34160.0,0.24,0.52
7294ed3364ba,98,5760.0,0.24,0.52
1c80be2e556b,49,18420.0,0.24,0.52
4c407551d01f,41,25420.0,0.24,0.52
da2c833aa781,12,34520.0,0.24,0.52
ce409cfe1c2a,100,39080.0,0.24,0.52
69fcb354fbef,60,24140.0,0.24,0.52
bde99c61aec8,97,33800.0,0.24,0.52
94c5e8f5e82c,24,26100.0,0.24,0.52
bb50976af8c0,27,35340.0,0.24,0.52
1e8dfa72a578,69,27140.0,0.24,0.52
fd445c892481,9,21680.0,0.24,0.52
8c4192a7d0de,89,38860.0,0.24,0.52
52b6766f9bb3,69,27140.0,0.24,0.52
7183d1cd3036,98,42540.0,0.24,0.52
0b2b691c7421,0,37540.0,0.24,0.52
df88b79aab8f,2,25540.0,0.24,0.52
3c52fa8f877d,55,38540.0,0.24,0.52
b33de4f0f0f1,85,35280.0,0.24,0.52
2bfe0afe6ba9,91,30980.0,0.24,0.52
2f716360aca7,16,23220.0,0.24,0.52
86645efed9de,72,29320.0,0.24,0.52
f9db26e4c88f,0,49460.0,0.24,0.52
ef081aff3ed2,0,37540.0,0.24,0.52
7e5ad2b7e678,100,37340.0,0.24,0.52
9d005d97ac71,55,38540.0,0.24,0.52
fe5a46f9b385,37,29980.0,0.24,0.52
f1192ec86e9a,12,34520.0,0.24,0.52
0e9e025f6bd4,0,32500.0,0.24,0.52
4310476e233c,0,24700.0,0.24,0.52
9e93fc6a9562,92,14400.0,0.24,0.52
60b6fd95deca,92,30160.0,0.24,0.52
10163d869f11,63,32640.0,0.24,0.52
ceb3bd1d9555,24,23520.0,0.24,0.52
be4dbd84eabe,98,42540.0,0.24,0.52
daebc260aa4b,0,31140.0,0.24,0.52
a76ea187e416,100,22780.0,0.24,0.52
f234fd39eebd,97,33800.0,0.24,0.52
112fe6e889ae,10,13980.0,0.24,0.52
a91c78224b86,34,31160.0,0.24,0.52
7eac49aab949,3,25360.0,0.24,0.52
e3b63c5f84b5,100,11100.0,0.24,0.52
14ea68896d25,41,29580.0,0.24,0.52
c8642e4333af,12,34520.0,0.24,0.52
6db6baaceb09,12,26260.0,0.24,0.52
53b3e96a44bd,16,35300.0,0.24,0.52
f91ed62de193,69,27140.0,0.24,0.52
6aee33fadf01,41,29580.0,0.24,0.52
796714ce0d8e,70,18760.0,0.24,0.52
3811ab4d2df5,100,31260.0,0.24,0.52
36595469ab18,80,16120.0,0.24,0.52
51b80cfd0068,27,28340.0,0.24,0.52
4729615636d0,0,25080.0,0.24,0.52
004bd2f01eeb,16,25240.0,0.24,0.52
6205be6d014b,16,30880.0,0.24,0.52
00be868d907c,93,13520.0,0.24,0.52
dcf536a552aa,36,35100.0,0.24,0.52
312edf725896,0,25480.0,0.24,0.52
55c62a4ec8de,92,14400.0,0.24,0.52
842501aac72c,2,44200.0,0.24,0.52
a807cdac7b9e,96,7520.0,0.24,0.52
d5ef490482ab,16,30880.0,0.24,0.52
f825f424ed68,100,22300.0,0.24,0.52
c1c2b5acb3b8,0,34040.0,0.24,0.52
c0e6c7540e98,14,22820.0,0.24,0.52
4629703ad861,20,25020.0,0.24,0.52
1567d8269a9f,0,31640.0,0.24,0.52
410726e5abd4,63,37040.0,0.24,0.52
4ba60a7662b5,0,27380.0,0.24,0.52
985358fe6bb8,90,35940.0,0.24,0.52
2e4a84121265,16,25240.0,0.24,0.52
0ee06dc4138a,91,13900.0,0.24,0.52
3d35fe45c9d4,38,23720.0,0.24,0.52
42cdcd522870,0,22280.0,0.24,0.52
268ffd3763c4,9,28480.0,0.24,0.52
695640ea5edd,16,30880.0,0.24,0.52
7bb7957620e3,0,28440.0,0.24,0.52
54b7fae3c917,7,23040.0,0.24,0.52
8a582697ba07,9,28280.0,0.24,0.52
e1269ed32f22,95,14580.0,0.24,0.52
b859dd676661,16,35300.0,0.24,0.52
71150551c379,47,12960.0,0.24,0.52
b4b0f0f7bf4a,10,14700.0,0.24,0.52
0ab1fe734ac2,48,35800.0,0.24,0.52
515daf0df661,60,24140.0,0.24,0.52
41072df87db6,0,53100.0,0.24,0.52
ea0242191eb1,0,23240.0,0.24,0.52
ea77ac15d949,10,31280.0,0.24,0.52
e12aba0f8b07,76,16620.0,0.24,0.52
6bd791c49ef2,100,37180.0,0.24,0.52
0cfcd80fab8c,34,31580.0,0.24,0.52
955a4b19e194,33,24140.0,0.24,0.52
f87f8d1cfe75,25,26000.0,0.24,0.52
066ac772645f,18,19360.0,0.24,0.52
c910a8298725,78,9680.0,0.24,0.52
456403aaff08,12,34520.0,0.24,0.52
5e16a6c3079e,55,16000.0,0.24,0.52
ccdd7b5f724a,0,22620.0,0.24,0.52
18f25d80cd63,44,36420.0,0.24,0.52
31af2b4ac0ee,13,14520.0,0.24,0.52
8d1574ec1f7a,100,50000.0,0.24,0.52
cd5ec8db3a56,35,24520.0,0.24,0.52
1b9f539c718b,81,28740.0,0.24,0.52
f9a90fc49a37,0,75760.0,0.24,0.52
a53367d22fcc,95,28500.0,0.24,0.52
c69acd24c527,0,24140.0,0.24,0.52
cf02d187b782,0,23060.0,0.24,0.52
0cbaf5a62278,76,10540.0,0.24,0.52
9489e5c88bab,98,23720.0,0.24,0.52
8487a7417849,0,9000.0,0.24,0.52
aebce6049ed2,0,28620.0,0.24,0.52
dfc41d3b040a,57,24140.0,0.24,0.52
716a9277c897,59,28260.0,0.24,0.52
fe3f9d9ad037,22,27480.0,0.24,0.52
71917e0e463a,21,25880.0,0.24,0.52
c7100ae743e6,0,27260.0,0.24,0.52
05a9955e4c5a,63,37040.0,0.24,0.52
9f1e89ec2fe0,100,33720.0,0.24,0.52
8ba13ab429f5,30,16720.0,0.24,0.52
ca1b71e70f8c,91,36440.0,0.24,0.52
5d4433312aa6,0,24140.0,0.24,0.52
e261ebd1322f,0,24140.0,0.24,0.52
891783e67ac3,97,30200.0,0.24,0.52
7230239f870e,0,43620.0,0.24,0.52
3f4393e4196a,0,29700.0,0.24,0.52
e57bd7a8a839,100,46780.0,0.24,0.52
4c3041e8edac,20,43740.0,0.24,0.52
16a1682319ab,41,25880.0,0.24,0.52
0687d011bbec,23,27980.0,0.24,0.52
2b034285b85c,96,42020.0,0.24,0.52
0c819ceb1f2c,0,30820.0,0.24,0.52
0d6bdb704493,0,29720.0,0.24,0.52
645a6966b982,1,31980.0,0.24,0.52
0ac493ab4d8e,0,37900.0,0.24,0.52
83ad134319b2,0,19960.0,0.24,0.52
be6fc04165cc,0,39140.0,0.24,0.52
b946c4be3a5a,27,28780.0,0.24,0.52
d6d5cf8497e6,8,19600.0,0.24,0.52
cda593c7fa62,13,51300.0,0.24,0.52
a7a4fe4bbb95,41,34900.0,0.24,0.52
5258bab6baef,41,34900.0,0.24,0.52
3dc60eafc59e,0,21740.0,0.24,0.52
7b44ce09e129,0,23340.0,0.24,0.52
120a660c05e9,0,24140.0,0.24,0.52
459112886ecc,66,19240.0,0.24,0.52
6f1caab0b923,70,22680.0,0.24,0.52
b06c2a6bc49d,1,33460.0,0.24,0.52
bf0e992b4a78,13,29660.0,0.24,0.52
7da64b7b49a2,11,31720.0,0.24,0.52
d82897976d80,23,25640.0,0.24,0.52
c0135e5bdac7,97,35860.0,0.24,0.52
d80f82d881a1,30,31780.0,0.24,0.52
6a5b3deaa19f,100,5460.0,0.24,0.52
13274b7e94ce,10,28340.0,0.24,0.52
a71a9e01d546,0,32380.0,0.24,0.52
bc9d1c2a4948,0,32120.0,0.24,0.52
96a841964026,0,23400.0,0.24,0.52
3c23bad66b48,97,34380.0,0.24,0.52
a405ec2c9b5f,0,27720.0,0.24,0.52
5f23c4f2e90f,0,23920.0,0.24,0.52
9388cc0ea08a,0,28700.0,0.24,0.52
60bcca623e4a,0,60840.0,0.24,0.52
ba4fbc33d256,48,57840.0,0.24,0.52
d0588d6711a6,0,67080.0,0.24,0.52
f1b158a07f4d,100,23600.0,0.24,0.52
ff8dd7d13229,48,57840.0,0.24,0.52
d0ae0760e2c4,13,35080.0,0.24,0.52
9cabcab9f88b,0,42420.0,0.273,0.453
b9911f1ed2cc,2,70900.0,0.24,0.52
bb9702a8ad63,62,20740.0,0.24,0.52
a2278e10b3ab,94,40200.0,0.24,0.52
7d215a884b27,81,19560.0,0.24,0.52
dbe8e9a4d4d3,98,27700.0,0.24,0.52
ed3a4ccc9333,35,17000.0,0.24,0.52
443332d589e0,0,25340.0,0.24,0.52
2a0dff4a0b21,77,14460.0,0.24,0.52
4300084bfcd1,1,36920.0,0.24,0.52
1c089f98fe12,97,29580.0,0.24,0.52
c4020bbe70a4,31,23940.0,0.24,0.52
4d4da26cb747,20,33520.0,0.24,0.52
e32f36fe4c72,20,33520.0,0.24,0.52
17647427bb24,0,27680.0,0.24,0.52
f7b1f1b05674,5,31600.0,0.24,0.52
2d5f418218ec,0,26520.0,0.24,0.52
d1794913decf,100,47920.0,0.24,0.52
4e219ad3b26c,60,24880.0,0.24,0.52
8e1b59de39e8,0,29680.0,0.24,0.52
99fd4aba3672,100,33680.0,0.24,0.52
c335eceec0aa,33,27460.0,0.24,0.52
9566ec56dbfa,0,26640.0,0.24,0.52
7130739da0ca,0,19960.0,0.24,0.52
b8e31cb41d0a,29,18280.0,0.24,0.52
d9c5fdc0d98e,20,33520.0,0.24,0.52
113a7b1f7947,16,15280.0,0.24,0.52
413543fbeec9,5,37380.0,0.24,0.52
c57d94460ab0,0,21500.0,0.24,0.52
b10e252ac8f9,85,34800.0,0.24,0.52
dabea6b15add,100,5460.0,0.24,0.52
df4c1c145065,49,32780.0,0.24,0.52
1eeddff616c8,10,27840.0,0.24,0.52
e4a96d17c298,0,36300.0,0.24,0.52
67501d3cf24c,73,26960.0,0.24,0.52
56f0ba0ac608,100,6860.0,0.24,0.52
b2f1b1b20497,0,36300.0,0.24,0.52
452565eb4260,0,23500.0,0.24,0.52
d588ffdeed54,100,6080.0,0.24,0.52
e557fe4ac537,99,,0.24,0.52
47c10cdb57ee,95,8080.0,0.24,0.52
d8115a72467e,8,33100.0,0.24,0.52
79469421d720,59,19940.0,0.24,0.52
7f3994c723cf,2,40660.0,0.24,0.52
5c7b51d2cb21,52,45480.0,0.24,0.52
833414f9de54,0,23160.0,0.24,0.52
b63dadac8917,0,53680.0,0.24,0.52
d6cddd5c8ce5,0,22300.0,0.24,0.52
ff99d90fe98a,53,52700.0,0.24,0.52
724759bdff05,65,21880.0,0.24,0.52
9e63dd3bb8ea,59,19940.0,0.24,0.52
09f3fc58e875,0,61300.0,0.24,0.52
de652894358e,28,26260.0,0.24,0.52
836c91ff1f61,0,29780.0,0.24,0.52
da12ed33e5f6,100,16760.0,0.24,0.52
868c1d1936a9,5,24940.0,0.24,0.52
ed7b3b958229,98,24920.0,0.24,0.52
325e83df7585,20,33420.0,0.24,0.52
a19cddb51289,66,19240.0,0.24,0.52
0fd4c5866433,0,27620.0,0.24,0.52
53bb7b20dce6,0,34860.0,0.24,0.52
b67b9d8e7615,17,23460.0,0.24,0.52
b9e84667edec,100,27280.0,0.24,0.52
42b1d04cf4ae,28,20980.0,0.24,0.52
8e0e710ee6f5,0,20460.0,0.24,0.52
5b1ee44bab25,100,14560.0,0.24,0.52
6a89a3389d7d,16,26440.0,0.24,0.52
7cb6215d1340,80,14700.0,0.24,0.52
bda20318dd53,16,24980.0,0.24,0.52
64ad4b8466c0,9,69500.0,0.24,0.52
c27a1124075c,2,22880.0,0.24,0.52
1d295d5f5938,95,33340.0,0.24,0.52
bc009d5f6a70,100,23600.0,0.24,0.52
df7cc88a93b9,61,18040.0,0.24,0.52
2406b52f60ea,94,44320.0,0.24,0.52
d110dc267b18,0,24140.0,0.24,0.52
84d7666c04d4,0,32660.0,0.24,0.52
81f5494e8a86,23,24140.0,0.24,0.52
b87a84903a14,100,8560.0,0.24,0.52
0bae4ad3f72c,75,36500.0,0.24,0.52
f41468791422,91,58420.0,0.24,0.52
1113dc9dcabb,77,22240.0,0.24,0.52
f5165c2ce065,98,30180.0,0.24,0.52
e766299c6f6e,5,30260.0,0.24,0.52
6f550be7c644,65,3800.0,0.24,0.52
3734981d37b7,100,50000.0,0.24,0.52
fb3b6c416339,5,30260.0,0.24,0.52
963254845b68,83,59700.0,0.24,0.52
b16738eae318,23,30540.0,0.24,0.52
9b35a286a996,0,31440.0,0.24,0.52
b7dabb233c59,2,23580.0,0.24,0.52
a308f2330536,0,18680.0,0.24,0.52
88a68411e390,23,17080.0,0.24,0.52
907258d4ba6b,14,25360.0,0.24,0.52
2c8a65c74eea,65,3800.0,0.24,0.52
0fd7216473d5,0,31440.0,0.24,0.52
16d1557db45a,23,31980.0,0.24,0.52
4d545dd141a8,0,19320.0,0.24,0.52
2fbf3167f7d7,0,69760.0,0.24,0.52
40ad381cfcdf,21,22860.0,0.24,0.52
f0ee3e7fb85e,10,22360.0,0.24,0.52
75cab1b56fd0,0,31480.0,0.24,0.52
edbc464e01b1,23,30460.0,0.24,0.52
cff4eefe5d72,1,18420.0,0.24,0.52
8fa3e62c70b6,91,58420.0,0.24,0.52
186c46eab0fb,27,29100.0,0.24,0.52
46f5f2473453,51,15720.0,0.24,0.52
f672fe91de18,64,50000.0,0.273,0.453
9e2eb989065f,73,17820.0,0.24,0.52
4acf780cee2f,2,15580.0,0.24,0.52
aee3f4c5cd0c,1,13920.0,0.24,0.52
a967661ba71d,3,19660.0,0.24,0.52
971f4d810b67,0,29120.0,0.24,0.52
d155b5948f03,83,43860.0,0.24,0.52
a75adffc11f8,100,45300.0,0.24,0.52
ce8ddd417df4,91,45500.0,0.24,0.52
c6ddd6c2512d,7,26980.0,0.24,0.52
5b55e5f9ee1b,67,6100.0,0.24,0.52
ec41491603d9,55,17880.0,0.24,0.52
28df72a244a6,93,34520.0,0.24,0.52
c3274e8aa807,52,20080.0,0.24,0.52
35dbae6c09fa,63,32620.0,0.24,0.52
4a9fd289bf3f,25,37180.0,0.24,0.52
fc910bd02e68,92,36980.0,0.24,0.52
16c16bcd5c4d,64,34020.0,0.24,0.52
516d43584f7f,0,26220.0,0.24,0.52
550c62d3d3a3,2,41740.0,0.24,0.52
284729dfe606,0,27480.0,0.24,0.52
7e923930d76b,93,34520.0,0.24,0.52
a7c09eae925d,41,14460.0,0.24,0.52
70036789ab09,0,27860.0,0.24,0.52
f38e263f92c1,81,17120.0,0.24,0.52
c2827ff9b8b3,0,42700.0,0.24,0.52
e66c7f22b1b3,24,30620.0,0.24,0.52
7473033e7869,41,14460.0,0.24,0.52
6a501b4ad89a,53,22400.0,0.24,0.52
c6651d4e53f6,0,33640.0,0.24,0.52
6f0d5e1e4170,0,20620.0,0.24,0.52
c163fab9c28f,66,25480.0,0.24,0.52
2edffe2992e4,0,27860.0,0.24,0.52
b8d8b05142d8,8,26900.0,0.24,0.52
8e2de292023a,100,71800.0,0.176,0.648
ac96d85fbd53,10,27720.0,0.24,0.52
db574ea79144,83,,0.24,0.52
e010822740ad,27,16980.0,0.24,0.52
44b687dd1a1b,0,33640.0,0.24,0.52
42d4ef8ba519,1,24140.0,0.24,0.52
657bfec6b1f1,0,19200.0,0.24,0.52
47070b5b8afe,8,21400.0,0.24,0.52
fa7a159f97ba,6,27880.0,0.24,0.52
9b01522f84d5,24,16340.0,0.24,0.52
545701285c96,14,27420.0,0.24,0.52
2224d8439ed6,0,26500.0,0.24,0.52
0bbdfe521473,0,18920.0,0.24,0.52
82678c2f04bd,16,17320.0,0.24,0.52
fa5a53303001,100,18420.0,0.273,0.453
c0763b88abe8,0,32200.0,0.24,0.52
8c6a2f79fad4,52,2160.0,0.273,0.453
93785ad0e79a,19,,0.24,0.52
2662bf608c0f,100,33720.0,0.24,0.52
56298c9493a0,74,50000.0,0.24,0.52
e5023a749738,8,31960.0,0.24,0.52
a4bdd02a3d92,0,21260.0,0.24,0.52
27113f0591c8,0,75880.0,0.24,0.52
f8bb523f80a4,5,24140.0,0.24,0.52
c0e6a05a804d,6,68560.0,0.24,0.52
188fbd1ec914,1,39400.0,0.24,0.52
4e2027f8408a,0,35900.0,0.273,0.453
3922251d08b2,0,46220.0,0.31,0.381
5e76e1ab36c7,0,83500.0,0.273,0.453
c414d75dec39,0,33100.0,0.273,0.453
9a56579d8083,0,52600.0,0.346,0.309
2a502dd90c9b,0,33900.0,0.24,0.52
7f4cb43fc4c6,74,15360.0,0.24,0.52
c0abff3a7861,68,40440.0,0.24,0.52
cdbc3a434c7c,0,44700.0,0.24,0.52
4c5bfb394268,72,24140.0,0.24,0.52
be887117cbbe,65,,0.31,0.381
ab3c1c364275,0,36500.0,0.24,0.52
cc0acc9f84c5,43,20660.0,0.24,0.52
dba640e2d0e0,11,46100.0,0.24,0.52
dacf9e5297c7,0,34700.0,0.24,0.52
3db0456f534b,0,34900.0,0.24,0.52
025a9b4e1081,0,33900.0,0.24,0.52
d2220c7cb77e,0,62500.0,0.31,0.381
33b14adc1b53,0,61800.0,0.31,0.381
d9d9edd64d68,0,34900.0,0.24,0.52
623e222ad038,0,39660.0,0.31,0.381
5215133399fd,2,22800.0,0.24,0.52
3f5eb3c5e4d8,0,34900.0,0.24,0.52
dfe2cf1f3e6a,2,39400.0,0.24,0.52
eb3462a2e596,2,39400.0,0.24,0.52
6ae350c82224,0,31300.0,0.24,0.52
f52ae3a7e646,0,34900.0,0.24,0.52
42e6ac12c96b,0,34900.0,0.24,0.52
4c934bb6977a,0,34900.0,0.24,0.52
691c3aad726d,0,33900.0,0.24,0.52
9cafd9b73082,1,51800.0,0.273,0.453
45ffc8b9dab3,0,34900.0,0.24,0.52
d7c155e7e138,0,33900.0,0.24,0.52
7dfb30804a7b,0,34900.0,0.24,0.52
b8a1c96971e7,0,34900.0,0.24,0.52
2797629d8bdb,0,25300.0,0.273,0.453
d199dfc53c24,0,25800.0,0.273,0.453
71bd35e6ee88,0,24700.0,0.273,0.453
30eebb46f1b4,43,24680.0,0.24,0.52
33492e46828f,28,42900.0,0.24,0.52
ec945d7e2dbd,72,5480.0,0.24,0.52
f8e97d814c30,0,33900.0,0.273,0.453
f7fe01119091,0,34900.0,0.24,0.52
25ca4d380209,0,24800.0,0.273,0.453
8330a885a52d,0,36500.0,0.273,0.453
08a3291719c9,0,34900.0,0.24,0.52
02a253361a44,0,23400.0,0.273,0.453
b1c0a3b60cfa,35,33100.0,0.273,0.453
35633a75b8b2,56,31600.0,0.273,0.453
4050f334a7cf,0,24140.0,0.31,0.381
b054a37decaf,0,44120.0,0.31,0.381
79a7db5048e2,10,39200.0,0.273,0.453
f61150c2c384,0,43600.0,0.24,0.52
391171dba331,0,25700.0,0.273,0.453
bea323ddb30d,36,19460.0,0.115,0.77
e9cc126c83ef,0,38400.0,0.24,0.52
798d11924af4,100,5540.0,0.24,0.52
309e49af637e,0,30800.0,0.273,0.453
e9950d480afe,1,24000.0,0.24,0.52
0a1b256276bd,0,32600.0,0.31,0.381
836cb29b6bf6,2,76200.0,0.346,0.309
8504028bf988,5,86500.0,0.273,0.453
c19f55ce3d99,0,38700.0,0.273,0.453
ea68dc7a7573,1,56900.0,0.273,0.453
98078ff9ac55,0,33400.0,0.273,0.453
46f92800997b,0,57500.0,0.273,0.453
9b4cb5e27919,5,18000.0,0.273,0.453
2e0b16517410,2,35620.0,0.31,0.381
7a826ac2e491,0,36100.0,0.273,0.453
072eca1bee2e,0,41600.0,0.273,0.453
171da5cb7286,81,31020.0,0.31,0.381
401df1a57217,5,15900.0,0.273,0.453
5682a8977892,0,38700.0,0.273,0.453
f42593ecb15e,0,21600.0,0.273,0.453
4066deb5d6fd,50,27600.0,0.273,0.453
68652df7893f,59,38060.0,0.24,0.52
495b05f12a86,73,25240.0,0.24,0.52
02158ca6ed95,0,40100.0,0.273,0.453
32693b648bd0,0,34600.0,0.273,0.453
c4a32e1af01e,4,50200.0,0.273,0.453
d95d63a154a3,24,24300.0,0.273,0.453
bd57e1323217,0,24800.0,0.273,0.453
41e8d92e32a5,0,24700.0,0.273,0.453
969bc87ad5a5,84,38940.0,0.24,0.52
51920ab407e7,1,31100.0,0.31,0.381
450a3347a899,66,30460.0,0.24,0.52
dd557c7c63ff,0,31720.0,0.29,0.42
7434e367def4,100,24140.0,0.273,0.453
b4d0bf6db7dd,9,14820.0,0.246,0.509
eddeac3dce4d,2,16200.0,0.273,0.453
2e99dfeda9f9,0,54500.0,0.346,0.309
e27c2b3529c7,0,67500.0,0.31,0.381
14e799b4eba8,0,34200.0,0.273,0.453
7ddd42f049e8,0,16680.0,0.24,0.52
7455060fa033,0,56900.0,0.346,0.309
a6ddbb3c5896,0,33400.0,0.273,0.453
daaf5ee74f48,91,,0.146,0.709
e287bd6ec157,0,29700.0,0.273,0.453
c48de0a71c5a,92,34600.0,0.31,0.381
aab8031c9c08,1,60200.0,0.31,0.381
b4780d8da708,0,22800.0,0.24,0.52
afd89206e3ff,0,52500.0,0.273,0.453
0cbd2619e77b,36,29300.0,0.273,0.453
2e5d28db9527,0,22800.0,0.24,0.52
1d951226a65f,13,38340.0,0.31,0.381
3da3d46f858f,37,16600.0,0.273,0.453
4e0de3e76f42,100,20200.0,0.273,0.453
40eed2b7a944,0,43400.0,0.273,0.453
92033519d4a6,0,66700.0,0.31,0.381
2c3c50e53cdc,63,12200.0,0.273,0.453
3a27b36a32b0,0,25300.0,0.273,0.453
908aa1eabced,0,26000.0,0.273,0.453
0f9ce36da0a8,0,52200.0,0.273,0.453
d8a62d8dce52,0,19300.0,0.273,0.453
9188bacc1ede,0,24100.0,0.273,0.453
bd415398db50,0,59100.0,0.273,0.453
52adc9bd3218,100,17000.0,0.246,0.509
0a79c3bb66f6,10,22500.0,0.273,0.453
cb8d899e7524,0,22500.0,0.121,0.759
8a7d8fb4dbc8,0,36000.0,0.273,0.453
e7673fcede4d,0,33800.0,0.24,0.52
9103657c8d4a,0,34700.0,0.273,0.453
561896e3ae31,64,14300.0,0.24,0.52
1abf16b40ab2,20,16700.0,0.273,0.453
7e69e4a27d25,88,31140.0,0.31,0.381
2d19daf88bcf,0,20300.0,0.24,0.52
61a57010c1ee,88,22100.0,0.273,0.453
96de92710c95,0,30100.0,0.24,0.52
0710496ff28f,0,27700.0,0.273,0.453
3d5b855e6d5f,0,29800.0,0.346,0.309
9adf4b28462b,13,38300.0,0.273,0.453
f2de2a51cae1,0,44900.0,0.24,0.52
990271a9bc72,0,22400.0,0.273,0.453
d2617957d569,0,77900.0,0.273,0.453
7973439c7849,64,24140.0,0.085,0.831
90d184d6e3c3,1,24140.0,0.085,0.831
76e2a3915dfa,0,61800.0,0.31,0.381
039cf3ad682a,0,30900.0,0.24,0.52
01d8c930e1b5,25,24140.0,0.085,0.831
824e4492db95,0,84000.0,0.273,0.453
57e5ce7302c5,8,24140.0,0.085,0.831
71f851a486ca,2,36700.0,0.24,0.52
b16bb301aa85,0,82500.0,0.273,0.453
c121ad64e121,0,62100.0,0.176,0.648
7eb7b5b31173,0,78800.0,0.146,0.709
fd025dbd4396,0,29500.0,0.24,0.52
c85faa5d4045,52,24140.0,0.24,0.52
a6448154ca4b,40,24140.0,0.273,0.453
19e59bfb1ae5,0,60900.0,0.176,0.648
5980854879fb,0,19700.0,0.273,0.453
7de50152b0ba,0,80600.0,0.273,0.453
8743e91a7469,4,13600.0,0.29,0.42
08842996d5a5,100,14400.0,0.868,0.736
02bd2c190d0d,0,30300.0,0.31,0.381
59ef6c20a7af,0,32500.0,0.31,0.381
3d61375cb0e7,0,23200.0,0.24,0.52
7dc8d9dac7c1,0,28000.0,0.273,0.453
a90b2b26095d,43,18900.0,0.273,0.453
42086b9fa02f,0,36300.0,0.24,0.52
1fc2cd1b2fed,100,18100.0,0.273,0.453
6badded62673,67,22200.0,0.273,0.453
8b689b2589d1,0,48800.0,0.273,0.453
589b4dc228af,44,4020.0,0.346,0.309
df4023b8bce9,0,19500.0,0.273,0.453
cf6f3411b829,0,21700.0,0.273,0.453
d8103052a0f8,35,36800.0,0.273,0.453
586d1181f31a,0,38000.0,0.176,0.648
e563abdbfa53,60,90000.0,0.273,0.453
ab2a5bf9d20d,0,35100.0,0.24,0.52
e44546349dd7,0,17800.0,0.273,0.453
efa422fb141c,1,19400.0,0.346,0.309
b217924295db,3,12500.0,0.273,0.453
db8c42f48627,1,16700.0,0.346,0.309
8bc9fcabdd8b,2,55700.0,0.273,0.453
9aa831e8e5a6,12,66000.0,0.273,0.453
0bc1f33b1abd,0,43900.0,0.346,0.309
aa16b60214b8,0,35200.0,0.24,0.52
8e7ada7c5305,0,33900.0,0.24,0.52
a619e3749fb8,50,90000.0,0.273,0.453
f274c163e5a2,31,13800.0,0.273,0.453
569a8b7f6daf,36,88700.0,0.273,0.453
63029c11f153,0,75800.0,0.273,0.453
b9452cc41416,0,74400.0,0.273,0.453
52261d68cc71,0,41100.0,0.273,0.453
00e00671247c,0,27800.0,0.273,0.453
0ffe25171cdb,9,20540.0,0.24,0.52
a03c527f7c56,27,49400.0,0.273,0.453
3b1885d6aaf1,33,38020.0,0.24,0.52
91205b48af21,10,6780.0,0.24,0.52
16d429abab4a,100,6540.0,0.226,0.548
9829006d03fe,95,14320.0,0.24,0.52
f6b097c2d424,0,26500.0,0.273,0.453
f77f7d353dff,7,13900.0,0.121,0.759
b13ac2b5f7d0,100,24140.0,0.346,0.309
a14c44ad9414,0,25700.0,0.273,0.453
735bf61d9a93,90,28980.0,0.24,0.52
fe21fccfd677,0,24140.0,0.207,0.586
62de0632ba2d,16,24140.0,0.273,0.453
4faca8b7f6b9,99,24140.0,0.273,0.453
9eae3ff82ea5,0,90000.0,0.273,0.453
c0d6e83e630b,82,36360.0,0.24,0.52
b014b5a7519d,1,90000.0,0.273,0.453
8612a5f64811,75,1420.0,0.346,0.309
31574273dcea,0,36900.0,0.273,0.453
3b92c2a8b5f0,95,28100.0,0.273,0.453
d601c92291d6,78,24140.0,0.346,0.309
5c09458cf580,0,77500.0,0.273,0.453
7fd3ce8a06a9,100,23000.0,0.31,0.381
568e624f88e1,0,40500.0,0.382,0.237
821ad29fb15c,0,24800.0,0.273,0.453
b98a4e7bb335,0,23200.0,0.273,0.453
f094690fae19,41,50000.0,0.273,0.453
682c9724da37,76,50000.0,0.273,0.453
01a96e583db7,0,37000.0,0.24,0.52
6cfb10b6650a,0,31700.0,0.273,0.453
03e45160d406,0,24400.0,0.273,0.453
9ac6bf6d9af6,100,6100.0,0.24,0.52
cf7793649cac,68,34340.0,0.273,0.453
7bf88d49d91a,0,19600.0,0.273,0.453
790ca47a1330,0,37700.0,0.24,0.52
59e590e02efd,0,27900.0,0.273,0.453
e68cb6a86183,100,58720.0,0.24,0.52
201274d1bdb7,53,52200.0,0.273,0.453
03399714255c,0,90000.0,0.273,0.453
dd2b2fa4ca8e,0,38000.0,0.273,0.453
4907fd6d3f8b,0,37700.0,0.24,0.52
46aa61e208ec,0,29600.0,0.273,0.453
4d5beab116e1,100,21260.0,0.24,0.52
b09ba1b270ba,0,36100.0,0.273,0.453
8bc9e0413362,0,88100.0,0.273,0.453
8438c217d2d9,0,17900.0,0.273,0.453
6724324de622,99,21500.0,0.273,0.453
f8be4ceeb715,0,34400.0,0.24,0.52
255e3994ed9a,1,19800.0,0.273,0.453
9d629d92f588,0,39200.0,0.24,0.52
d24a01569ccc,0,90000.0,0.31,0.381
4f811308803d,64,24140.0,0.273,0.453
e385f972d9e8,93,24140.0,0.273,0.453
571a1aac00af,0,25200.0,0.24,0.52
86697e883071,93,27600.0,0.31,0.381
3108eb25b303,0,37700.0,0.24,0.52
5c032c8f4763,0,32400.0,0.273,0.453
e7a682c0526a,0,55900.0,0.273,0.453
afd435d7bc16,0,48100.0,0.24,0.52
861cc4ebe055,0,36300.0,0.146,0.709
e765f3780c77,0,47900.0,0.176,0.648
cb753704cb46,98,27800.0,0.273,0.453
05c543d0b9d9,0,24500.0,0.273,0.453
b3703ba96eb6,0,21100.0,0.273,0.453
bb7b842cc9fb,0,26900.0,0.273,0.453
3185e6f530ea,46,20600.0,0.773,0.547
4e1f5f5f2638,0,37800.0,0.273,0.453
0df277740dff,47,19600.0,0.823,0.647
2968a951325c,0,33400.0,0.273,0.453
3a3e76460a85,0,36700.0,0.24,0.52
5a76e6385534,0,44500.0,0.24,0.52
c54b836a1afe,5,51800.0,0.273,0.453
fbd078428c36,90,34100.0,0.346,0.309
17ff524326b4,100,15040.0,0.346,0.309
c07c03d2939d,0,22800.0,0.24,0.52
e98b25aad87d,100,34900.0,0.24,0.52
09b3ebb48ca2,0,30000.0,0.24,0.52
f386d34c59a6,0,26200.0,0.273,0.453
f089d0e70a08,69,,0.346,0.309
cc65538a8558,7,22720.0,0.24,0.52
0cc11e9b8dde,5,44900.0,0.24,0.52
f8e8e4b6beea,0,20600.0,0.273,0.453
5ea35b956f4c,0,24140.0,0.24,0.52
59f57e89ea23,4,53600.0,0.273,0.453
62bba53b1508,72,16780.0,0.24,0.52
e1a89d299080,20,23740.0,0.24,0.52
41c5151a2407,0,22300.0,0.273,0.453
62bfdf8c2708,2,20400.0,0.176,0.648
b3c91151f4b5,16,24140.0,0.273,0.453
93d27861217a,100,28900.0,0.346,0.309
29f33c795d74,23,24140.0,0.273,0.453
d17ba450c903,0,24140.0,0.31,0.381
db2c39072264,0,38900.0,0.24,0.52
f9982cd61492,0,32500.0,0.273,0.453
748c6e033d8a,0,24500.0,0.24,0.52
d7ae32e54291,0,33500.0,0.146,0.709
01ece455071f,18,29900.0,0.273,0.453
589fd86a2344,4,37800.0,0.273,0.453
c40b1bedd4a4,69,77700.0,0.273,0.453
41e1db486b54,92,18900.0,0.273,0.453
7bc5f6f8fa6e,0,58700.0,0.273,0.453
6443fa3dcbaa,92,18900.0,0.273,0.453
b1e47bcc06b2,3,59100.0,0.273,0.453
7f6f842b977a,92,18000.0,0.273,0.453
f40e64f4b99e,0,58700.0,0.273,0.453
3d8dc6793cdd,0,35000.0,0.24,0.52
d0abcaf7f429,0,31700.0,0.273,0.453
2cde334948d8,66,19300.0,0.382,0.237
cbd2e071816e,92,18000.0,0.273,0.453
dbc7cf36afa2,92,18000.0,0.273,0.453
7fa1ebb8c491,93,18400.0,0.273,0.453
2165c0d24083,38,20500.0,0.273,0.453
951fdf5e468a,38,20500.0,0.273,0.453
4c804263a481,78,18400.0,0.273,0.453
ac97341747f7,0,21900.0,0.273,0.453
f775e5656d1c,0,46100.0,0.273,0.453
de8047d24545,0,23600.0,0.273,0.453
9cdf265f9999,100,24140.0,0.273,0.453
e9ec1bf964e7,0,36380.0,0.382,0.237
23dfc869b4be,0,25200.0,0.24,0.52
bc64c78607b2,0,36100.0,0.273,0.453
0e3c09ac420c,0,35400.0,0.273,0.453
430d25b88515,0,22000.0,0.273,0.453
7bf7cba2cd06,0,24600.0,0.273,0.453
f0665050ec31,0,24140.0,0.24,0.52
90467e94a9bc,95,39140.0,0.24,0.52
8e29d3facb8c,0,84700.0,0.273,0.453
ccece292a49e,0,38200.0,0.24,0.52
45ddec5089ad,0,65000.0,0.273,0.453
fd33a77920c1,0,27300.0,0.273,0.453
1c81591a1190,5,24140.0,0.273,0.453
99f642e584b7,0,33600.0,0.273,0.453
854a6fa719c1,40,85500.0,0.273,0.453
0eb6fa7f8f38,0,79900.0,0.273,0.453
241bf7f5f7bc,0,85000.0,0.273,0.453
1db1d9e371ed,0,31300.0,0.273,0.453
c15baebad00e,100,24140.0,0.273,0.453
b69fdfb5c506,60,19940.0,0.24,0.52
30ce46a82d29,100,32900.0,0.24,0.52
df1c3116fc6e,0,40800.0,0.273,0.453
5e21c300a144,5,20700.0,0.421,0.159
9de206c1b6cc,0,23000.0,0.273,0.453
55f4c83112e5,0,27600.0,0.273,0.453
e57e06885a70,0,25800.0,0.273,0.453
9a9fdaac9f0d,3,43800.0,0.273,0.453
75cf04f5d7aa,8,24140.0,0.273,0.453
8b971c64bec0,1,16700.0,0.273,0.453
e827447e1795,32,47600.0,0.273,0.453
8f0ea143b601,0,25800.0,0.24,0.52
c9075ffa6e75,100,24140.0,0.054,0.892
fbc328e6b246,1,24140.0,0.273,0.453
8663723e1bdd,2,48000.0,0.273,0.453
6b544acdc74d,71,19800.0,0.273,0.453
50e9678a2b58,14,24140.0,0.24,0.52
d09a7c690240,0,,0.382,0.237
a5efa891e6d1,52,24140.0,0.273,0.453
a481aa95da48,0,38600.0,0.31,0.381
b9f803282f10,0,28700.0,0.24,0.52
03a0780d5629,27,24140.0,0.273,0.453
44e9ca9f2bf9,14,24140.0,0.273,0.453
66df3639deee,18,24140.0,0.273,0.453
a4bb9776d8fe,51,24140.0,0.273,0.453
8c01dc193215,51,24140.0,0.273,0.453
87cd7e043587,35,13700.0,0.382,0.237
94139f9401b0,0,24140.0,0.24,0.52
c9297f19a9b7,0,43400.0,0.24,0.52
ceafa793236c,0,24140.0,0.31,0.381
eeea2efba1c7,0,56900.0,0.273,0.453
0062ab1af24c,98,18000.0,0.382,0.237
8e523d1d558f,0,23400.0,0.273,0.453
5abf586453cf,61,24140.0,0.273,0.453
c5b5676d2c18,0,27600.0,0.273,0.453
1c3d3ad85760,2,24140.0,0.273,0.453
4c915f0b5188,73,10500.0,0.382,0.237
91cd0514cfc0,3,36900.0,0.273,0.453
7d1b34a62e74,0,22700.0,0.273,0.453
41856ddf48c5,0,23700.0,0.273,0.453
f7d03588b691,0,19200.0,0.273,0.453
3ffe40a474d0,100,21100.0,0.24,0.52
292611fcd4f5,40,24140.0,0.273,0.453
6000a6a735d5,98,31200.0,0.054,0.892
9ba80b7c6ada,14,24140.0,0.24,0.52
18f11bb23be5,69,30200.0,0.273,0.453
751f828a854f,6,41900.0,0.273,0.453
730f39d849af,0,32900.0,0.273,0.453
ff18a416c22b,3,,0.382,0.237
519a66419e58,34,24140.0,0.24,0.52
369e0649caf8,0,44700.0,0.273,0.453
2b096d786340,14,44600.0,0.273,0.453
f519047e89ac,0,40800.0,0.273,0.453
fba850faab79,0,36000.0,0.273,0.453
4250db880212,0,34600.0,0.24,0.52
ac3202af2f89,8,13700.0,0.421,0.159
38b14ad8895a,0,31300.0,0.273,0.453
c17067873163,42,15000.0,0.273,0.453
38c0e0810153,0,30000.0,0.24,0.52
c6d205affc5b,0,36200.0,0.421,0.159
ea93a72da0ad,0,41400.0,0.273,0.453
86733eec940d,0,24100.0,0.273,0.453
45d09c31af0d,0,16900.0,0.273,0.453
e4ad28fc28e9,0,29100.0,0.273,0.453
36752689946f,2,21500.0,0.273,0.453
6045f0b894e1,36,24140.0,0.273,0.453
17ce4966d03a,0,24100.0,0.273,0.453
d8e618feca38,0,22700.0,0.273,0.453
3c36464d887e,0,15900.0,0.176,0.648
1210c7fc1503,58,36300.0,0.273,0.453
103a8afbbe27,0,24140.0,0.24,0.52
450cfef826d5,0,30600.0,0.24,0.52
b9eed3acd3d2,0,28400.0,0.24,0.52
c9bc47f2383a,30,12300.0,0.176,0.648
b251790a0132,1,16400.0,0.112,0.775
e88069b1ab8f,0,61600.0,0.273,0.453
a964cf344aec,98,31120.0,0.24,0.52
ed0159472e26,0,19500.0,0.421,0.159
73f1b77d8c27,1,24140.0,0.246,0.509
0e514650629c,0,19600.0,0.421,0.159
6fe4c7dc8749,3,25700.0,0.421,0.159
abe0bab926b0,2,37600.0,0.24,0.52
173144d69536,1,25300.0,0.273,0.453
2a51768bc3ed,85,31220.0,0.24,0.52
db5dcdc9a5af,0,27300.0,0.273,0.453
fcff545a8b2d,0,27300.0,0.273,0.453
39e96c5d4b61,45,21000.0,0.273,0.453
251654c0af3a,6,27000.0,0.24,0.52
1f25ddbde562,0,33700.0,0.273,0.453
58e1cf24983c,7,41700.0,0.273,0.453
efd82a7c790a,12,28200.0,0.273,0.453
cf9a56fa856b,11,90000.0,0.273,0.453
a461d67b8c3d,23,90000.0,0.273,0.453
0af56ad33baa,100,20500.0,0.421,0.159
87b71fdb96cc,0,31000.0,0.273,0.453
c65c58db8a2e,1,35100.0,0.46,0.081
4c0f9ec6aa29,13,24900.0,0.273,0.453
99d2933ddc29,11,24200.0,0.273,0.453
1d9d58210b18,0,17700.0,0.273,0.453
8bfc26c68b8a,2,23400.0,0.176,0.648
c7bf9477bdda,0,25000.0,0.273,0.453
6e6dd02e1dba,97,4820.0,0.421,0.159
e81c2bd9ee76,100,10880.0,0.421,0.159
de2fde654147,0,24140.0,0.273,0.453
99898559cd44,0,30100.0,0.24,0.52
74fc2be096b3,12,66000.0,0.273,0.453
a7ce37bd16b5,2,68100.0,0.273,0.453
169370ab1ac4,2,,0.273,0.453
99fee344e7bf,0,,0.273,0.453
523a61b304e9,0,54000.0,0.273,0.453
09e70151c0e2,0,31100.0,0.273,0.453
4668c6e87863,0,31100.0,0.273,0.453
14b495e4ae96,0,31100.0,0.273,0.453
6a46443b0153,0,31100.0,0.273,0.453
7e6deca63ff4,0,31100.0,0.273,0.453
ce3db1c4b0fb,0,31100.0,0.273,0.453
8b9cebdedfe2,0,31100.0,0.273,0.453
c96c458f1cb9,0,42000.0,0.24,0.52
09c1211d9296,3,34900.0,0.46,0.081
67d2e4e3a4ca,100,,0.268,0.464
f212c6abbbc6,100,,0.268,0.464
81d673012456,83,,0.24,0.52
aa1b7522296e,0,41600.0,0.46,0.081
8133fe434bdd,0,54500.0,0.273,0.453
9f50e9801284,0,90000.0,0.273,0.453
70b151e2acd7,20,20220.0,0.24,0.52
697282f4cc1e,2,38520.0,0.24,0.52
528d4fef0f37,1,46600.0,0.273,0.453
39d7dd8e938c,0,40700.0,0.24,0.52
67a96912bf0c,100,46600.0,0.273,0.453
90eda1aa487b,99,,0.24,0.52
ac9e5b02174c,0,32900.0,0.273,0.453
3dc2b1053209,66,26520.0,0.24,0.52
a17d8075191b,22,,0.24,0.52
1d86cd804a35,0,20100.0,0.24,0.52
c00912d159b0,54,61400.0,0.273,0.453
db002fbcc9d3,0,24300.0,0.24,0.52
d66aa9470db7,0,32120.0,0.24,0.52
3ac1cb76e198,1,49500.0,0.273,0.453
057f61068d7e,0,28100.0,0.273,0.453
6ae528bb8e4b,0,21400.0,0.273,0.453
3b737d185471,0,47800.0,0.273,0.453
d5b2660b9810,62,24140.0,0.24,0.52
32fdb8ff0040,31,27300.0,0.176,0.648
7aedf880f4fb,0,24600.0,0.273,0.453
4fbe3a86cc28,0,25200.0,0.24,0.52
d1ccc78f1be7,100,17900.0,0.273,0.453
0a3d04d08294,2,23700.0,0.273,0.453
dd57b11e9839,5,17280.0,0.24,0.52
190a7c2ee313,94,24140.0,0.273,0.453
a60e39635b71,100,,0.035,0.931
742922ede55a,100,,0.46,0.081
6f043e7a84d2,0,33400.0,0.176,0.648
0e5b2f7a15e7,3,28000.0,0.46,0.081
6354a0191fbf,0,28400.0,0.273,0.453
dc816cab1fee,0,22100.0,0.273,0.453
63257744fad8,2,43700.0,0.24,0.52
3978aa305a1f,0,25000.0,0.273,0.453
d2a6fc4b9f1b,1,24900.0,0.24,0.52
2eba4f988a29,90,14380.0,0.24,0.52
be298b62e1af,0,39000.0,0.273,0.453
c83bdf611a08,0,90000.0,0.273,0.453
ebc699ef2e17,60,25500.0,0.273,0.453
4db38c625bce,0,48300.0,0.498,0.003
3b372b1d0933,9,19900.0,0.273,0.453
fecd48c8c43d,0,19500.0,0.273,0.453
54fbc6a3f6e3,0,43100.0,0.273,0.453
7a0d682ea46d,100,,0.24,0.52
aa85e72783eb,10,18100.0,0.273,0.453
fe1c4685844f,1,17800.0,0.273,0.453
06a1d4fd4dbc,0,22000.0,0.24,0.52
2b6b9fda6100,14,16100.0,0.207,0.586
5753a2d6d640,100,17200.0,0.273,0.453
7f1458d37e28,0,31600.0,0.273,0.453
1ccf0167a8fe,0,35100.0,0.273,0.453
66febf07b102,100,24140.0,0.273,0.453
201f4582cfab,0,23700.0,0.273,0.453
874898a07c30,100,280.0,0.326,0.348
3e64543b0718,10,90000.0,0.273,0.453
9d59cfd1553f,100,16700.0,0.498,0.003
92d9099afdc8,2,34800.0,0.24,0.52
b10a8024b701,10,13400.0,0.273,0.453
175ec377c5ed,0,13500.0,0.498,0.003
205d61b67282,0,90000.0,0.31,0.381
f1c749923e1e,88,89700.0,0.273,0.453
d0f5be596425,0,24140.0,0.273,0.453
73d34a260434,11,15300.0,0.273,0.453
8569899e1106,25,13300.0,0.498,0.003
baa5facd303b,3,20200.0,0.273,0.453
20a288308f15,0,90000.0,0.246,0.509
50e82d59b20d,99,42000.0,0.215,0.57
4dbfdb140037,0,22300.0,0.24,0.52
211de09d6b06,6,16820.0,0.24,0.52
0418d771eff1,87,50000.0,0.273,0.453
28a85de8614f,90,27900.0,0.24,0.52
412affd4e46e,4,90000.0,0.273,0.453
de8bfae6a362,2,24140.0,0.273,0.453
547b7ba3d5e5,0,39300.0,0.273,0.453
b07d360fc621,100,100.0,0.498,0.003
b6d232ef47d7,95,34200.0,0.24,0.52
5f4b35ba8b49,0,26000.0,0.273,0.453
2099b2aaeb77,0,21500.0,0.273,0.453
2edccfd5a259,0,18200.0,0.24,0.52
a006251dbd6e,0,21900.0,0.273,0.453
5c1e6a4d6c43,0,22100.0,0.273,0.453
c963832e99ef,0,43700.0,0.24,0.52
e6fdc4de0d9c,0,33700.0,0.273,0.453
956e9f493f8d,0,19600.0,0.273,0.453
46d5c1cf4e6e,0,29700.0,0.273,0.453
5266b1ff6b66,0,30060.0,0.24,0.52
b9a200d4e130,100,,0.498,0.003
bca7f2daeadf,0,24800.0,0.273,0.453
9e262bec846d,0,24900.0,0.273,0.453
328405d2d6d0,0,19500.0,0.537,0.075
cea3779ab11e,5,14000.0,0.273,0.453
3517d114ed1f,12,27860.0,0.24,0.52
b5c26775dc19,19,12200.0,0.273,0.453
ea32fe1e118f,3,14720.0,0.24,0.52
9dd1a6c1dbea,39,44600.0,0.273,0.453
a0db0059110e,0,20300.0,0.273,0.453
5f5be11dae51,24,32600.0,0.146,0.709
78b7bc47395a,0,37200.0,0.24,0.52
6f6fa88356dd,100,30600.0,0.273,0.453
d955a9a661e9,0,26900.0,0.176,0.648
1c4288d872b4,4,30300.0,0.146,0.709
a095bb4f82cb,0,41300.0,0.498,0.003
94bce929082a,0,27200.0,0.273,0.453
d12c15970a94,0,37200.0,0.498,0.003
dc8896a28f2e,0,38600.0,0.498,0.003
1364810c2fb5,100,,0.537,0.075
48731d3c5dde,100,,0.537,0.075
6c76e231a784,23,29300.0,0.273,0.453
1a8b03ef541e,9,90000.0,0.273,0.453
6e7177e28264,0,33860.0,0.24,0.52
b288f46eb743,3,34300.0,0.273,0.453
903451b87871,8,21700.0,0.273,0.453
c8263d638caf,0,35300.0,0.24,0.52
4feef1073bec,0,25100.0,0.273,0.453
216450e3f13d,0,30980.0,0.24,0.52
4aef7b083ec1,0,22500.0,0.273,0.453
86d85f9789af,0,24140.0,0.24,0.52
84ad553b9069,0,17100.0,0.273,0.453
8af0d7f8c5f3,0,20600.0,0.273,0.453
339ddb2110a5,31,83200.0,0.273,0.453
1cf7b401f949,23,,0.537,0.075
74e048f6158a,0,25500.0,0.273,0.453
3702b1be5408,0,34200.0,0.273,0.453
169f3453a157,29,27300.0,0.24,0.52
ef262ef10028,0,18700.0,0.273,0.453
511f39a97d8c,2,24140.0,0.273,0.453
b2e21761626a,0,32200.0,0.24,0.52
191071e4dcbb,100,,0.537,0.075
1fb87ca9fd40,0,19960.0,0.24,0.52
30736a1df6a6,98,39220.0,0.24,0.52
e40b8e2865fb,0,41100.0,0.273,0.453
644da34c537d,61,47700.0,0.273,0.453
73e92f278c36,100,,0.537,0.075
dd058f270624,0,80000.0,0.273,0.453
9cc9e2884132,100,24140.0,0.24,0.52
570567c22fc9,100,24140.0,0.273,0.453
a307ed390acc,0,40880.0,0.24,0.52
1ebf5f1b3479,49,24140.0,0.121,0.759
27a9687341a6,10,24140.0,0.31,0.381
c9730d8a95f3,0,38800.0,0.24,0.52
29b3bc3982e1,0,39900.0,0.24,0.52
d0cce5dfef8b,0,90000.0,0.273,0.453
acd6addb1d7a,0,27700.0,0.121,0.759
21be6973c6a2,3,15700.0,0.121,0.759
0e5cb50bc24f,4,90000.0,0.273,0.453
d2048f82903d,12,35300.0,0.576,0.152
a00e1b67f856,1,21900.0,0.576,0.152
310e82ef7f7e,0,48500.0,0.576,0.152
a6eec145a748,0,18900.0,0.576,0.152
c579f3562fd0,46,23700.0,0.273,0.453
d4963e6166aa,0,39900.0,0.24,0.52
4fbb98308a1d,0,52800.0,0.576,0.152
2c2875fede2e,0,39000.0,0.576,0.152
ce9a7d52994d,0,32300.0,0.31,0.381
5ecc09f46ab4,0,27200.0,0.537,0.075
59a705dc2dc0,0,24400.0,0.576,0.152
7ba978ac5d04,0,49300.0,0.273,0.453
33a0479306db,0,50800.0,0.273,0.453
7fe2aa8f762a,0,15300.0,0.176,0.648
6a2381165702,0,30000.0,0.576,0.152
783cf0f0ba6c,18,45100.0,0.576,0.152
54fce097c9c4,0,31400.0,0.273,0.453
8457d2e3c7ab,0,28600.0,0.24,0.52
13111ad1eea7,89,24140.0,0.576,0.152
1f6db03212e9,98,44500.0,0.24,0.52
a369f244acc7,9,38500.0,0.31,0.381
c5da7e7f9b25,0,35500.0,0.273,0.453
922783b63071,85,,0.576,0.152
c8441533d917,0,83500.0,0.273,0.453
0b03f6978f6f,64,,0.576,0.152
7151efd0bc48,0,,0.576,0.152
9d6827239e0a,0,12440.0,0.576,0.152
eb2ddd1ab0ff,1,17300.0,0.273,0.453
c7f899c7229e,0,,0.576,0.152
babb041472d1,0,,0.576,0.152
775c6afafa0b,23,18300.0,0.24,0.52
e5d13f2af64e,5,30800.0,0.24,0.52
6fe869316e4e,0,31840.0,0.24,0.52
dc8e00dddf0a,2,18720.0,0.576,0.152
99d54d530837,0,34760.0,0.273,0.453
df108a55f13d,67,14580.0,0.576,0.152
706310135e8c,36,26200.0,0.24,0.52
84962c994a86,0,62900.0,0.273,0.453
d8593a58b93d,0,23900.0,0.273,0.453
5e6cc9abfd25,1,16800.0,0.612,0.225
e837d4344c34,2,15100.0,0.085,0.831
cd45335b5c43,0,26400.0,0.24,0.52
722918fa7153,0,75360.0,0.24,0.52
5afdd97adb77,64,,0.24,0.52
1f2506a73adf,0,19600.0,0.273,0.453
480e926c109e,100,200.0,0.612,0.225
97471a36a86e,0,19200.0,0.526,0.052
9c503bc9c927,0,16800.0,0.14,0.72
b7bd74c28ce3,2,33000.0,0.757,0.514
363de27ebed3,100,13600.0,0.121,0.759
dc17cb71b885,100,13600.0,0.121,0.759
51506b811470,69,13100.0,0.121,0.759
465c8b03d984,100,13600.0,0.121,0.759
0c278bd41e96,0,24800.0,0.732,0.464
872ce1f5f08c,25,23200.0,0.246,0.509
22b713c44863,25,23200.0,0.246,0.509
2ac6ba27a599,5,22100.0,0.823,0.647
fea18e4f3d40,18,26400.0,0.473,0.053
f6eee51bcf91,5,12700.0,0.001,0.998
1ab70642bafb,2,24140.0,0.871,0.741
ec385ab9e53a,0,24000.0,0.29,0.42
97723229851b,0,24000.0,0.29,0.42
03fec8392b24,16,24140.0,0.871,0.741
92f1f0edf79a,0,24000.0,0.29,0.42
1818d5381bfc,0,29900.0,0.326,0.348
10d111ef43a2,0,57700.0,0.24,0.52
030eca1d62ec,19,45000.0,0.112,0.775
607b3aeb0bb9,19,44200.0,0.112,0.775
1a3a9b7e8ec9,70,24140.0,0.773,0.547
649713c9378a,16,28500.0,0.176,0.648
eba41ab2c3b3,0,25700.0,0.176,0.648
fce1a7027c3b,1,20300.0,0.176,0.648
f7bc4e07e8a4,0,20400.0,0.176,0.648
29e8ac5b4177,0,63900.0,0.273,0.453
60da4c693584,0,28200.0,0.176,0.648
d24d35d18ef9,0,32800.0,0.24,0.52
d70de722ebd0,0,34600.0,0.24,0.52
c5a7c5475e87,0,27400.0,0.273,0.453
ea553218b7aa,0,25100.0,0.273,0.453
aaad56214b18,0,25100.0,0.273,0.453
6b9e28276e71,0,27900.0,0.273,0.453
0f3075977fe0,2,24300.0,0.273,0.453
4a5b01ac3977,4,18500.0,0.273,0.453
3ced162b28b0,1,19800.0,0.273,0.453
390c91c207f8,1,19800.0,0.273,0.453
06a9799926a0,0,45200.0,0.273,0.453
282f89f5f36b,0,29000.0,0.24,0.52
3502fb3e5f4a,16,14400.0,0.121,0.759
7c53589e1f09,100,9780.0,0.24,0.52
4b18f9ef985a,17,24140.0,0.24,0.52
6fb9c8ae0dd1,11,24140.0,0.273,0.453
43dc9b4f5a65,0,33300.0,0.651,0.302
255a49ce333a,0,23900.0,0.651,0.302
801be893a484,0,42500.0,0.24,0.52
f663f81610ad,0,26100.0,0.273,0.453
4d86d7d49af3,0,41200.0,0.24,0.52
de79554845eb,0,39300.0,0.273,0.453
492cb56892b1,0,50500.0,0.687,0.375
0eef1b27ee77,0,28400.0,0.687,0.375
a0c078d8549d,5,51100.0,0.687,0.375
5b959744fc42,0,38800.0,0.687,0.375
27914ca3d92b,4,20900.0,0.687,0.375
539df67407c4,8,28900.0,0.687,0.375
df77eaaf2c9e,100,19900.0,0.273,0.453
b3e45f77679d,0,19700.0,0.246,0.509
6b32e634b4c2,0,32000.0,0.273,0.453
9a0681919b86,0,26500.0,0.31,0.381
8b860c699f05,0,32700.0,0.687,0.375
4df7b4f13271,0,37700.0,0.24,0.52
b966323cf2a0,0,37300.0,0.24,0.52
afc271bb71ad,0,34800.0,0.687,0.375
357813a50dc4,0,38800.0,0.687,0.375
64e50a844299,22,31900.0,0.687,0.375
8a16bd1de864,100,,0.24,0.52
a274e4501058,0,52400.0,0.687,0.375
dc89dcddc407,100,18600.0,0.687,0.375
4fa6f9fa4b7b,0,27400.0,0.273,0.453
73d7ea35a9db,100,50000.0,0.687,0.375
7aef31d0a9f7,0,34000.0,0.273,0.453
c138318b62c1,2,,0.687,0.375
8002f1202544,0,26600.0,0.121,0.759
f016f30d2220,0,47500.0,0.273,0.453
9d941c0fb932,0,24800.0,0.687,0.375
01304d1e750b,0,26900.0,0.273,0.453
f53eca045752,0,37500.0,0.24,0.52
b6c47b32673d,0,35600.0,0.176,0.648
c60e298512a8,0,27000.0,0.723,0.447
3033aeb1cf6a,1,16400.0,0.723,0.447
862c172c0fb7,2,,0.687,0.375
d559f6cb6a6f,0,30200.0,0.273,0.453
40e9134d87b0,0,61300.0,0.723,0.447
cd5ac03372fb,0,48500.0,0.723,0.447
b1c3f1fefaa8,100,12200.0,0.176,0.648
85c3d260c7b2,10,33300.0,0.31,0.381
c7208828be60,0,31000.0,0.757,0.514
df4d26d3e227,0,38500.0,0.24,0.52
f8df339031ee,0,22300.0,0.757,0.514
d3d678dedd69,0,18700.0,0.757,0.514
10f4729fd8cc,7,37200.0,0.757,0.514
3cc3c0a2cd80,0,24200.0,0.757,0.514
7cb413d7073d,0,22500.0,0.757,0.514
65fbe53e393f,56,,0.757,0.514
05920cd286fa,29,,0.757,0.514
e0c4059c407e,0,38900.0,0.787,0.575
93a022ddf873,52,6700.0,0.787,0.575
75070979537b,6,12800.0,0.787,0.575
99234bca96ed,0,64600.0,0.273,0.453
27df752b5e59,0,65800.0,0.273,0.453
7cf67b07b576,0,65800.0,0.273,0.453
c9161b63b875,0,63300.0,0.273,0.453
4df00542e389,0,63900.0,0.273,0.453
4b4f8ae88b78,0,63900.0,0.273,0.453
b88ec224ddaa,0,50900.0,0.273,0.453
01498047a24a,0,50900.0,0.273,0.453
2daf5c71fea1,0,47300.0,0.273,0.453
ef3473b6e8de,99,30400.0,0.273,0.453
6a89a19d6382,0,39900.0,0.687,0.375
efe4afb2702e,100,46600.0,0.576,0.152
20f64a1c62e8,0,30400.0,0.757,0.514
ae37a43e9b42,0,26900.0,0.273,0.453
159695f6f9dc,6,20500.0,0.821,0.641
459c3cf88557,0,88100.0,0.273,0.453
2a398c684295,2,16700.0,0.821,0.641
32e6c3fe515f,76,41300.0,0.821,0.641
4919299f3243,100,,0.821,0.641
d7127414fb9f,100,3800.0,0.821,0.641
24d9c6f66d25,0,7300.0,0.821,0.641
0cb00f232b99,97,460.0,0.821,0.641
9db7e57415bc,0,7360.0,0.821,0.641
d76714e26b28,96,3560.0,0.821,0.641
cb67cc72d0a3,0,2020.0,0.821,0.641
6491476760b6,38,19340.0,0.821,0.641
b5eed848e58c,5,2760.0,0.821,0.641
dea29462188e,8,3600.0,0.821,0.641
78b0a1a23a07,98,4380.0,0.821,0.641
5cf0a1562a03,95,6260.0,0.821,0.641
e552b8d2d1f7,100,10680.0,0.821,0.641
a5d71b45294a,98,3740.0,0.821,0.641
42a94fd80064,100,4240.0,0.821,0.641
3f863f8b5d72,100,8040.0,0.821,0.641
d2cca5f5611c,100,9080.0,0.821,0.641
e031d2a36efe,100,4320.0,0.821,0.641
5cba8b4694d7,100,3700.0,0.821,0.641
ba465af1d252,100,7060.0,0.821,0.641
e3f942533f7c,100,7400.0,0.821,0.641
645c37e2718a,100,7720.0,0.821,0.641
9120bb2d9b07,100,4200.0,0.821,0.641
9a0d2cd11d58,100,6520.0,0.821,0.641
de9b4acc7e40,100,10960.0,0.821,0.641
afb360746459,100,10400.0,0.821,0.641
3e8eee0f13d6,100,10360.0,0.821,0.641
e914341d164c,100,5340.0,0.821,0.641
06e965f29f51,83,16600.0,0.821,0.641
75686c6a5c7a,100,2140.0,0.821,0.641
c4be22e6c3ca,100,7500.0,0.821,0.641
dc664b83e192,100,1760.0,0.821,0.641
0b881794e27e,100,2060.0,0.821,0.641
57ff966f138a,100,,0.821,0.641
5b4460af0e1c,100,,0.821,0.641
02e0379785e1,100,,0.821,0.641
73db009ab0d6,99,8620.0,0.821,0.641
a0a0502273f3,100,2740.0,0.821,0.641
e3a23d6c6d55,100,,0.821,0.641
403538cc7079,100,1960.0,0.821,0.641
5227895d6b0b,100,,0.821,0.641
dc4a878e9711,100,,0.821,0.641
5dc1c8c86384,100,,0.821,0.641
1fce79d6ebe3,100,,0.821,0.641
828403f663ca,100,,0.821,0.641
7cc21c27b570,100,,0.821,0.641
f6a3d45eb98d,98,15980.0,0.821,0.641
9f7303376301,97,17360.0,0.821,0.641
7687d2430a30,55,18900.0,0.821,0.641
bf07061ff349,4,6960.0,0.821,0.641
515cb308317b,100,24140.0,0.821,0.641
6e04623b0c48,100,12740.0,0.821,0.641
ad73c5bc0ddd,100,11480.0,0.821,0.641
de4a5005cfc9,100,7120.0,0.821,0.641
fe384aaa3bda,100,7120.0,0.821,0.641
28f28bf236d7,100,8260.0,0.821,0.641
ed9210279561,100,8260.0,0.821,0.641
fa71f22aeba6,100,7120.0,0.821,0.641
2b3625ae772b,97,62500.0,0.821,0.641
f652d1314e47,100,12740.0,0.821,0.641
4890b100e76a,100,12740.0,0.821,0.641
c6d4dca58218,100,12740.0,0.821,0.641
082aeb3a6fb9,100,11480.0,0.821,0.641
81f86108a508,100,11480.0,0.821,0.641
5d16a81ab3d4,94,12780.0,0.821,0.641
317026994d65,100,7420.0,0.821,0.641
6da1be29ea2e,11,7600.0,0.821,0.641
fcc4d8dd2075,88,18840.0,0.821,0.641
d4bf14eadb27,87,11580.0,0.821,0.641
15a249307dd8,96,7600.0,0.821,0.641
314e4039efe4,95,5820.0,0.821,0.641
ebce08d7f57a,87,11580.0,0.821,0.641
f8374b3f2a48,100,2260.0,0.821,0.641
10e442c4ca95,100,,0.821,0.641
d29f7c02edb7,100,,0.821,0.641
79f2664a5d7a,100,,0.821,0.641
419f7fe313e2,100,,0.821,0.641
416aaba7c34b,99,,0.821,0.641
7dff2d95de49,97,8760.0,0.821,0.641
384c9f90dc91,25,3000.0,0.821,0.641
d33b7ee91972,100,13600.0,0.821,0.641
dff2252f03e3,100,14420.0,0.821,0.641
54b718294b6f,97,9380.0,0.821,0.641
ce287b748ffd,91,9920.0,0.821,0.641
06f0f2774a04,100,12340.0,0.821,0.641
c8ecdb303ad7,13,4800.0,0.821,0.641
749ec7b7d1af,76,8120.0,0.821,0.641
7538d06703f2,71,9500.0,0.821,0.641
d162fe5844ed,87,9620.0,0.821,0.641
0038c70be622,71,7280.0,0.821,0.641
ebb46ff443e1,100,12820.0,0.821,0.641
9f31efe7ba9b,97,62500.0,0.821,0.641
6ada4c9c16ea,72,12600.0,0.821,0.641
c1f63b75773d,94,10960.0,0.821,0.641
d4b10af95d2e,87,9900.0,0.821,0.641
9d672b575068,84,8540.0,0.821,0.641
780120c9114c,95,5380.0,0.821,0.641
2360cd9fb8c6,55,24140.0,0.821,0.641
b278a82f8067,100,24140.0,0.821,0.641
da3fb48f571a,100,40500.0,0.821,0.641
79492a860f51,100,40120.0,0.821,0.641
935efe260324,0,30840.0,0.821,0.641
248874dd306a,100,40500.0,0.821,0.641
a9ef30963848,100,27860.0,0.821,0.641
5542caad9271,100,40500.0,0.821,0.641
8e331ed86f08,100,33940.0,0.821,0.641
a4236ff981d2,100,27860.0,0.821,0.641
c144ce0ad27d,100,40500.0,0.821,0.641
779982f5ecd3,5,26860.0,0.821,0.641
89a4fc9d86fc,100,27860.0,0.821,0.641
a5ef4d884f3d,100,8260.0,0.821,0.641
921a73d8ec30,100,7440.0,0.821,0.641
06dcda3e306d,100,8280.0,0.821,0.641
de999318a29c,100,7440.0,0.821,0.641
73db3d92031f,99,21400.0,0.821,0.641
b39f7383acaa,100,7120.0,0.821,0.641
a4a58a79e098,100,23640.0,0.821,0.641
90d5ef167560,0,33020.0,0.821,0.641
5a7586c8395f,100,100.0,0.821,0.641
cb6401435a83,91,9220.0,0.821,0.641
6d4ded5e5704,90,8540.0,0.821,0.641
6805bd745f42,96,6240.0,0.821,0.641
fc8ff4657334,97,7680.0,0.821,0.641
c3edc6272999,0,57100.0,0.821,0.641
85584b301cf0,0,31200.0,0.851,0.702
c221bd5ae5fb,0,24140.0,0.273,0.453
83e937038906,0,85500.0,0.851,0.702
c535743c124e,1,25900.0,0.851,0.702
54ffd74b2416,0,31700.0,0.851,0.702
855967ea72dd,0,25300.0,0.851,0.702
ab6c7bf65446,0,56700.0,0.851,0.702
b2572e683789,0,76900.0,0.851,0.702
830261cf2035,2,47100.0,0.851,0.702
c3dc34213351,0,19900.0,0.121,0.759
9968f919f7ae,0,17700.0,0.273,0.453
b299e11ea404,99,4540.0,0.821,0.641
83f5ba96d3b2,58,13360.0,0.851,0.702
d41ded58d270,0,69700.0,0.176,0.648
4baaea341205,0,54300.0,0.901,0.802
fe161667c2a0,100,66760.0,0.851,0.702
47a9722c3bf1,0,19200.0,0.246,0.509
1990c004868c,0,17300.0,0.246,0.509
b466533701da,0,30100.0,0.823,0.647
8d3b42b38d0d,0,56400.0,0.146,0.709
d4b59cba472e,9,70400.0,0.273,0.453
7b91c3f7d7ad,6,56700.0,0.273,0.453
ddf593211ab4,57,47400.0,0.273,0.453
f2428c79da24,100,50000.0,0.851,0.702
0258a91268cc,100,50000.0,0.851,0.702
a3ae3f45f59f,100,50000.0,0.851,0.702
c5c101520477,100,5840.0,0.851,0.702
03f2a342f3aa,85,13720.0,0.851,0.702
ef2af6881497,8,,0.851,0.702
c42b54168f13,0,,0.851,0.702
cca8fcc872b3,0,29700.0,0.882,0.764
01ec1a17fea8,35,24300.0,0.882,0.764
69d441b2fc08,0,33800.0,0.882,0.764
f8f3505d6456,30,47000.0,0.882,0.764
ef360de2a8ef,98,42700.0,0.882,0.764
b00fc73fdf13,0,47300.0,0.882,0.764
78c5a78ea3cb,0,30200.0,0.882,0.764
2727134aa192,0,21100.0,0.882,0.764
d68fac8434b3,0,17100.0,0.882,0.764
183549a59886,3,28600.0,0.882,0.764
b366ae2f0a8d,70,25600.0,0.882,0.764
2b2398a145ba,4,30900.0,0.882,0.764
54c1c5fd2e84,4,28100.0,0.882,0.764
85a306cdf482,3,28300.0,0.882,0.764
b71271dd99fb,62,29200.0,0.882,0.764
dc95f8a125d4,56,24140.0,0.882,0.764
079db28caa33,2,15500.0,0.882,0.764
19e5f132b30f,0,32600.0,0.24,0.52
91592ef647c9,16,,0.882,0.764
4e2adcdbcceb,99,10800.0,0.91,0.819
9f3d83b1208f,0,32000.0,0.882,0.764
4eb754ab4776,0,24140.0,0.91,0.819
c542aa719863,0,62100.0,0.273,0.453
d42f9981bafe,0,66800.0,0.176,0.648
77e34932f4aa,5,,0.91,0.819
0fa6992742d8,5,,0.91,0.819
7b7cb5ae60f9,0,35200.0,0.24,0.52
4e6ce0c60c80,53,6360.0,0.91,0.819
1e80a11ff525,100,12440.0,0.94,0.88
b150a3f5ec8b,100,12440.0,0.94,0.88
b9d105921da3,0,17800.0,0.273,0.453
01169d5ae7f7,100,12200.0,0.94,0.88
e5662acfe7fb,6,14600.0,0.94,0.88
10c3ac9f57c4,89,24140.0,0.94,0.88
a7b2c16f84e1,100,20840.0,0.94,0.88
ee94e149c602,0,31700.0,0.273,0.453
dcce540b741d,3,,0.94,0.88
57494b084a3f,2,16700.0,0.971,0.941
e9845d7cabcc,0,24140.0,0.971,0.941
5d39db77e460,93,,0.971,0.941
a5b2386895af,40,920.0,0.971,0.941
fc9e2bc9d43e,84,,0.971,0.941
466515fc9619,63,43200.0,0.24,0.52
e3bcc57712ce,7,24140.0,0.001,0.998
6c65cd28ae26,7,24140.0,0.001,0.998
ec4b8e95c21d,78,55900.0,0.273,0.453
ba9beb9ee4db,0,47600.0,0.121,0.759
7848d0705935,0,89600.0,0.146,0.709
5a90b989e966,53,52000.0,0.207,0.586
d32a0a1b963e,0,24800.0,0.215,0.57
5fbbe6c5d417,0,24140.0,0.31,0.381
d10e25d81ce4,0,21800.0,0.273,0.453
d19178ec7d42,100,24140.0,0.273,0.453
acbe74b6759d,0,24100.0,0.273,0.453
1110a077a2d6,0,22500.0,0.273,0.453
fa0cd84fe418,0,22800.0,0.273,0.453
52d2c1ac11a9,0,24100.0,0.24,0.52
0d6c4d2809a6,82,24140.0,0.001,0.998
fca8ddafa51c,92,24140.0,0.882,0.764
bc03e99b0287,53,24140.0,0.882,0.764
4eb589464cac,21,24140.0,0.576,0.152
1fef999aa244,62,24140.0,0.24,0.52
db43d12b0cc1,65,24140.0,0.24,0.52
b693c44fec4e,21,24140.0,0.273,0.453
e3920e629bcf,0,24140.0,0.31,0.381
81e1a1672bd7,13,24140.0,0.146,0.709
c23f7c2f1afa,78,24140.0,0.176,0.648
d374b899376d,12,24140.0,0.121,0.759
5d86c4c2b7af,21,24140.0,0.001,0.998
09f280d8dab7,62,24140.0,0.032,0.936
642f17b19d4b,9,16500.0,0.032,0.936
23d7caadd527,1,36900.0,0.24,0.52
0015f79dbbf5,67,,0.032,0.936
b182f6ee74e6,7,4860.0,0.032,0.936
aa791d1192ef,0,30100.0,0.94,0.88
818a63a685a7,98,24140.0,0.032,0.936
f41329a301c4,0,16400.0,0.273,0.453
159649eed768,97,,0.062,0.875
f0805fc7e8e7,2,33540.0,0.273,0.453
012118d174df,81,,0.062,0.875
ed5a9f29993c,1,34100.0,0.24,0.52
751cbb49ec97,82,,0.062,0.875
0433b556e183,82,,0.062,0.875
e5d9ba59803e,100,15260.0,0.062,0.875
1b8c791033ee,0,3960.0,0.062,0.875
4c02f105c9d2,62,,0.062,0.875
b69df61ec0d7,20,24140.0,0.093,0.814
3c07d9a2a968,91,26100.0,0.093,0.814
031f5bbb5044,0,,0.093,0.814
987375dce23f,0,22900.0,0.093,0.814
0f17c5143b68,98,16600.0,0.093,0.814
67a2c3e5cb9d,98,17200.0,0.093,0.814
127404287bc5,0,28000.0,0.24,0.52
a47c260c9366,98,30000.0,0.093,0.814
2b9b6d3681e9,0,44400.0,0.093,0.814
ade1edfe2b05,0,35400.0,0.093,0.814
f47cdfad3069,0,36000.0,0.093,0.814
dff92b0f4e09,12,24140.0,0.24,0.52
24607a873699,1,24140.0,0.273,0.453
2a4ce32a01f1,4,,0.062,0.875
fab79c1da59c,100,50000.0,0.093,0.814
0f4ea934a51e,0,,0.062,0.875
8c64bde2a19f,100,4240.0,0.093,0.814
3eb5db29eafc,99,28440.0,0.24,0.52
f0409d0f2611,4,4960.0,0.821,0.641
3ef6f4382c91,86,,0.093,0.814
e227e10bab61,0,24140.0,0.123,0.753
a98a3bf9ef76,13,24500.0,0.123,0.753
2ddfceec7c1e,90,37900.0,0.123,0.753
c4c27a55fe55,58,24140.0,0.123,0.753
d18bdf680c52,79,,0.123,0.753
a2b0763ceaac,24,27400.0,0.123,0.753
a0a1d0220b77,91,,0.123,0.753
bbd8fd1a4465,64,1700.0,0.123,0.753
4b75119cf353,100,,0.123,0.753
de6d1cd1bdfb,76,,0.157,0.686
b4c8f179a0cb,100,4080.0,0.157,0.686
3fb17a0527e8,100,3560.0,0.157,0.686
8057fe07e154,100,,0.157,0.686
93c0e968cb4c,0,55000.0,0.273,0.453
5bc8b3707b5a,0,20700.0,0.093,0.814
a8a2f549c9e1,2,15800.0,0.19,0.62
4360189f34db,0,24140.0,0.19,0.62
7387493179bb,89,12400.0,0.19,0.62
5eef86659760,0,23900.0,0.19,0.62
e8bd31d75d50,82,,0.223,0.553
842e922d6850,100,5480.0,0.223,0.553
af8c7b995fb1,98,,0.223,0.553
a517a06a95ec,100,1880.0,0.223,0.553
575e15190899,63,3840.0,0.223,0.553
9468174631dc,61,2620.0,0.223,0.553
058e06c2b8e1,61,2620.0,0.223,0.553
0c03e5b17a63,0,23700.0,0.26,0.481
6afddde6e647,0,23700.0,0.26,0.481
193f5bdd84a5,95,10500.0,0.26,0.481
10b340535c7e,100,36200.0,0.26,0.481
f6e988781172,0,28600.0,0.26,0.481
b6c6db7f44cf,2,21000.0,0.26,0.481
2f4cd3cb7931,0,41300.0,0.26,0.481
05da01097131,2,26600.0,0.26,0.481
a47d8c89e7b6,0,41000.0,0.26,0.481
1ea7d2c54e3f,0,27600.0,0.26,0.481
bf358b602b53,0,33100.0,0.26,0.481
e7704620a911,9,38400.0,0.26,0.481
380e5e2afd4e,0,29300.0,0.26,0.481
4f3e60f214b2,0,58200.0,0.26,0.481
79cdb24a4035,0,59400.0,0.26,0.481
4695d1ee6839,0,66700.0,0.26,0.481
249363805452,0,60300.0,0.26,0.481
de1eb62819aa,0,60000.0,0.26,0.481
dc4dd401cc21,36,36100.0,0.26,0.481
806992af269d,2,18800.0,0.26,0.481
3b644efa5f18,0,27100.0,0.26,0.481
9ff4926d7e98,12,35900.0,0.26,0.481
2e37c6e7e8b9,0,55800.0,0.26,0.481
d2472b934620,1,27900.0,0.26,0.481
88083aa5b939,0,48700.0,0.26,0.481
166651d6622e,0,58000.0,0.26,0.481
f26942231fd0,0,34500.0,0.26,0.481
18125820eed3,0,45400.0,0.26,0.481
14fe5aa7610f,0,49000.0,0.26,0.481
70c0a7888653,2,33600.0,0.26,0.481
9c2919df820c,9,17300.0,0.26,0.481
70e5659c929c,15,26900.0,0.26,0.481
644d046139f4,49,25400.0,0.26,0.481
b423ca39671e,4,51800.0,0.26,0.481
24cb552ab4f4,0,27900.0,0.273,0.453
13c213fb08ef,0,19600.0,0.273,0.453
cfdb073ba98a,0,33700.0,0.26,0.481
dfe440927a3c,3,17700.0,0.273,0.453
0e2241e9e254,4,17500.0,0.273,0.453
189e4ef3b212,0,31800.0,0.26,0.481
601ee6de3859,39,26100.0,0.26,0.481
9d166ff9b020,15,29300.0,0.26,0.481
e5cd9a99529e,0,46700.0,0.26,0.481
c4ff32168507,0,71300.0,0.26,0.481
d2156cbf1098,0,25900.0,0.26,0.481
cbf38b56870f,0,33600.0,0.26,0.481
f64d88b030c0,18,27300.0,0.26,0.481
79cf2cd3d1b1,39,48700.0,0.26,0.481
54198e98ac47,35,28500.0,0.26,0.481
bf8f2a30f5da,0,32900.0,0.26,0.481
c31cd82c0875,0,29400.0,0.26,0.481
27dab1efb035,0,20500.0,0.26,0.481
c2b00a9bce24,100,24140.0,0.26,0.481
03517a2c370b,0,43800.0,0.26,0.481
01b5843fef98,21,18200.0,0.26,0.481
6affdd4f4068,8,15300.0,0.26,0.481
312df7446171,3,41400.0,0.26,0.481
00cb85a60a20,1,17700.0,0.26,0.481
7ba539625e73,0,42400.0,0.26,0.481
5a28daee90ec,0,26600.0,0.26,0.481
b01b98585ba8,1,19100.0,0.26,0.481
716ba335df12,99,16900.0,0.26,0.481
6cbcf31d4d76,21,24140.0,0.26,0.481
2884f029e768,0,35500.0,0.26,0.481
df6c29ea084c,1,19600.0,0.26,0.481
9ce03a2e15bc,0,52900.0,0.26,0.481
3268b3bd55a3,66,5480.0,0.26,0.481
ef9b35401370,6,18500.0,0.26,0.481
46745d6302a0,0,24140.0,0.26,0.481
106ecb403762,0,24140.0,0.26,0.481
375116cc5b40,70,6760.0,0.26,0.481
f425702e25db,0,22700.0,0.26,0.481
85a24b16d3d2,0,49800.0,0.26,0.481
7a228da39b15,0,,0.26,0.481
b2f1dd338752,0,,0.26,0.481
06aa6387f99f,100,27260.0,0.26,0.481
551e6b83e77e,0,57600.0,0.26,0.481
3d230b841b8d,81,,0.26,0.481
580dd9e54b89,2,,0.26,0.481
beede56e2f8f,100,24140.0,0.26,0.481
ae5c885bcc64,68,28600.0,0.26,0.481
d368ecd3d5cb,68,28600.0,0.26,0.481
d4cfb504580b,48,9820.0,0.19,0.62
afcfcefe6d28,3,,0.26,0.481
f206ada1847f,29,30100.0,0.26,0.481
55ec576f84bd,94,,0.26,0.481
a0f2fe30a3a0,0,31000.0,0.26,0.481
d66a1beecb33,0,,0.26,0.481
b3b3cf10988d,100,6520.0,0.26,0.481
f78c9353f565,100,24140.0,0.26,0.481
a0fdf6852658,0,24600.0,0.26,0.481
8db9dd65ebc2,100,5320.0,0.26,0.481
1e41a068af45,100,31900.0,0.293,0.414
da49b335e15f,55,49500.0,0.26,0.481
b00da16f9a77,24,60200.0,0.26,0.481
62b1749e6c1a,0,18300.0,0.293,0.414
223465b9bc56,0,34000.0,0.26,0.481
723b1f98b811,0,36100.0,0.293,0.414
f06d8c680d51,7,41000.0,0.293,0.414
d793ce6036ff,0,41400.0,0.293,0.414
b9e0dde9a1c4,0,42500.0,0.293,0.414
d9f57ff1c8b0,61,40600.0,0.293,0.414
a05ab97e4c29,0,31400.0,0.293,0.414
61da764aa668,100,1440.0,0.293,0.414
388467b7666b,26,24140.0,0.26,0.481
98cbf2ef6be8,94,6720.0,0.26,0.481
7436471dff74,100,12200.0,0.293,0.414
66055b8b27c9,100,12200.0,0.293,0.414
ca032d331677,0,24140.0,0.293,0.414
e612cbe0889b,91,,0.293,0.414
a1afbb8c73f8,0,2480.0,0.293,0.414
33e778cedb20,44,4240.0,0.293,0.414
e47727e91fb4,26,,0.293,0.414
4e060094fc8c,38,23160.0,0.293,0.414
9b65f00ff29f,100,12220.0,0.293,0.414
9e7cd276aeaa,48,4720.0,0.293,0.414
c22f9c014fe8,0,47800.0,0.26,0.481
c5675c64511f,100,16000.0,0.329,0.342
7d60e58e2955,16,27220.0,0.293,0.414
6bda6d04bd97,3,24140.0,0.293,0.414
f4a4798adc8c,100,4960.0,0.293,0.414
aa77956aca74,0,19460.0,0.293,0.414
311f47e3c565,100,14880.0,0.293,0.414
f3fd3e72d762,0,20120.0,0.293,0.414
08807862344a,100,11220.0,0.293,0.414
8bb22be66459,13,19900.0,0.329,0.342
d78f363fa2cb,8,11780.0,0.329,0.342
601a6ebecc50,0,26600.0,0.26,0.481
b1f786cd6820,0,24800.0,0.26,0.481
d45458ed5dab,0,29800.0,0.26,0.481
61e673f1b42e,3,17500.0,0.26,0.481
5751800d82ce,0,29800.0,0.26,0.481
a059212a4b48,0,24700.0,0.26,0.481
3004695cbf22,56,24140.0,0.329,0.342
81f0b67c7d77,7,28000.0,0.368,0.264
98aa8aac2d78,0,17800.0,0.368,0.264
bb4f266d9845,0,23600.0,0.368,0.264
e7ed61c4ea68,0,20800.0,0.368,0.264
391a016e91a4,0,27600.0,0.273,0.453
cb28c140f4b8,92,10080.0,0.368,0.264
37745e9558e4,0,38000.0,0.24,0.52
6c8520b9515a,0,26700.0,0.404,0.192
a2db7451cb9a,100,,0.404,0.192
b24ed7c7d051,92,89700.0,0.273,0.453
df72f557db67,0,65500.0,0.176,0.648
de6452eb0ca2,0,27300.0,0.443,0.114
0a7062f8b005,0,6400.0,0.443,0.114
c2fc8db49e89,3,17440.0,0.443,0.114
7f18cb8ed0e5,100,27500.0,0.443,0.114
9aa9df017cb2,78,29240.0,0.443,0.114
5ba3527d1140,56,8180.0,0.443,0.114
76eb82578fc7,96,8420.0,0.443,0.114
cb53d5df9c0f,100,24140.0,0.443,0.114
2aac5e9c24eb,1,13540.0,0.443,0.114
233b3299d739,26,10720.0,0.443,0.114
88037049e182,86,31600.0,0.443,0.114
3925715fde21,98,4920.0,0.443,0.114
0728b55bf146,100,3380.0,0.482,0.036
3c40957b082c,0,43300.0,0.521,0.041
ebc3014850ee,0,41200.0,0.521,0.041
a1dd4be53d84,0,64300.0,0.521,0.041
ef687e244939,36,,0.482,0.036
0cb5fb39c966,100,13700.0,0.521,0.041
849c41e6f981,41,,0.482,0.036
432003b24bc7,0,8000.0,0.521,0.041
3154b9a5d741,58,38580.0,0.24,0.52
604c62888ff7,68,5920.0,0.56,0.119
51a7abc3bf83,39,19540.0,0.56,0.119
43154335ab00,89,,0.632,0.264
908fdad7cf97,7,26100.0,0.632,0.264
1f8dbb8d61e7,100,24140.0,0.632,0.264
1b71791b22af,100,14600.0,0.632,0.264
cf35f225afc9,0,32100.0,0.668,0.336
17d5ccb80661,100,6860.0,0.668,0.336
31ad2ee952ca,0,50000.0,0.668,0.336
47def2321bc2,45,,0.701,0.402
3eb7752698d4,99,23300.0,0.701,0.402
c92e217f9908,4,50000.0,0.701,0.402
5681c41b90c8,0,,0.701,0.402
bbf883a59340,2,39400.0,0.701,0.402
e47436249c0e,0,48880.0,0.701,0.402
c329e625f5b5,68,,0.735,0.469
60f5235a5030,0,54500.0,0.273,0.453
d5ddf58f064a,13,13200.0,0.273,0.453
fcf2a97a26eb,4,55100.0,0.26,0.481
0a6338d07886,100,16880.0,0.735,0.469
12b5d78375da,100,32280.0,0.735,0.469
31497b588b96,0,47200.0,0.121,0.759
e7ff2d54e30b,48,,0.735,0.469
6f8b9602c8c1,48,,0.735,0.469
87f32b2a6d3f,6,24140.0,0.765,0.53
6c2a14497f85,100,15100.0,0.796,0.591
8fcbf4e1dc49,99,24140.0,0.796,0.591
07bd28f0315e,0,50000.0,0.796,0.591
60f3b7a24e5d,0,27500.0,0.826,0.652
23a1acaf3288,16,,0.826,0.652
709be646ca65,100,2340.0,0.857,0.714
e0df613e97fc,0,18900.0,0.885,0.769
68e7de169d56,18,19320.0,0.24,0.52
46338780cd89,66,,0.885,0.769
82557e5d5721,52,50000.0,0.915,0.83
134b580cc438,2,,0.915,0.83
32ba198ab7cd,100,34400.0,0.915,0.83
1e44e2ddcb0e,100,14700.0,0.946,0.891
83bbf59fe07a,4,21900.0,0.946,0.891
9c11ca3e8c17,5,22800.0,0.946,0.891
db4544465710,0,22500.0,0.946,0.891
d09fb27eef82,100,23800.0,0.946,0.891
b608f7639005,0,23000.0,0.946,0.891
98b851cb430b,0,21600.0,0.946,0.891
a96d69a6f3c1,100,25200.0,0.946,0.891
5a6fa14bd5e1,100,13200.0,0.946,0.891
111be699f323,0,18100.0,0.946,0.891
348e2259d409,4,25000.0,0.946,0.891
6c31853ebf9c,99,24300.0,0.946,0.891
fe97df20311f,0,28500.0,0.946,0.891
cb06a2c21c87,0,27300.0,0.946,0.891
fa07db9e5a85,0,21600.0,0.946,0.891
212943a798f6,98,17600.0,0.946,0.891
d87eaa9596ab,0,36800.0,0.946,0.891
c8c29affe0b6,100,25500.0,0.946,0.891
281bc4708cbf,0,36400.0,0.273,0.453
917b25a08dcf,0,64000.0,0.246,0.509
961f455f5256,0,36100.0,0.121,0.759
9284cfc453ab,0,20500.0,0.946,0.891
ed657226b42e,0,21800.0,0.946,0.891
9fb03cde32fa,1,14600.0,0.946,0.891
e670b6cddff7,11,17100.0,0.946,0.891
0b3f6fbd031e,98,86300.0,0.946,0.891
93d20c2a36d2,27,20100.0,0.946,0.891
56c60b8d21d9,37,19500.0,0.976,0.952
631dfb43cc17,2,19800.0,0.976,0.952
8ceced4d01d2,11,16800.0,0.946,0.891
8f1011a987ae,100,1980.0,0.976,0.952
5849f7ddecec,0,50000.0,0.007,0.986
8af32693cb85,100,24140.0,0.007,0.986
241f8083bbe7,0,29700.0,0.007,0.986
c18acf7aa9ea,100,22600.0,0.007,0.986
8fbf6a04e4c3,0,31600.0,0.273,0.453
55552b4e3af7,0,43300.0,0.24,0.52
c5ad01c61f48,100,,0.007,0.986
bbc5de3ea6dd,100,80.0,0.007,0.986
7a1bdec201df,0,50000.0,0.007,0.986
967f6e204427,0,24140.0,0.007,0.986
76ba98fb9e92,3,24140.0,0.04,0.92
d5bdb1d73b63,0,50000.0,0.04,0.92
48a74f8db613,0,50000.0,0.04,0.92
7a26780f2d5b,16,24140.0,0.073,0.853
ff127fb4c208,92,33720.0,0.04,0.92
2a16b1e1e191,0,37200.0,0.24,0.52
8d58a763be89,0,,0.073,0.853
e2f00e47084f,0,,0.073,0.853
3d1567f6d566,0,32100.0,0.121,0.759
859c6d725c58,0,45400.0,0.154,0.692
c99e13a83fae,0,30100.0,0.176,0.648
b66fbebe29d0,0,23500.0,0.176,0.648
7dde45951288,0,41800.0,0.273,0.453
119456244182,62,,0.073,0.853
33c6deb9b3ea,0,24140.0,0.121,0.759
492c606e31f0,15,24140.0,0.246,0.509
6ad930a45b81,56,24140.0,0.176,0.648
1fc4c51286c1,3,24140.0,0.273,0.453
60c6d9125363,12,24140.0,0.576,0.152
e511183e5bee,67,24140.0,0.882,0.764
4b35570ad5b5,100,200.0,0.073,0.853
40ae23809a13,100,15800.0,0.107,0.786
c954c3941e2c,55,20500.0,0.107,0.786
6713b5c15007,59,,0.107,0.786
c19109bfd311,0,29100.0,0.14,0.72
acd6ec587f2c,0,28900.0,0.14,0.72
a3cfec184711,46,24140.0,0.173,0.653
181e1196d3c2,66,24140.0,0.19,0.62
09fc5b2c2be3,100,200.0,0.243,0.514
096097846fbd,15,18000.0,0.279,0.442
446fa1b5a67f,97,15000.0,0.279,0.442
235326473849,23,14700.0,0.279,0.442
c5f86a4a0eed,3,,0.279,0.442
772539eb95c2,0,,0.279,0.442
dae67efe8d4e,97,7140.0,0.279,0.442
f12efbf8cea9,6,,0.279,0.442
7e0cca22357b,0,,0.279,0.442
cb1268696000,100,86600.0,0.273,0.453
fa6a923ecb76,100,200.0,0.39,0.22
477342f59160,92,,0.429,0.142
53b318625af9,0,,0.465,0.07
baee5a1f1aed,0,24140.0,0.465,0.07
4c8a40e25148,100,,0.465,0.07
f68a4ce191b7,0,,0.465,0.07
4f7efb3e8e27,0,31300.0,0.501,0.002
b66a1679820c,0,,0.465,0.07
a1bdf9321063,86,,0.54,0.08
6c312beec641,0,90000.0,0.31,0.381
7da4bfc911a5,0,90000.0,0.121,0.759
7f7a35ef9b4e,0,50000.0,0.121,0.759
426c26cdae69,84,21000.0,0.54,0.08
8b7b9bd7cb21,12,24140.0,0.576,0.152
4d1404293fc8,38,16840.0,0.61,0.219
dc0941884465,14,,0.643,0.286
7b10b71d1a1e,1,5180.0,0.676,0.352
3fe389b8a917,100,20300.0,0.707,0.414
4b0aca82dd1b,99,24140.0,0.24,0.52
50ce802db825,0,,0.768,0.536
03540b12a1de,0,29700.0,0.798,0.597
0ca03a2f0689,68,,0.798,0.597
ba746282f9a8,9,30940.0,0.798,0.597
9f1e7e91c3f7,100,19800.0,0.829,0.658
2d5ef4a05277,98,45500.0,0.829,0.658
18c98a619daa,1,,0.829,0.658
24ff9989ecac,0,36600.0,0.146,0.709
5d7c3c4cda71,0,38000.0,0.146,0.709
f29ba8f34d16,2,30700.0,0.146,0.709
dffa864d811b,9,8980.0,0.768,0.536
7c32866064bb,0,41900.0,0.921,0.841
0e1987b7cc26,0,16600.0,0.787,0.575
cf0dd37e04da,97,,0.921,0.841
145e8e723b9c,85,4660.0,0.985,0.969
15be5e051ef6,29,,0.985,0.969
3dd3721f7b55,0,48280.0,0.985,0.969
f7efc0525f5c,0,55220.0,0.985,0.969
1ff8fa2c6beb,100,28100.0,0.018,0.964
f90422a6e00f,0,21300.0,0.018,0.964
8b762fc7acfc,16,30200.0,0.018,0.964
8eeaacbf8e35,100,200.0,0.018,0.964
65e734b1483b,4,24140.0,0.018,0.964
364b30538a22,100,17700.0,0.018,0.964
aab8aa0f9eec,0,23400.0,0.018,0.964
a16debf69ee0,0,28200.0,0.018,0.964
fc01e0b86212,0,29200.0,0.018,0.964
d0fe00279e2a,72,,0.018,0.964
0533aee68f7d,0,76920.0,0.018,0.964
6f5131da3605,0,38460.0,0.018,0.964
8c271e817aa4,53,,0.018,0.964
efab140ad4cb,19,50000.0,0.018,0.964
441602552a11,33,,0.018,0.964
aaad76b805b5,100,50000.0,0.018,0.964
3885e3d054b4,74,44320.0,0.018,0.964
971b6d75c584,2,24000.0,0.018,0.964
d598912171c7,100,100.0,0.054,0.892
3f72833f1c62,17,31200.0,0.054,0.892
db7d7f183a56,2,28720.0,0.054,0.892
82d7171c499d,0,24100.0,0.018,0.964
a66a2921af11,100,50000.0,0.054,0.892
692c7b6d7256,100,500.0,0.018,0.964
6a5269528c02,98,20200.0,0.054,0.892
19894933cd6d,4,12500.0,0.054,0.892
7069ce72f308,44,36080.0,0.054,0.892
e722910e4351,44,36080.0,0.054,0.892
d59710fcd19e,40,27940.0,0.054,0.892
ba906d67e447,40,27940.0,0.054,0.892
0336bf75b939,100,19220.0,0.018,0.964
6898770f83cc,100,13900.0,0.054,0.892
ce551eff20a4,9,20200.0,0.054,0.892
8c500c98e125,32,27400.0,0.054,0.892
8b9040c1945e,99,17700.0,0.054,0.892
622dfc4ae0e8,58,17300.0,0.054,0.892
23d295efbec1,5,19600.0,0.054,0.892
9b4d51b61597,33,18500.0,0.054,0.892
2817f743c497,0,52500.0,0.054,0.892
d31642ffb15c,100,16100.0,0.054,0.892
f7cab07d5922,100,12800.0,0.054,0.892
bea470c34fde,100,12800.0,0.054,0.892
bb62686890f5,100,12500.0,0.054,0.892
5fe987a9e286,34,24140.0,0.054,0.892
9ce1a82c0c82,0,24140.0,0.054,0.892
56f2d454563e,3,16100.0,0.054,0.892
9500e1a7eb68,26,23000.0,0.054,0.892
cc16ed81c0c3,0,14900.0,0.054,0.892
51b8e557750b,0,24140.0,0.054,0.892
069c0042efb5,0,20500.0,0.054,0.892
b9ef21624bfb,98,24140.0,0.054,0.892
756cac19ce91,0,20500.0,0.054,0.892
0a8fba5f3628,0,22000.0,0.054,0.892
a1e0d6646e34,0,21800.0,0.054,0.892
aa77e3caabb7,0,24140.0,0.054,0.892
f84d1563afb3,17,24140.0,0.054,0.892
3d99846bfa18,0,24140.0,0.054,0.892
f8170164e7c6,20,24140.0,0.054,0.892
b9822253c118,0,24140.0,0.054,0.892
7f3d0c594c9b,1,24140.0,0.054,0.892
a14e604eedf4,0,24140.0,0.054,0.892
045cf7a50449,1,24140.0,0.054,0.892
143f24d9683a,88,50000.0,0.054,0.892
d319a419f055,30,45820.0,0.054,0.892
992c85ffd441,70,41660.0,0.054,0.892
70dd14caf98b,0,25720.0,0.054,0.892
cc9cafaaecb9,96,10880.0,0.054,0.892
5300ff2d4b50,100,14200.0,0.054,0.892
9c0eda5e0600,12,59120.0,0.054,0.892
3ddfd1727226,13,71940.0,0.054,0.892
4176f4e305f6,0,74920.0,0.054,0.892
57c16ec522fd,52,37320.0,0.054,0.892
058324ea55ca,8,17560.0,0.054,0.892
fbbf676a8178,100,41860.0,0.054,0.892
3310ed52a17a,17,36020.0,0.054,0.892
15ad92a4a01c,43,39640.0,0.054,0.892
9886135c03f3,75,58800.0,0.054,0.892
16ec13a3e573,0,24140.0,0.054,0.892
d24e87c7977e,100,72780.0,0.054,0.892
1271c2c789f6,1,50280.0,0.054,0.892
ce64f33064bc,54,16600.0,0.054,0.892
2e8322a5371e,27,43000.0,0.054,0.892
225cf281fa35,21,75340.0,0.054,0.892
2debd9373b0f,90,27660.0,0.054,0.892
8c626a9354a7,45,17860.0,0.054,0.892
f6ca4a89a80e,77,17840.0,0.054,0.892
017cba2e236d,45,74960.0,0.054,0.892
0737214072c3,100,66380.0,0.054,0.892
b53762a6de9c,54,23180.0,0.054,0.892
f2b57b40d5be,0,10540.0,0.054,0.892
bce0ba994c63,0,20760.0,0.054,0.892
f80db94fccad,100,26140.0,0.054,0.892
b4c1bdb3de0d,45,16740.0,0.054,0.892
afb23fd3c71b,32,60900.0,0.054,0.892
8efc44c3d71c,0,63340.0,0.054,0.892
31be9316dcb2,88,37860.0,0.054,0.892
f13acaf9b931,81,25660.0,0.054,0.892
3539e408cee4,99,7760.0,0.054,0.892
bafe50096fe3,85,25860.0,0.054,0.892
01f687fb6710,70,55420.0,0.24,0.52
a3c4a4214d16,0,,0.054,0.892
a6e1e522fcd1,19,35520.0,0.054,0.892
98f29e3ad0e3,90,25480.0,0.054,0.892
f2eeb5d93900,72,13540.0,0.054,0.892
f5cd2158920e,0,36060.0,0.054,0.892
6fc303b00ffe,0,31620.0,0.054,0.892
335e5453427e,65,13680.0,0.054,0.892
8b4987f41771,44,27300.0,0.054,0.892
e241eeb57736,0,44100.0,0.273,0.453
9668810f54b9,100,12020.0,0.054,0.892
a826cd94cc84,95,20460.0,0.054,0.892
42ee665fdbb3,13,21260.0,0.054,0.892
57c41cc14c79,38,51200.0,0.054,0.892
86cfef2ba835,0,64100.0,0.121,0.759
2cf1fc96079f,45,24620.0,0.054,0.892
52077ce0e3a7,35,29340.0,0.054,0.892
8df15bb53046,22,30560.0,0.054,0.892
bf49ab9f5e98,85,37000.0,0.054,0.892
d1c87de99b2d,55,6840.0,0.054,0.892
b6dd65c57f14,0,11200.0,0.054,0.892
4bf5a18e4588,23,22000.0,0.054,0.892
fb860d7a1227,59,11120.0,0.054,0.892
50224f8a6e98,100,28900.0,0.054,0.892
fda0869143c4,98,32880.0,0.054,0.892
f9873f319c64,47,24460.0,0.054,0.892
c92d09c7e401,100,27440.0,0.054,0.892
9f2c14f9bf64,67,11160.0,0.054,0.892
d5a5c4d75e70,40,40020.0,0.054,0.892
2de88e6807c4,99,16320.0,0.054,0.892
9df4cac1b52f,61,36340.0,0.054,0.892
8ff9efe5626c,2,27780.0,0.054,0.892
d60ed215926e,24,30540.0,0.054,0.892
35e36808f8ff,41,28900.0,0.054,0.892
c7188a8a6a47,98,29620.0,0.054,0.892
7439ce950299,30,33800.0,0.054,0.892
6de140641752,59,18380.0,0.054,0.892
41a496cd3b39,0,21100.0,0.054,0.892
9770d349426f,93,28560.0,0.054,0.892
c6e301b2def5,52,27180.0,0.054,0.892
15b55c787d14,0,79120.0,0.054,0.892
f6682d7b27d4,100,35280.0,0.054,0.892
5c8c7eb0438c,0,23760.0,0.054,0.892
2d748be2ca3c,59,34480.0,0.054,0.892
52da775f1718,100,73620.0,0.054,0.892
de6175dcf480,100,35080.0,0.054,0.892
9ef88bf815cf,1,21980.0,0.054,0.892
556f5b4da0c8,0,72100.0,0.054,0.892
30e02f2c7a2e,0,24140.0,0.054,0.892
1f0d49c7f73b,93,73420.0,0.054,0.892
be1f956d8adf,0,72580.0,0.054,0.892
31e78e0dfad6,12,23920.0,0.054,0.892
3a68a6f2e290,0,,0.054,0.892
fd8fe7525dfa,1,27680.0,0.054,0.892
cacae6364d59,100,26600.0,0.054,0.892
c55500a6e7a5,100,15500.0,0.054,0.892
697686b9ac04,97,39680.0,0.054,0.892
e3c6150acd13,100,19200.0,0.054,0.892
c80c6f008e19,99,13600.0,0.054,0.892
a99cf2bf6763,100,200.0,0.054,0.892
ea1714f804b1,23,21600.0,0.054,0.892
f88cb0185610,97,22700.0,0.018,0.964
248405bcde72,14,27040.0,0.054,0.892
706fff5a67f2,43,81060.0,0.054,0.892
4e958ced7c1f,16,26640.0,0.054,0.892
bddc1b80168f,100,61560.0,0.054,0.892
895a7ef9a594,36,24200.0,0.054,0.892
05d9d34c93ef,12,47700.0,0.054,0.892
0dd2089e9aba,7,74080.0,0.054,0.892
7e2a27fa6b1e,5,11700.0,0.054,0.892
11697b5e9394,14,28700.0,0.054,0.892
3aa52ce56de1,0,35200.0,0.24,0.52
6dc819280545,23,17180.0,0.054,0.892
296f5cc8473d,100,24140.0,0.054,0.892
416731a75dbb,27,21080.0,0.054,0.892
15f50d7aefed,10,24140.0,0.396,0.209
cd91c786bf69,100,24140.0,0.054,0.892
be7cf4a96f16,100,25260.0,0.054,0.892
5a0713d9d9f2,100,37500.0,0.087,0.825
3d3f6c0ce65f,1,20820.0,0.054,0.892
5e2fe64aca1c,81,22760.0,0.054,0.892
0e22d24351c3,81,30160.0,0.054,0.892
c0df1aa447f5,42,10760.0,0.054,0.892
8a0dbd6682e5,5,27060.0,0.054,0.892
7daa2f4611f6,0,61100.0,0.24,0.52
0fe0c244223e,15,50000.0,0.054,0.892
6728c123e94d,85,9180.0,0.054,0.892
a540e569ffbe,0,34640.0,0.054,0.892
6a22b733a278,62,37920.0,0.054,0.892
ff7d92ff9201,1,24140.0,0.054,0.892
65dd04656fc3,36,27080.0,0.054,0.892
8a1febaf41b3,40,13260.0,0.054,0.892
60cc0b7af821,100,22800.0,0.054,0.892
f5cea6db364b,37,30300.0,0.054,0.892
5fb1e237dd7e,3,15140.0,0.054,0.892
59c597f360c9,100,26420.0,0.054,0.892
ce2a6e7431d1,41,35080.0,0.054,0.892
b5269d194252,49,32620.0,0.054,0.892
5000b792a8a6,41,20220.0,0.054,0.892
88474c5db6c7,100,24140.0,0.054,0.892
8903af0d0e3e,77,27580.0,0.054,0.892
9a5e416d8613,75,28900.0,0.054,0.892
3cc2fb5e59d1,0,35900.0,0.054,0.892
5c66b53c8515,40,13260.0,0.054,0.892
f9e3f8e0ee34,0,37340.0,0.054,0.892
755d2b206975,66,33620.0,0.054,0.892
731333f64dcb,78,24140.0,0.054,0.892
a5817e7bfa15,59,23900.0,0.054,0.892
17f1ab563bb6,12,7320.0,0.054,0.892
6641f3e12902,0,48160.0,0.054,0.892
4382ce189310,100,62000.0,0.054,0.892
ca47d2035f18,100,30400.0,0.054,0.892
13e6815602e7,13,16680.0,0.054,0.892
8e0e04428509,41,49360.0,0.054,0.892
17862901bfd1,10,24140.0,0.054,0.892
a4f7dfef5e16,82,28100.0,0.054,0.892
3efd1d7d2a65,93,24280.0,0.054,0.892
a3641c20449e,94,24140.0,0.054,0.892
8b34a35f4c74,1,24140.0,0.054,0.892
819d2d33c654,26,30200.0,0.054,0.892
4e59555a2d0e,11,24140.0,0.054,0.892
ebb8c05fc96a,2,24140.0,0.054,0.892
d1b2298d1fa2,1,24140.0,0.054,0.892
5caa8454123c,11,24140.0,0.054,0.892
3efae451616a,100,25200.0,0.054,0.892
22f0123b4764,56,24140.0,0.054,0.892
89b9d0bfebd5,0,24140.0,0.054,0.892
8cfa1e7c3a98,18,24140.0,0.054,0.892
1be96f7091c0,88,57900.0,0.054,0.892
c486d6a4c6c6,31,9560.0,0.054,0.892
6e1785370dd8,0,24140.0,0.054,0.892
6ede8d0859d1,98,43900.0,0.087,0.825
0c1a38d182a7,81,65320.0,0.054,0.892
4fde15a364ae,5,39600.0,0.087,0.825
804c16b3aa9e,5,39600.0,0.087,0.825
107f3936a324,91,24140.0,0.018,0.964
fbbb551ca9ec,49,24140.0,0.054,0.892
5d04b7efbd29,99,,0.087,0.825
721a13dad70b,100,17520.0,0.018,0.964
2cf3f53440d6,99,23900.0,0.087,0.825
a0fce2e18609,100,27800.0,0.087,0.825
bf2fe9703073,5,24140.0,0.054,0.892
be96d371cfde,0,34400.0,0.087,0.825
8e1074eb3a04,10,21100.0,0.087,0.825
7ae2d9104927,10,21100.0,0.087,0.825
0dc16e350a7d,100,8200.0,0.087,0.825
eabff32e9e6b,18,24140.0,0.054,0.892
cf37ebdbe77c,0,29300.0,0.26,0.481
2a6635a510e6,32,11360.0,0.054,0.892
86b91d70e2fc,82,3460.0,0.054,0.892
6fd6f7b0608e,35,24140.0,0.054,0.892
d8567f792def,70,10440.0,0.054,0.892
1145fc669c26,13,24140.0,0.054,0.892
d563f423106a,3,24140.0,0.054,0.892
53e339cd20c1,6,24140.0,0.054,0.892
cce092e82087,2,24140.0,0.054,0.892
3b50c725fb54,53,24140.0,0.054,0.892
223791c7d35f,15,24140.0,0.054,0.892
536903238902,0,32100.0,0.054,0.892
871c0eb6c691,0,36100.0,0.087,0.825
6b78abf231a4,38,22800.0,0.087,0.825
e33c55d936e3,31,22200.0,0.087,0.825
b91d08111aaf,100,16800.0,0.018,0.964
7eaf9a57a3a3,40,,0.054,0.892
63d879615106,8,24140.0,0.054,0.892
526b4746819c,99,24140.0,0.054,0.892
fce10a11ad7a,41,24140.0,0.087,0.825
ed7357a84ced,0,35200.0,0.087,0.825
ef270ff3f5bf,0,24140.0,0.054,0.892
060bf3451b01,0,24140.0,0.054,0.892
7e79cbff9fd2,15,24140.0,0.054,0.892
e0335041464c,100,17100.0,0.087,0.825
b9f4fd5c8aad,2,24140.0,0.087,0.825
135faa6aeb57,2,24140.0,0.054,0.892
12708c273bab,100,3980.0,0.054,0.892
bbb811275023,63,8060.0,0.054,0.892
449a6660ba66,0,24140.0,0.087,0.825
fdb4b47682b5,6,24140.0,0.087,0.825
b3bf510d6681,100,23280.0,0.087,0.825
348354f67a12,0,50860.0,0.087,0.825
28ff9e1c001e,22,22300.0,0.087,0.825
a196d4e1a0bc,0,24140.0,0.087,0.825
ceb2f90a1a15,4,40600.0,0.24,0.52
7fa675e69b0b,2,24140.0,0.087,0.825
68e8a4b8279b,100,60600.0,0.054,0.892
5d84996e2dc2,36,,0.087,0.825
77d24e32e435,20,19960.0,0.087,0.825
fcbec8afd6ad,100,24140.0,0.087,0.825
9b266e8f6094,0,27920.0,0.087,0.825
e5e8552f07f5,0,30140.0,0.087,0.825
a3d6f7175add,2,36680.0,0.087,0.825
a76546e67899,99,,0.087,0.825
cc2c95e1979b,0,31420.0,0.087,0.825
9389984065a9,0,21100.0,0.087,0.825
ed62ddce0f03,100,,0.087,0.825
7060a89cb1dd,0,20420.0,0.087,0.825
c682647e02d5,0,32280.0,0.087,0.825
5a72c1c1c2de,0,24140.0,0.087,0.825
57e19730dd1a,3,28180.0,0.087,0.825
a02d7cb10066,43,16600.0,0.087,0.825
dbf94ac9cea1,22,22300.0,0.087,0.825
2d40e78164b0,2,19920.0,0.087,0.825
117fa968ae5a,0,18780.0,0.087,0.825
a97ad1ee6693,44,19680.0,0.054,0.892
00e035e04896,100,72040.0,0.087,0.825
e10503c61b8a,1,31900.0,0.087,0.825
f7b119db90de,32,28320.0,0.087,0.825
037133fd0f83,93,11900.0,0.087,0.825
743eb3b66464,0,43560.0,0.087,0.825
08b768e1add9,0,9340.0,0.087,0.825
78b0d90de027,93,31640.0,0.087,0.825
45481f61344a,0,19160.0,0.087,0.825
0b580f11c924,0,16220.0,0.087,0.825
bceb44fc7d5f,0,32100.0,0.054,0.892
ba60c8328077,3,24140.0,0.087,0.825
15073c6f0d4b,0,24140.0,0.018,0.964
9960466b31fe,38,22800.0,0.087,0.825
6522e94e8f7a,50,41480.0,0.123,0.753
50fad20ae7ce,19,5000.0,0.087,0.825
6eb29a675800,0,12620.0,0.123,0.753
3d51e3b45edd,4,24140.0,0.054,0.892
647e1c3de806,0,32240.0,0.123,0.753
086b2088c5aa,0,24140.0,0.123,0.753
1148d435eda0,8,42300.0,0.26,0.481
36f367b6adb7,100,24140.0,0.123,0.753
55757b1b07e5,9,24140.0,0.087,0.825
f76243962edf,23,50000.0,0.054,0.892
17e4e548c7ac,97,,0.123,0.753
7f4500556ded,8,17900.0,0.123,0.753
c659f14639d4,12,12040.0,0.123,0.753
90563cce0559,0,,0.123,0.753
06cddb791414,95,15060.0,0.123,0.753
68c5a4236679,54,24140.0,0.123,0.753
0c761806d5ac,21,24140.0,0.087,0.825
499e62cf59fa,100,22200.0,0.16,0.681
72288f80c735,0,24140.0,0.16,0.681
580b4f6bbdd1,3,34700.0,0.123,0.753
b96431919cba,0,30500.0,0.16,0.681
5cd6d34a7011,1,29400.0,0.16,0.681
55c176120704,0,22900.0,0.16,0.681
14d889763a47,0,35300.0,0.16,0.681
c3c19d5dac2a,9,27800.0,0.16,0.681
6f3b6fea627c,3,39500.0,0.16,0.681
2adc5b54dd2a,9,24200.0,0.16,0.681
0224ff9cc140,4,28900.0,0.16,0.681
379d3fc79432,49,17400.0,0.16,0.681
2b4b2cecab38,49,17400.0,0.16,0.681
cb98907d8f5f,0,24140.0,0.16,0.681
03bdc9cfe518,18,23600.0,0.16,0.681
5debd66d2681,10,23700.0,0.16,0.681
958944376b49,65,22400.0,0.16,0.681
e203b2bf0991,40,32400.0,0.16,0.681
7b212b59f52c,52,17200.0,0.16,0.681
84480319b6c6,17,23400.0,0.16,0.681
54e8235dfefd,8,24000.0,0.16,0.681
6fe40e5e74ba,49,17900.0,0.16,0.681
86b6df05e324,43,18300.0,0.16,0.681
ae4e42673cc0,100,15300.0,0.16,0.681
846eae68c8b8,5,18700.0,0.16,0.681
18633cfa5794,100,24140.0,0.16,0.681
6f83398b0ea3,0,23900.0,0.16,0.681
db011d3c6ef2,100,18600.0,0.16,0.681
b88c00c4b0bc,50,18700.0,0.087,0.825
3b0ada77078d,2,27800.0,0.16,0.681
b57d6a3339bb,100,4020.0,0.16,0.681
00ca674ed837,100,25500.0,0.16,0.681
f0d2daae2dce,4,,0.16,0.681
34ce0b0afe94,100,15280.0,0.16,0.681
00d156bdd067,100,8400.0,0.16,0.681
17adb6bcde9a,64,62420.0,0.16,0.681
a8f42211a4e0,98,4920.0,0.16,0.681
05d783bfadc2,100,9240.0,0.16,0.681
d7a3f637379e,0,23740.0,0.16,0.681
9318c59af34a,97,,0.16,0.681
a5c07041d7ce,98,10140.0,0.16,0.681
239bd9c75e42,100,13820.0,0.16,0.681
e781348f7e89,100,15800.0,0.16,0.681
82c98c9aa752,100,12180.0,0.16,0.681
4183e97743f2,24,28020.0,0.16,0.681
5d24ecf33ef0,44,56700.0,0.16,0.681
8b05c4c9128a,99,50000.0,0.16,0.681
003c2dfcc0d8,100,16000.0,0.16,0.681
dfee08463dbf,100,24440.0,0.16,0.681
a24db0f06204,100,24140.0,0.16,0.681
4bffb0d7f072,100,18740.0,0.16,0.681
4a24393b5da0,4,,0.16,0.681
8e2fd83cec6c,44,43500.0,0.16,0.681
5aab7903a913,1,,0.16,0.681
dc71b971680e,100,3200.0,0.16,0.681
266c32d01307,26,22000.0,0.16,0.681
5e4b35821a03,2,29800.0,0.16,0.681
61268c6ec3b4,100,18500.0,0.16,0.681
59301de98f82,0,24140.0,0.196,0.609
0cd8606a5856,100,3000.0,0.196,0.609
481afb07daf9,100,18900.0,0.16,0.681
5fbd94e2fed8,46,18900.0,0.946,0.891
89937c21cdcf,0,27300.0,0.26,0.481
19b9e25952e6,0,39700.0,0.26,0.481
53b91aca95e5,100,7560.0,0.196,0.609
2b336aca89ca,38,15000.0,0.915,0.83
3db6fb823b0f,0,24140.0,0.196,0.609
d3c59cd0e5f7,90,35500.0,0.196,0.609
20f12a079d6a,100,3420.0,0.196,0.609
ca0035aa2c99,100,3420.0,0.196,0.609
fe151bb0d5b2,38,40620.0,0.196,0.609
b0fa6f1dbbbc,45,44420.0,0.196,0.609
65cbe463357d,0,,0.196,0.609
83f384274f33,48,42780.0,0.196,0.609
57e8a709f9ad,48,42780.0,0.196,0.609
59afd363da53,0,50000.0,0.196,0.609
6642f128eca7,97,25600.0,0.196,0.609
2e75e0f8629a,100,3220.0,0.196,0.609
c4236d001530,100,3020.0,0.196,0.609
3efd241f423a,100,3360.0,0.196,0.609
cd4dd62b3341,100,24140.0,0.16,0.681
90c66cad75c7,38,29800.0,0.16,0.681
9ee0e9b635da,39,28900.0,0.16,0.681
5fe04973817b,3,24140.0,0.087,0.825
41ff1bf748ca,2,24000.0,0.232,0.536
37a45312e8f3,10,22600.0,0.232,0.536
b5157c3e7021,0,24140.0,0.232,0.536
670cb865069f,0,,0.232,0.536
6773465882da,28,27540.0,0.232,0.536
e79aae3a5e48,10,,0.232,0.536
e98545ee2a3e,28,24140.0,0.268,0.464
7262149cdcda,3,24300.0,0.232,0.536
c83f1a4d06da,9,22200.0,0.232,0.536
751daac636ae,4,20800.0,0.232,0.536
1038b3720fee,100,44200.0,0.268,0.464
6595d482bbdc,98,,0.268,0.464
cd84b9b0bf0b,100,200.0,0.268,0.464
1518f32d9d9e,5,,0.268,0.464
57a6e2206f57,80,9600.0,0.268,0.464
cf8a157290e0,0,28400.0,0.273,0.453
b55c854b6717,0,48500.0,0.24,0.52
776b16de49cf,10,24140.0,0.24,0.52
44ca155b1509,98,38960.0,0.054,0.892
26efc442bde0,100,9060.0,0.304,0.392
4e1946989587,9,,0.304,0.392
003d3bd6cc7b,95,74140.0,0.34,0.32
54ea3dbe7097,100,72040.0,0.34,0.32
175c464cdd1e,95,74140.0,0.34,0.32
abe78b56855c,0,26000.0,0.34,0.32
da9486492bbf,50,14900.0,0.34,0.32
d1b025aed94f,0,25200.0,0.34,0.32
3c3bc6aa09a5,9,32920.0,0.376,0.248
7e15ec178390,68,14120.0,0.376,0.248
88387def7dbc,0,680.0,0.376,0.248
fae5e70f7d71,55,5400.0,0.376,0.248
21261347a31d,65,28920.0,0.376,0.248
191e295a6164,2,17280.0,0.376,0.248
03a2ec62d51a,95,4960.0,0.412,0.175
a7dc1678b328,91,24140.0,0.232,0.536
682d697e2a4b,97,90440.0,0.34,0.32
3130619bca09,100,14300.0,0.34,0.32
264601789e04,7,43500.0,0.273,0.453
f02cd90d345c,39,21600.0,0.882,0.764
6f4591053c79,0,28500.0,0.207,0.586
585f815d4808,0,48100.0,0.146,0.709
e2e25a6bf784,0,41400.0,0.146,0.709
2e020bece6d3,0,37500.0,0.932,0.863
0936673fbc41,3,12500.0,0.773,0.547
0e4c309f9e25,0,18600.0,0.773,0.547
4f261a09211f,0,17400.0,0.473,0.053
8d53dd5ad28a,5,16900.0,0.473,0.053
e6965de114bb,0,24000.0,0.326,0.348
504372b6f241,0,22300.0,0.921,0.841
60bd4f9d5daf,100,33500.0,0.448,0.103
b3eef327b916,46,24140.0,0.054,0.892
ae36ca8ba689,100,44020.0,0.376,0.248
4417083e5d48,44,42100.0,0.485,0.031
a1b8a452f222,1,77100.0,0.34,0.32
25d2b0bebb3a,6,17100.0,0.176,0.648
1959d6348eaa,0,3940.0,0.518,0.036
4ce06d96bf8f,3,22100.0,0.554,0.108
99ff3eefd0fc,0,26800.0,0.554,0.108
e3057858330e,100,24560.0,0.554,0.108
a7b026c2e980,100,21300.0,0.485,0.031
590f6e69360c,100,20600.0,0.485,0.031
775671d8b7ba,0,24700.0,0.26,0.481
b188e6ab8207,0,16300.0,0.982,0.964
b2361fc2d62e,0,17100.0,0.982,0.964
2ed39e5432a7,100,50000.0,0.587,0.175
a5a8bd27eb75,94,17000.0,0.618,0.236
bd557c60d400,41,21100.0,0.618,0.236
d51ef39957ae,100,13160.0,0.618,0.236
f8e6c74ccf3a,0,24140.0,0.618,0.236
fd64536c88a4,7,30200.0,0.651,0.302
0b884eb37545,0,24140.0,0.651,0.302
468e0384ebd5,52,21800.0,0.682,0.363
d3d221022b13,18,,0.112,0.775
94430f24169f,92,,0.682,0.363
51ddeae82002,100,5240.0,0.682,0.363
bc3d70896ce4,100,14320.0,0.712,0.425
ad9e1b872fec,96,17640.0,0.682,0.363
d2b65d41e774,100,,0.74,0.48
7df74cedef55,89,24140.0,0.682,0.363
68eb7fbf4814,1,24140.0,0.712,0.425
0c21898d56b0,61,41000.0,0.24,0.52
1e7201491d8c,100,1240.0,0.74,0.48
6bee4b09a4af,100,1240.0,0.74,0.48
6fa2f9f6c3e2,100,50000.0,0.74,0.48
f3095f7dbceb,0,16300.0,0.982,0.964
e1098658ce68,100,1480.0,0.771,0.541
dcb0dea7bb0f,100,3740.0,0.771,0.541
802e6326c054,100,4100.0,0.448,0.103
dda8c7e0c0fe,83,,0.771,0.541
e98eb2ceebeb,0,21700.0,0.098,0.803
2882ff452ef1,0,24140.0,0.801,0.602
989c580dce78,99,,0.801,0.602
9a470747a497,99,44500.0,0.832,0.664
5da39fba3f44,0,73900.0,0.862,0.725
6bc97fea07b1,0,42300.0,0.862,0.725
642845853b47,0,27100.0,0.862,0.725
09f1772b7465,0,19900.0,0.862,0.725
77e0a451a80b,4,90000.0,0.862,0.725
6adde3e4b7ae,26,26100.0,0.862,0.725
085a562fee2e,1,22300.0,0.862,0.725
854e8d0f9e7b,2,17000.0,0.862,0.725
3acec426806d,0,26300.0,0.862,0.725
535e9177c772,50,13300.0,0.862,0.725
6cc365846f5a,99,90000.0,0.862,0.725
9489a4e9c738,0,30500.0,0.862,0.725
c8634f9b9b3d,1,19000.0,0.862,0.725
9804a62a1944,6,22800.0,0.16,0.681
dafda9235740,7,24300.0,0.16,0.681
14a47022b6b3,3,20800.0,0.26,0.481
c560690f86a8,56,51120.0,0.862,0.725
90afc1843407,42,48700.0,0.273,0.453
a6ebb879d128,42,48700.0,0.273,0.453
977dbca19063,0,41800.0,0.176,0.648
be9295fc050d,0,21000.0,0.832,0.664
fc659675b52a,52,15700.0,0.176,0.648
694d27aa6b0e,0,27500.0,0.176,0.648
86d623718ce8,0,47000.0,0.862,0.725
bab3e365495f,3,37900.0,0.862,0.725
97896c92fef9,11,32400.0,0.862,0.725
4a57f7dabb30,0,47500.0,0.896,0.791
763f5341fa2c,0,47500.0,0.896,0.791
ca00a876a5ed,3,36600.0,0.896,0.791
45a73e3451c9,0,28900.0,0.862,0.725
66512a7ae68f,3,46100.0,0.896,0.791
62b8133e5b37,8,45300.0,0.896,0.791
abce26077202,0,39900.0,0.896,0.791
76efda700059,13,43900.0,0.896,0.791
bb4d119e6f74,0,33000.0,0.896,0.791
e25ff7c4e53b,2,41900.0,0.896,0.791
eb8b6d9d9031,6,58900.0,0.896,0.791
1f69ecc6baa9,42,24140.0,0.896,0.791
39ef94036ab0,1,25600.0,0.232,0.536
6a78c0a3b64f,15,38200.0,0.896,0.791
4f159cc02c42,0,22200.0,0.896,0.791
9c3c623eb745,63,33200.0,0.896,0.791
d3992b3a8ab7,91,25600.0,0.896,0.791
8f91ba7e8c9f,0,23000.0,0.896,0.791
74bef48e273e,58,23700.0,0.896,0.791
b26591b554b9,50,19800.0,0.896,0.791
84745af2fde8,0,58400.0,0.896,0.791
faa3f17071e1,3,27500.0,0.929,0.858
23f4612b578b,100,2720.0,0.651,0.302
a04663d908ac,1,21200.0,0.929,0.858
7c30235fd7e1,8,,0.929,0.858
707eb21bb787,100,12800.0,0.962,0.925
bdc424d8cd3e,4,31900.0,0.962,0.925
1fb3ea0441aa,32,24140.0,0.962,0.925
ae477b993cbd,0,24140.0,0.962,0.925
d15acd34d17a,0,40900.0,0.998,0.997
8818d1e36675,6,22800.0,0.998,0.997
f5bd9060aee5,0,42000.0,0.998,0.997
31a41a37446a,45,24140.0,0.998,0.997
898160d84e84,55,49500.0,0.035,0.931
c6c4811954a6,0,26100.0,0.24,0.52
422ad7008716,100,50000.0,0.071,0.859
b06b4c8442c2,100,100.0,0.071,0.859
094b04cc420c,100,140.0,0.071,0.859
d3dec14f33b8,11,24140.0,0.273,0.453
8410dc8cf816,6,24140.0,0.054,0.892
e3bf0d7430a6,0,56900.0,0.107,0.786
639e261c1493,100,23380.0,0.107,0.786
3f9ee0001ac5,65,22800.0,0.107,0.786
19cd500b39e5,22,,0.107,0.786
a1de7e1a9ba1,0,50000.0,0.107,0.786
08758549eb39,99,21300.0,0.107,0.786
6fd9489e24bb,22,,0.107,0.786
6f8a38a5b339,84,,0.107,0.786
a24581abea0d,0,50000.0,0.143,0.714
81d7541959e6,90,24140.0,0.143,0.714
6e1d81ed6648,36,24140.0,0.107,0.786
9f3b61532a97,0,,0.107,0.786
f2ed16bf3e65,0,24140.0,0.143,0.714
0e7a699537d7,1,,0.143,0.714
7c0458cb72f9,91,24140.0,0.962,0.925
13ab08d7d6b3,100,24140.0,0.16,0.681
12a6ce01e888,100,24140.0,0.107,0.786
746d9e11478f,100,4320.0,0.143,0.714
459518ee8f83,98,,0.182,0.636
ae23e20c823f,100,500.0,0.182,0.636
680ee2e19a56,100,18400.0,0.182,0.636
cd7dd4682d46,0,24140.0,0.054,0.892
1446d828d006,97,,0.218,0.564
9708cbe2ba94,100,,0.218,0.564
cdb02b832256,0,29900.0,0.254,0.492
54a89513aa34,33,,0.29,0.42
e75e9aad53a8,0,,0.254,0.492
3b858a93f07e,39,15300.0,0.29,0.42
9fbe931de6c0,100,17300.0,0.29,0.42
b7c866bb366c,100,,0.29,0.42
87e31da60a90,97,2620.0,0.362,0.275
b0a1e62bb0c8,5,,0.362,0.275
d00f29a4fb89,54,,0.362,0.275
c9ec2d2dec91,100,5180.0,0.396,0.209
098f88651a97,93,7220.0,0.396,0.209
d52701817501,0,,0.396,0.209
b6cb8ba8d6a9,39,15300.0,0.29,0.42
e379bafec634,0,,0.396,0.209
1738f81eded2,0,,0.396,0.209
14cc5bfaa704,0,26800.0,0.396,0.209
4470745e8751,0,47500.0,0.432,0.136
959170d2400c,34,25000.0,0.432,0.136
89555c26f9fb,0,38300.0,0.432,0.136
955465d9bc2c,33,,0.396,0.209
fdcddb02676d,0,40900.0,0.432,0.136
5f44f2c9d370,4,23300.0,0.432,0.136
ae1f61103f47,99,14400.0,0.432,0.136
38a013c530f1,0,,0.396,0.209
8a7904051bb9,0,,0.396,0.209
7920a9dcb369,0,,0.396,0.209
5dc2fde1c8b4,15,,0.432,0.136
10e79e848d53,0,32900.0,0.465,0.07
b287833d8a0e,2,25800.0,0.465,0.07
34c11d1c6eb5,4,34800.0,0.465,0.07
825e025e45d2,37,24300.0,0.465,0.07
7bdf4f513ae5,0,27200.0,0.465,0.07
de55d9976674,0,71200.0,0.465,0.07
5eabba998d4a,100,30300.0,0.465,0.07
b4f49d749ae6,42,21100.0,0.465,0.07
5b949edfc6d3,1,26500.0,0.465,0.07
aa18ace3dbea,99,18900.0,0.465,0.07
2afbd5adab4d,15,27600.0,0.465,0.07
14e4ae50179d,100,13300.0,0.465,0.07
81075a95e9f2,98,23900.0,0.465,0.07
ea9cb0d04957,12,,0.432,0.136
45ea9e853337,23,21800.0,0.465,0.07
06e6689a3a41,3,27100.0,0.498,0.003
22d743f50f64,27,20200.0,0.498,0.003
f8bcc251d658,0,70000.0,0.498,0.003
fb0e661288a1,0,14260.0,0.529,0.058
219e67c85074,100,10700.0,0.529,0.058
a3cb73d346ab,40,30400.0,0.529,0.058
15b71e6f8d97,100,14700.0,0.529,0.058
1a1c15c9874c,26,24140.0,0.562,0.125
358d5c3bf020,0,41800.0,0.562,0.125
47aea49c6dc3,0,42900.0,0.562,0.125
71089aecba0b,100,15800.0,0.562,0.125
9e88ae17054a,0,,0.529,0.058
a7e26fc7060f,5,,0.562,0.125
6d26b91451b2,99,29400.0,0.562,0.125
d18a4c9a80e2,0,51960.0,0.562,0.125
87258d706086,42,24200.0,0.562,0.125
b31e4e4e9e24,29,15900.0,0.562,0.125
798f720312b6,2,50700.0,0.562,0.125
3eba4c9d1c8e,100,,0.562,0.125
383828eb3c61,21,,0.562,0.125
afcbb2958c7b,40,,0.562,0.125
aa0ee8badee4,83,38400.0,0.562,0.125
c84547320ece,100,10000.0,0.593,0.186
79327e0b4165,97,47000.0,0.593,0.186
b82a8749d8a7,97,48100.0,0.593,0.186
26f4d31aa05c,37,,0.562,0.125
1d35dc8e12b8,0,,0.593,0.186
95224f0062a4,94,,0.593,0.186
877322256c32,39,,0.623,0.247
3ab9a6b79cbf,100,24140.0,0.593,0.186
9109092e94e8,100,15200.0,0.623,0.247
ff75a204c61e,0,,0.593,0.186
6d3764bc0045,0,,0.593,0.186
9e644406a935,0,,0.396,0.209
8e28c4fd7f6f,97,,0.623,0.247
8e009e9a0700,7,24140.0,0.623,0.247
73c79398362e,17,,0.623,0.247
9f7871eb3ea2,0,50000.0,0.623,0.247
e7ea9426ee64,17,,0.623,0.247
bcb6bd731aad,35,,0.623,0.247
e4d2cf3268b7,0,42300.0,0.685,0.369
d2b92ed1956d,100,15500.0,0.685,0.369
707715679135,41,22200.0,0.685,0.369
dc0b91d66801,100,33100.0,0.685,0.369
80af4e0b4ed6,92,,0.685,0.369
9e9e48152b42,100,7720.0,0.685,0.369
d0f1a6ecdab1,0,59500.0,0.712,0.425
820f83c611cb,0,58200.0,0.712,0.425
f760568ea64c,0,46500.0,0.712,0.425
59747dda987c,0,57900.0,0.712,0.425
f013e56b304e,0,49900.0,0.712,0.425
c2f27930d407,0,37300.0,0.712,0.425
7eea014da763,0,57900.0,0.712,0.425
257f127d0ce3,3,52200.0,0.712,0.425
9b3d6dcd2ed5,0,43200.0,0.712,0.425
f3b98b541645,0,41400.0,0.712,0.425
3b8731303901,0,34600.0,0.712,0.425
6f33f38ab1ce,7,36100.0,0.712,0.425
45f0d2b13d49,8,26600.0,0.712,0.425
e859fd7880e1,0,50300.0,0.712,0.425
7db1fb60a3e1,12,27800.0,0.712,0.425
a052992143eb,100,16400.0,0.712,0.425
46aa72c7c270,0,15520.0,0.685,0.369
f8af20492d19,7,26900.0,0.712,0.425
02ba2fd77f66,93,24400.0,0.712,0.425
b4eb7194a483,1,24140.0,0.712,0.425
e8d92e94965f,100,24140.0,0.623,0.247
49733a0e859c,12,38100.0,0.743,0.486
6f528c13bfa6,3,29300.0,0.24,0.52
0d3dda7d40f8,100,24140.0,0.773,0.547
0c16a916e175,100,,0.773,0.547
f4e51a22f12d,100,,0.773,0.547
379911a4a7cb,99,56900.0,0.837,0.675
00b6c6a3f9aa,99,,0.804,0.608
04bc4a21273a,100,12200.0,0.246,0.509
ea50e1765f5e,29,18900.0,0.712,0.425
66a73aa2fa2b,29,18900.0,0.712,0.425
6655921ed05a,2,19600.0,0.121,0.759
627c9d4e2b63,99,9520.0,0.871,0.741
6907ee13530c,8,24140.0,0.871,0.741
32512494f0c6,0,17220.0,0.871,0.741
9891d07fca92,34,32400.0,0.871,0.741
41176693803e,100,940.0,0.562,0.125
da941b45227a,0,79080.0,0.907,0.814
3c1ee589c0b6,0,24140.0,0.907,0.814
638b44f47117,100,,0.907,0.814
19cf85b9520c,6,16120.0,0.907,0.814
f19d5c085cd8,0,24140.0,0.773,0.547
db208bf08c59,0,18600.0,0.943,0.886
2315f1c3d9eb,0,38100.0,0.943,0.886
0d60edc8770c,0,24140.0,0.943,0.886
703b4d4ad3e5,0,24140.0,0.943,0.886
d3cf421a2502,12,,0.979,0.958
b3d187a9806f,0,24280.0,0.979,0.958
b9e95c49eacd,99,14400.0,0.979,0.958
b7da9f5e6683,75,,0.979,0.958
b8aefdf8847d,10,14500.0,0.015,0.97
7be4a7151115,16,30060.0,0.015,0.97
0b0300f0d12a,3,22300.0,0.943,0.886
a46b0ff77c7d,100,420.0,0.015,0.97
316129fdb978,0,29800.0,0.015,0.97
ff4889e3c151,0,30500.0,0.015,0.97
0b0687caf468,3,57900.0,0.176,0.648
a3bbee318ea8,0,50800.0,0.176,0.648
083d4c125bc9,80,17600.0,0.015,0.97
f1135d443c7e,42,24140.0,0.015,0.97
077ef52c4a7c,19,40700.0,0.015,0.97
ef16dcec7b12,0,300.0,0.015,0.97
12b182dc1241,99,24140.0,0.015,0.97
8e2530dde418,84,24140.0,0.015,0.97
79b486a13e37,100,500.0,0.015,0.97
ce365fe7b9c7,0,24140.0,0.943,0.886
d2f4e268ec1a,100,14240.0,0.015,0.97
483b31f26506,99,24140.0,0.015,0.97
b8cca5c8f3b3,0,39460.0,0.015,0.97
2e4ddc00cd4d,18,24460.0,0.015,0.97
6d38e687ec31,38,37460.0,0.054,0.892
21abc1d61c72,0,61400.0,0.054,0.892
4fa11289ec41,0,76200.0,0.054,0.892
531f19bf1d34,95,24140.0,0.054,0.892
635dd270cc6b,91,17860.0,0.054,0.892
8d58c08cb87e,98,24000.0,0.054,0.892
73f068ca3b4f,23,41540.0,0.054,0.892
b7bb511fb1f9,0,49600.0,0.015,0.97
c3e3a734bb48,0,30700.0,0.054,0.892
6442b0eda781,13,29180.0,0.054,0.892
1f2887ddadbc,0,29200.0,0.273,0.453
3365bb2ca657,3,57900.0,0.176,0.648
55345d340ac9,2,64300.0,0.176,0.648
9f33a1915be9,81,31800.0,0.087,0.825
290b5c311913,0,20900.0,0.054,0.892
68cc180e43ba,0,90000.0,0.273,0.453
a06634ee7be7,94,11760.0,0.015,0.97
7e294c8fb52c,0,66600.0,0.176,0.648
6a3d1711ca21,94,11760.0,0.015,0.97
8355a70418da,94,11760.0,0.015,0.97
63213fd1f6ee,94,11760.0,0.015,0.97
714a19969942,0,90000.0,0.273,0.453
8cdd0adbe985,0,24140.0,0.115,0.77
2de327853101,0,47800.0,0.093,0.814
c1f9f1abb48d,0,39500.0,0.832,0.664
ad2973fa4a93,97,16200.0,0.015,0.97
1561ab0da2b5,100,10560.0,0.015,0.97
02d1a6491204,95,24140.0,0.054,0.892
3a35a2d9b174,100,46500.0,0.26,0.481
a8a45e66a3ae,0,37420.0,0.304,0.392
57fd6acb5a99,0,24140.0,0.093,0.814
4340ad62316e,0,39900.0,0.176,0.648
f416a78d1855,100,,0.018,0.964
26e7ab404580,0,24140.0,0.943,0.886
4628d76481e3,65,89100.0,0.34,0.32
eaab6d2fdbfe,0,70900.0,0.176,0.648
ff44d9591d1b,66,15980.0,0.126,0.748
da5554e3f1f9,0,41200.0,0.176,0.648
f4dab1292587,0,28300.0,0.273,0.453
7130f4ad9652,75,2200.0,0.943,0.886
992a0639dd10,17,15300.0,0.773,0.547
9a4878dca8df,68,,0.576,0.152
9cde583fc3b7,7,24140.0,0.054,0.892
830a7e1f21c9,2,60000.0,0.093,0.814
0bd356442ab0,0,24300.0,0.871,0.741
ecb23f97478e,30,24140.0,0.121,0.759
99041724a912,0,24000.0,0.176,0.648
c78654da857a,0,25300.0,0.773,0.547
a46921d6b42f,0,70900.0,0.176,0.648
52557ce01ede,68,,0.576,0.152
34f606a27781,0,90000.0,0.273,0.453
3166492e58f2,0,40100.0,0.146,0.709
ee0c340ddf87,0,35500.0,0.24,0.52
4dba496fbd5a,0,24800.0,0.273,0.453
51cc2ecd87d6,0,48800.0,0.273,0.453
d70214b9c7b7,81,,0.61,0.219
a437986ace20,14,25500.0,0.123,0.753
57ff8b7550dd,30,24140.0,0.121,0.759
995e94c7d9fa,0,90000.0,0.273,0.453
0c75794a9d47,0,35100.0,0.087,0.825
08747a685462,0,24140.0,0.246,0.509
9761e5fc3253,0,24140.0,0.093,0.814
bb8b2db9d3e7,86,7760.0,0.654,0.308
171c45c9ecf5,100,21700.0,0.973,0.947
786aa0f7e16d,24,24140.0,0.273,0.453
ff2eedb02497,0,24140.0,0.529,0.058
f659e8352408,0,17800.0,0.979,0.958
7dd64d1e809d,100,29000.0,0.712,0.425
1a0ba3d7191d,3,26200.0,0.123,0.753
c8e41e9a1680,99,24000.0,0.685,0.369
55dd0aca8a59,24,24140.0,0.273,0.453
7c3cf812dbf3,0,50200.0,0.176,0.648
ba726ae0f8aa,24,,0.112,0.775
12f02bec9c82,0,35100.0,0.123,0.753
ebc768f00dfe,47,24140.0,0.871,0.741
afc035f21e8c,100,30500.0,0.093,0.814
9ffc7e10105f,22,36700.0,0.121,0.759
71d478596925,97,20800.0,0.257,0.486
155c2cf8bd75,0,50500.0,0.176,0.648
be0e0c6b99cf,100,89760.0,0.34,0.32
5d2d5d6cd3f3,25,,0.112,0.775
7a636c2246d3,53,19000.0,0.196,0.609
cf7578d05616,16,21900.0,0.16,0.681
56ff58e22ea2,55,24140.0,0.273,0.453
a2b918979b93,0,66600.0,0.176,0.648
ac25bf3c01e6,0,19000.0,0.121,0.759
351939107c87,66,24140.0,0.24,0.52
5668354a355f,100,24140.0,0.054,0.892
57a4350a07a4,4,,0.26,0.481
2e8abab69c14,55,24140.0,0.273,0.453
18cc51ef5a8d,10,24140.0,0.273,0.453
f7b720738391,21,24140.0,0.087,0.825
e849dd91ac10,21,24140.0,0.087,0.825
9994f4d69f0c,23,24140.0,0.176,0.648
5cba06bdc546,0,66600.0,0.176,0.648
79a7f0edbdc2,22,36700.0,0.121,0.759
651734feb7ad,0,24140.0,0.093,0.814
856ffd5bc4db,0,35400.0,0.273,0.453
560d33a61b84,36,24140.0,0.29,0.42
0afc2142a71c,33,83600.0,0.273,0.453
749de84fd290,0,74700.0,0.146,0.709
7218ae800251,0,42000.0,0.273,0.453
4e7c2412ee13,0,24140.0,0.982,0.964
dff22504c4cb,4,24140.0,0.898,0.797
1f3923a083ae,4,24140.0,0.121,0.759
a6e2e394f828,4,24140.0,0.121,0.759
df8d4aab4d60,1,24140.0,0.121,0.759
cc933d82a913,1,24140.0,0.121,0.759
6152e8105461,86,24140.0,0.823,0.647
5b0c74869ecb,33,24140.0,0.176,0.648
956195a13b8f,33,24140.0,0.176,0.648
f8e6641ca51a,2,24140.0,0.273,0.453
bba4cd3a252c,1,24140.0,0.196,0.609
fdebc813244a,0,24140.0,0.143,0.714
a84e30204e02,16,24140.0,0.979,0.958
c14d082ab1a7,0,43900.0,0.273,0.453
e7fe86d1fb14,0,77060.0,0.093,0.814
1f8f8c6f6457,0,47400.0,0.232,0.536
6005b9b09a19,14,22300.0,0.16,0.681
fa19b1ea88bc,13,22500.0,0.16,0.681
184e48346e80,7,24300.0,0.16,0.681
3071fc7a1d93,9,23100.0,0.16,0.681
55635b853e5c,5,24500.0,0.16,0.681
da54ec25acfa,6,22800.0,0.16,0.681
329354ad9f84,6,22800.0,0.16,0.681
96617901c14f,0,30100.0,0.712,0.425
35dc6c73f7b8,7,23400.0,0.637,0.275
68f765ae742e,22,37100.0,0.668,0.336
ea6932261b85,7,28700.0,0.121,0.759
3a3c6d70c1f1,0,58700.0,0.154,0.692
1118a7c7241d,36,40000.0,0.068,0.864
6aace72259d8,1,17400.0,0.246,0.509
3ba35828c889,0,20700.0,0.921,0.841
31527cb00179,0,21900.0,0.326,0.348
f53fb29e7e25,5,19900.0,0.26,0.481
aba126347191,0,22600.0,0.26,0.481
879966e24534,3,20800.0,0.26,0.481
ce3d29d4f861,3,21300.0,0.26,0.481
790ae1c313af,3,21300.0,0.26,0.481
23bfe774856e,3,21800.0,0.26,0.481
427a758b89f1,2,41400.0,0.273,0.453
2fcc1a2af0c4,7,44300.0,0.273,0.453
a33fb5560002,6,43400.0,0.273,0.453
e1b79be3e199,6,43400.0,0.273,0.453
5dd1114c2782,7,45200.0,0.273,0.453
9d692e6302ea,7,45200.0,0.273,0.453
95f8a51474fe,7,45200.0,0.273,0.453
29b793e5c492,7,45200.0,0.273,0.453
109d346ce322,7,45200.0,0.273,0.453
03c8feccdd81,6,45000.0,0.273,0.453
bf0f2b532290,6,45000.0,0.273,0.453
54dc6b60dde9,7,45200.0,0.273,0.453
e3a6bbd94d45,7,45200.0,0.273,0.453
72e7db0a6118,8,44600.0,0.273,0.453
c2b3f91aab74,7,45200.0,0.273,0.453
fd5abed6474b,6,45000.0,0.273,0.453
dc87d95939e3,6,45000.0,0.273,0.453
69919670959f,7,45200.0,0.273,0.453
4046169ee729,7,45200.0,0.273,0.453
9bcd394e5e7b,9,45100.0,0.273,0.453
92e03b938405,0,28400.0,0.093,0.814
82f3a63ce738,7,45200.0,0.273,0.453
e5a9d4048ecb,7,45200.0,0.273,0.453
f6bad263a9bd,7,45200.0,0.273,0.453
a3dbaa6d8317,6,45000.0,0.273,0.453
adee1f881fd0,7,45200.0,0.273,0.453
f77accb98f0d,6,45000.0,0.273,0.453
f8ae509ee605,6,45000.0,0.273,0.453
28e5b8ac0791,7,45200.0,0.273,0.453
d04a23d56e81,6,45000.0,0.273,0.453
59d1ae7f5f83,7,45200.0,0.273,0.453
ee5a03f7c713,7,45200.0,0.273,0.453
9084fe0bb104,7,45200.0,0.273,0.453
6990a61777f7,7,45200.0,0.273,0.453
816a68d23f54,10,41100.0,0.273,0.453
e3c48f992926,10,41100.0,0.273,0.453
b4b77f82b7da,10,41100.0,0.273,0.453
76207447fd72,10,42100.0,0.273,0.453
f802c842cec9,10,41100.0,0.273,0.453
f65e11216304,15,41400.0,0.273,0.453
7998c4bdd28b,10,42100.0,0.273,0.453
19e5e47052bb,10,41100.0,0.273,0.453
42f47e77dc10,10,41100.0,0.273,0.453
b6cf9466b8e8,10,41100.0,0.273,0.453
bd0b527651f2,10,41100.0,0.273,0.453
0fb477dd43b3,13,41500.0,0.273,0.453
6e6f57616d15,10,41100.0,0.273,0.453
50fcadcc8d59,10,42100.0,0.273,0.453
b852581fac2d,10,42100.0,0.273,0.453
0465be65c9f0,10,41100.0,0.273,0.453
597a61c670f1,10,41100.0,0.273,0.453
9865cd4fb7b4,10,41100.0,0.273,0.453
413ca14fac2d,10,41100.0,0.273,0.453
c111db453759,10,41100.0,0.273,0.453
4aa91573b54e,10,41100.0,0.273,0.453
5427b6dc0b79,10,42100.0,0.273,0.453
ed938588fa53,10,42100.0,0.273,0.453
0e01ca81adc5,10,41100.0,0.273,0.453
159acb082618,10,42100.0,0.273,0.453
f6412ff4911f,13,41500.0,0.273,0.453
e967594bcbfd,10,42100.0,0.273,0.453
3c9e7d4fbed1,10,41100.0,0.273,0.453
d8c80aa053ea,10,41100.0,0.273,0.453
f26903513c66,10,41100.0,0.273,0.453
69c02545362d,53,21200.0,0.412,0.175
9b2fd361ba7c,10,41100.0,0.273,0.453
2cd75304fd7f,10,41100.0,0.273,0.453
95afa3abf5ce,15,41400.0,0.273,0.453
3bf835fe074b,13,41500.0,0.273,0.453
579f16472859,10,41100.0,0.273,0.453
5f8bcf274855,10,41100.0,0.273,0.453
0067bc55b0cc,10,41100.0,0.273,0.453
6000f0a533ce,10,41100.0,0.273,0.453
01e0843d28c4,15,41400.0,0.273,0.453
67e7b1aec3bb,15,41400.0,0.273,0.453
e4993c31af35,7,40900.0,0.273,0.453
bf86bd441b0b,7,40900.0,0.273,0.453
0e896db9adb9,7,40900.0,0.273,0.453
b97d8206be8e,7,41200.0,0.273,0.453
a3d6653b31d5,6,41600.0,0.273,0.453
f1e7aa6661fe,8,41100.0,0.273,0.453
341b69c808c9,8,41100.0,0.273,0.453
c6f2404cb4c0,8,41100.0,0.273,0.453
89ef71b0b76d,7,40900.0,0.273,0.453
a7ee8594b6e8,7,40900.0,0.273,0.453
db1476f8697f,6,41600.0,0.273,0.453
7b3bbed6cdd5,0,43800.0,0.273,0.453
9f29e54c34f1,0,42000.0,0.273,0.453
4cc511258eba,0,43800.0,0.273,0.453
c19dc323eae6,0,42000.0,0.273,0.453
00a6bd302dcb,0,42000.0,0.273,0.453
f420b58e205e,100,,0.129,0.742
19a8dd17c692,0,42000.0,0.273,0.453
f53d44bd2b60,0,43800.0,0.273,0.453
2e46788d3f95,0,43800.0,0.273,0.453
4bb9f6cf2d9d,0,42000.0,0.273,0.453
c3bab938edd1,0,42000.0,0.273,0.453
39a779f943f7,0,43800.0,0.273,0.453
e3bc5019d789,0,43800.0,0.273,0.453
f6c5c03e2f0f,42,48700.0,0.273,0.453
77240e95c741,42,48700.0,0.273,0.453
82cf6a4e8660,42,48700.0,0.273,0.453
1ff29db333b8,42,48700.0,0.273,0.453
e9074eda826e,42,48700.0,0.273,0.453
aff8ee34aabc,42,48700.0,0.273,0.453
aaa22fb31b5f,1,48800.0,0.054,0.892
e052556fc34b,42,48700.0,0.273,0.453
81a1cd3030b2,42,48700.0,0.273,0.453
b2a856ab2cc4,42,48700.0,0.273,0.453
75ad234220e6,42,48700.0,0.273,0.453
3731b9daf808,42,48700.0,0.273,0.453
e6e67911706d,42,48700.0,0.273,0.453
18f8be52e429,42,48700.0,0.273,0.453
244d666fe60c,42,48700.0,0.273,0.453
16a4084d772f,36,50500.0,0.273,0.453
694a89808024,42,48700.0,0.273,0.453
a9642469f037,42,48700.0,0.273,0.453
469a3bd9af8a,42,48700.0,0.273,0.453
6fec6377ce6b,42,48700.0,0.273,0.453
af077bae1c08,17,20500.0,0.015,0.97
31ed499652b2,98,44200.0,0.054,0.892
001d2874f6ec,42,48700.0,0.273,0.453
29074b10daff,42,48700.0,0.273,0.453
f2c98a3694c6,42,48700.0,0.273,0.453
b2295b1cb8d8,36,50500.0,0.273,0.453
330df41f3634,42,48700.0,0.273,0.453
31d0c99b9f39,42,48700.0,0.273,0.453
2727fca98472,42,48700.0,0.273,0.453
ccb6738afce3,42,48700.0,0.273,0.453
21b4cb2688b1,36,50500.0,0.273,0.453
2f0b7ca1365b,36,50500.0,0.273,0.453
6daa7735fcb5,42,48700.0,0.273,0.453
ab0c0636c712,36,50500.0,0.273,0.453
00c630e9231a,42,48700.0,0.273,0.453
e60d912c0ac5,36,50500.0,0.273,0.453
b0bd3e334090,42,48700.0,0.273,0.453
980601bae269,36,50500.0,0.273,0.453
efafeac9a805,36,50500.0,0.273,0.453
dcdbb6289ff4,42,48700.0,0.273,0.453
8cd8e799d96f,42,48700.0,0.273,0.453
2a61cdb183aa,0,42000.0,0.273,0.453
720d7a28579e,0,42100.0,0.273,0.453
fede32ade8bc,0,42000.0,0.273,0.453
69345a0407a4,0,42000.0,0.273,0.453
adba8516a573,0,42000.0,0.273,0.453
75b86a113f9c,0,42000.0,0.273,0.453
943d31f03e4b,100,,0.129,0.742
756ce3164be0,86,,0.168,0.664
036b925bf482,2,5640.0,0.168,0.664
147307669cdd,0,14000.0,0.168,0.664
0ee7b5a4e13c,0,12460.0,0.168,0.664
a444cb1e1095,0,7300.0,0.168,0.664
a453b93b052c,23,24960.0,0.168,0.664
7bf1fa235002,0,56200.0,0.168,0.664
6fb3b018671e,0,13980.0,0.204,0.592
2bac0034ecb1,0,46700.0,0.204,0.592
7a19ef13237b,1,19100.0,0.204,0.592
6f7bba37fa82,0,50100.0,0.204,0.592
8693366ebcec,0,40500.0,0.204,0.592
620a79f5a6de,31,15200.0,0.24,0.52
1a93154931c1,1,24700.0,0.24,0.52
c7f37f4ae0ef,0,,0.24,0.52
a0a3750439b7,72,24140.0,0.273,0.453
0fc0ac5f98c7,100,63940.0,0.276,0.448
61e35aa66839,83,200.0,0.312,0.375
76351717a8d4,1,23600.0,0.312,0.375
db11f59542ea,87,27600.0,0.312,0.375
c4577233ceda,37,15360.0,0.312,0.375
0309885a0370,13,17660.0,0.312,0.375
c238e84ff771,74,,0.312,0.375
57700a51cb9c,0,12060.0,0.312,0.375
d8ac3ae5532e,0,50000.0,0.312,0.375
bf8b00335df7,0,27800.0,0.312,0.375
2b4ba1ddfebf,98,16560.0,0.312,0.375
4098a73fbc67,99,,0.312,0.375
4297e0b2c7d9,100,28940.0,0.312,0.375
16dbe99ae5ed,85,9620.0,0.312,0.375
7bbda0a1ead3,8,11520.0,0.312,0.375
973f85b4d893,41,50000.0,0.346,0.309
136a1afbbc85,0,56900.0,0.312,0.375
7514fd3157e3,0,34400.0,0.346,0.309
b4b2d4272b85,0,53500.0,0.346,0.309
9824a7564719,0,20380.0,0.312,0.375
9b6ecf1ddfb5,0,32500.0,0.346,0.309
8d6d585e6aa6,0,35400.0,0.346,0.309
8566fc629eac,0,52400.0,0.346,0.309
8735642a1292,0,43600.0,0.346,0.309
caab25774da0,0,43500.0,0.346,0.309
c254cba74224,0,48700.0,0.346,0.309
aa143db95c5d,0,38900.0,0.346,0.309
7388f2a2e49a,44,45400.0,0.346,0.309
c21c1df2116d,0,64800.0,0.346,0.309
886813293ccb,0,23000.0,0.346,0.309
2e89253aae49,0,64500.0,0.346,0.309
81b6fa67467f,0,42000.0,0.346,0.309
c0ddaddffab1,0,23700.0,0.346,0.309
45785b82e33d,23,40100.0,0.346,0.309
57404ec31baf,0,34500.0,0.346,0.309
90d24bb1d2d0,0,44900.0,0.346,0.309
50a61d0224af,1,27500.0,0.346,0.309
2861c1b036dd,0,26200.0,0.346,0.309
3d1dfaee0ac9,1,27500.0,0.346,0.309
04448aed4563,0,26900.0,0.346,0.309
14d9c0e07d19,0,44700.0,0.346,0.309
22e76018f324,95,52700.0,0.346,0.309
6525e9daacca,95,52700.0,0.346,0.309
d4968ba769bb,0,38300.0,0.346,0.309
06f33186abf6,3,38700.0,0.346,0.309
c8baae9e1397,85,6900.0,0.346,0.309
c36fd44b1fd6,0,23500.0,0.346,0.309
65bdf1dcb7a1,0,24140.0,0.121,0.759
03028ba15599,6,15700.0,0.346,0.309
278f44234287,15,24140.0,0.346,0.309
f7d928a4e28a,100,920.0,0.346,0.309
12edd2456c13,0,47500.0,0.346,0.309
489c9292442a,7,34100.0,0.379,0.242
61306f22e3af,98,36800.0,0.346,0.309
e9da402e4f6b,85,75320.0,0.346,0.309
21185651272d,0,43200.0,0.346,0.309
c568852a59fc,0,37200.0,0.346,0.309
b62befb2b9ea,100,18800.0,0.379,0.242
2b78f30ecca0,0,35800.0,0.346,0.309
30cc89b3fa93,0,24140.0,0.312,0.375
428c2ddead5b,0,24140.0,0.121,0.759
9cdf68cf9ccd,0,29600.0,0.412,0.175
1ad6c9252411,7,,0.412,0.175
6da011b4b04b,0,30000.0,0.273,0.453
795c4d344894,99,36500.0,0.446,0.109
f08026f936b8,54,,0.446,0.109
e9b666b6eca6,45,41660.0,0.446,0.109
89855f7ff8f0,0,54100.0,0.476,0.048
8058ba07d690,0,28400.0,0.476,0.048
71329d1012e9,7,39700.0,0.476,0.048
f2014ba16de0,8,17460.0,0.476,0.048
4d5096bcd1d8,1,25200.0,0.507,0.014
3845e7c45880,0,44500.0,0.507,0.014
d34f0c07ecba,4,23400.0,0.507,0.014
ca5cb7cf74ec,0,,0.476,0.048
abe0e4263a15,0,,0.476,0.048
db91c79b88dc,13,,0.507,0.014
f0e24218adee,0,22800.0,0.507,0.014
48ccb6884f68,99,,0.412,0.175
06eb69b3f773,13,21800.0,0.507,0.014
8a2f71054a24,98,28300.0,0.346,0.309
605929a4d0f4,0,25700.0,0.979,0.958
d7d6c635d13b,0,18500.0,0.943,0.886
c2129736657d,29,18900.0,0.712,0.425
a5d67273a103,22,,0.507,0.014
266f4915ee39,96,,0.507,0.014
1ed3f2057596,100,600.0,0.537,0.075
b6719f900a1b,100,600.0,0.537,0.075
ff4758333d8d,100,,0.568,0.136
af95ed5511c4,0,49100.0,0.121,0.759
3fe33ef3b908,100,1860.0,0.598,0.197
ddb08dd6bbfa,92,32900.0,0.598,0.197
0e5b895b037e,61,53000.0,0.598,0.197
9c42620ed358,0,32000.0,0.629,0.258
9419bb7cc647,36,,0.629,0.258
15561990d7b9,0,57200.0,0.66,0.319
b66edcc0f3df,0,54800.0,0.66,0.319
6e6313e3c1b1,50,22200.0,0.66,0.319
e6143a9e2c92,5,51600.0,0.66,0.319
588a30e42450,7,27800.0,0.66,0.319
3db9166b9179,0,47100.0,0.66,0.319
b1c50b22c2f6,96,43400.0,0.687,0.375
9ff0b06eb9e3,0,55300.0,0.66,0.319
cd6e6faf5a3e,45,19400.0,0.66,0.319
9cfb93ca0417,16,24140.0,0.66,0.319
6aeaf219b65c,6,46000.0,0.66,0.319
8b7c47db4439,0,51600.0,0.66,0.319
7ceadcf8f86c,26,27700.0,0.66,0.319
57e1392ebda6,2,24140.0,0.66,0.319
f0ebbb183646,0,24140.0,0.66,0.319
752da9d43d0c,0,48000.0,0.66,0.319
8a756c7deed8,33,24140.0,0.66,0.319
52199dc37d65,0,50000.0,0.66,0.319
c404f4ee2f37,2,,0.66,0.319
b217d58c7586,0,,0.66,0.319
2ff0d5e2b58b,29,6840.0,0.66,0.319
7aa5bc630455,26,21380.0,0.66,0.319
b7cb221448d6,100,4360.0,0.66,0.319
3b6cafeffa24,100,42300.0,0.66,0.319
4309f1012729,99,9180.0,0.687,0.375
4c8ef42bdd37,100,12280.0,0.687,0.375
2e6ab9d0d5a1,0,24140.0,0.66,0.319
5f830f9363c3,0,16600.0,0.687,0.375
13aec10be7c9,0,50000.0,0.687,0.375
6fd1606a7602,30,23460.0,0.718,0.436
27edd45f4f86,83,62940.0,0.718,0.436
94d2a6323147,1,,0.718,0.436
a5533ed13849,10,,0.718,0.436
0589b016fffb,0,50000.0,0.718,0.436
97ae02aa8701,100,76260.0,0.751,0.502
fa72cd6039a5,0,77600.0,0.718,0.436
ba95da004246,0,38500.0,0.751,0.502
b7b8c2cb9789,1,68380.0,0.718,0.436
016d69d3b61f,0,71900.0,0.751,0.502
534c70e7fa18,0,72900.0,0.751,0.502
8637369f1381,88,15160.0,0.718,0.436
be34237caf99,0,42800.0,0.751,0.502
061232b49cca,0,72700.0,0.751,0.502
a880281de1fb,0,43000.0,0.751,0.502
379b16823090,0,45700.0,0.751,0.502
f9004d9ff521,0,45400.0,0.751,0.502
d64ac036708c,0,67900.0,0.751,0.502
888bddf657ab,100,35000.0,0.751,0.502
e9bf6722fc14,0,43700.0,0.751,0.502
9d6755205d46,23,50400.0,0.751,0.502
79962b3c202b,0,48800.0,0.751,0.502
a4c9ce0f450d,0,66000.0,0.751,0.502
5597a1c81461,0,59300.0,0.751,0.502
a9236fe8e549,0,67900.0,0.751,0.502
004ed3986bf7,3,52200.0,0.751,0.502
b475911df35f,0,49100.0,0.751,0.502
860441d4376c,0,34800.0,0.751,0.502
52d06a5e2eeb,0,37600.0,0.751,0.502
56e80a558a38,0,53100.0,0.751,0.502
17df01d4bdeb,0,51600.0,0.751,0.502
4a7e2882a41d,3,73700.0,0.751,0.502
9c66460c58df,0,63400.0,0.751,0.502
3dbc387f6b3a,0,40400.0,0.751,0.502
e210109e2979,0,63400.0,0.751,0.502
6971aad2e4e7,0,67600.0,0.751,0.502
3f06e6ea58d5,0,62000.0,0.751,0.502
9639c7875594,0,53800.0,0.751,0.502
0e64fde40651,0,46000.0,0.751,0.502
843f9148c4ea,0,56100.0,0.751,0.502
d6d326be3726,0,54800.0,0.751,0.502
839112823b29,0,49500.0,0.751,0.502
68987abef514,0,33700.0,0.751,0.502
d96fd0809d8d,0,48500.0,0.751,0.502
8e56137912ff,0,51400.0,0.751,0.502
a97ce72219d3,0,54500.0,0.751,0.502
1ae918e8bf57,12,23700.0,0.751,0.502
b087d44e2bba,15,56200.0,0.751,0.502
fb7f342b3da2,4,28000.0,0.751,0.502
9e60d1ef8d18,0,61100.0,0.751,0.502
f9189e7c0f4d,0,38400.0,0.751,0.502
706133237692,0,44100.0,0.751,0.502
cf9b873ed21c,34,,0.718,0.436
ccb117f97ba0,0,35700.0,0.751,0.502
f91d9b1e99d8,0,56700.0,0.751,0.502
5e4076fd3ae0,0,60100.0,0.751,0.502
352d986f6143,0,46100.0,0.751,0.502
8607b3f31429,98,16500.0,0.751,0.502
cc88505576cb,99,42800.0,0.751,0.502
d6ae69f6d2b5,0,35400.0,0.751,0.502
19d17b2b8102,0,84500.0,0.751,0.502
29466b524a90,0,63800.0,0.751,0.502
5bdba7fa332f,98,52600.0,0.751,0.502
0f5dc54bdfee,21,31400.0,0.751,0.502
2e71408c8124,0,48800.0,0.751,0.502
5cdd74e81d7b,98,16500.0,0.751,0.502
3ad8392de65e,0,40600.0,0.751,0.502
9180fb6e8181,99,21100.0,0.751,0.502
f254eb561d10,0,50100.0,0.751,0.502
76dfe030e621,0,63400.0,0.751,0.502
af14670074ed,0,55100.0,0.751,0.502
bcd7da347c11,0,42600.0,0.751,0.502
1f6f81973183,15,15000.0,0.751,0.502
00bc4d234db2,1,,0.718,0.436
f8b1bb360473,0,,0.751,0.502
f8de1fc69552,12,,0.751,0.502
dce68b105a47,0,63500.0,0.751,0.502
b8715f0d7e27,0,46800.0,0.751,0.502
94fda624cab1,0,31500.0,0.718,0.436
20eac03fffc5,0,31700.0,0.629,0.258
01b8406f5796,0,24140.0,0.751,0.502
1d12db0b3a6d,0,27300.0,0.751,0.502
868743dbc248,71,,0.751,0.502
f4ee941803ec,0,28100.0,0.751,0.502
145fc3a8c13a,0,41500.0,0.751,0.502
78a477d9f51c,20,34200.0,0.782,0.564
f616b5d2db81,67,38400.0,0.751,0.502
d7aaae0dc6f1,0,38800.0,0.782,0.564
857ead65436c,0,48000.0,0.751,0.502
1bd639fd006c,4,38100.0,0.782,0.564
e466372462a7,6,27000.0,0.782,0.564
159392662cdc,0,32100.0,0.751,0.502
fcee99aeba0c,0,58900.0,0.782,0.564
536e7cd8a5b9,4,51800.0,0.751,0.502
dd65669a03e0,0,46500.0,0.782,0.564
cf46d3fb6b0a,37,30500.0,0.782,0.564
425310677ec4,0,60200.0,0.751,0.502
59ef40c14cbd,0,28400.0,0.751,0.502
a43b4ac997ca,0,39400.0,0.782,0.564
0c2ac6c87745,34,29600.0,0.782,0.564
b3f5eb1cfa54,17,21100.0,0.782,0.564
20537061cb66,99,41100.0,0.782,0.564
3f4ffe415aa6,0,49400.0,0.782,0.564
4c582e24bc52,0,35800.0,0.782,0.564
84cf31261946,22,18500.0,0.782,0.564
90e19126e739,91,33900.0,0.782,0.564
6a23737840b1,80,25100.0,0.782,0.564
259e916b71ed,28,24400.0,0.782,0.564
a17b877087c3,79,15000.0,0.782,0.564
46c2425f62df,6,24140.0,0.782,0.564
3e39d4d431be,50,,0.751,0.502
5d7aa6dcdaea,5,32100.0,0.751,0.502
145d71050178,4,26900.0,0.751,0.502
e59423fcff5f,0,37900.0,0.815,0.63
5c8c60006e36,1,23400.0,0.815,0.63
f4a20199a3d6,4,24140.0,0.815,0.63
f7845233b01a,0,19300.0,0.851,0.702
7237e168b54a,14,31200.0,0.782,0.564
118ec1e2df0c,61,,0.851,0.702
bd68a0bb4f8b,2,24140.0,0.815,0.63
ece2d69982a9,0,73200.0,0.176,0.648
829be27b8201,2,,0.851,0.702
57fbed34947d,0,34920.0,0.851,0.702
57846cb400eb,0,26360.0,0.887,0.775
249348deed09,0,43300.0,0.887,0.775
e9c0337fe3ed,27,44800.0,0.887,0.775
62ffa9aeda08,0,31800.0,0.887,0.775
60803b37d4c2,0,53100.0,0.887,0.775
92c50db54c00,0,19600.0,0.887,0.775
2cbf2639c64b,1,37100.0,0.887,0.775
85bad5c358ed,0,43300.0,0.887,0.775
d4a827a03d4a,0,32000.0,0.887,0.775
7eb0d53fe5d4,0,43600.0,0.887,0.775
0957ccf22e65,5,41300.0,0.887,0.775
2f9518706e59,48,33000.0,0.887,0.775
f51dbcacb361,47,32700.0,0.887,0.775
3239a688f5ce,14,19900.0,0.887,0.775
78fd7182d000,0,17000.0,0.887,0.775
3383ca8264ca,0,43200.0,0.887,0.775
63cd9aa23447,16,34600.0,0.887,0.775
8f13e07c8e8f,0,50300.0,0.887,0.775
75a036ed3a0c,0,61700.0,0.887,0.775
551dfb71954a,0,29500.0,0.887,0.775
613993e0e8fd,0,27800.0,0.887,0.775
c3096384adac,0,33400.0,0.887,0.775
2bcd194cc983,0,23900.0,0.887,0.775
1c6e4d1c1c36,4,29600.0,0.887,0.775
c253cc6463d8,100,12300.0,0.887,0.775
3a22615b524a,0,62800.0,0.887,0.775
1cca0ccf3d54,0,20200.0,0.887,0.775
c888b532caf5,2,28800.0,0.887,0.775
2918379cff9a,0,50400.0,0.751,0.502
440a783ce262,0,42000.0,0.751,0.502
89d283ba329e,100,24140.0,0.887,0.775
e83c111a1375,0,28800.0,0.887,0.775
77a38fedd66c,50,47800.0,0.887,0.775
3b06f11a286f,54,32840.0,0.887,0.775
60ef1cbddd5d,5,18240.0,0.887,0.775
9af6cf183aab,79,50000.0,0.887,0.775
d7989fdd2a42,6,22760.0,0.887,0.775
4bd90bdcc407,5,20760.0,0.887,0.775
b9d4ae24b851,0,18560.0,0.887,0.775
0cf44447f4cd,0,42760.0,0.887,0.775
a31f2d36d183,30,29540.0,0.887,0.775
57e2ecf9ed88,0,13600.0,0.887,0.775
93bcd0fb0b61,0,22220.0,0.887,0.775
4080a3c4d77b,0,21500.0,0.887,0.775
be3e746bb07d,6,24720.0,0.887,0.775
0a16dc4d276a,13,15480.0,0.887,0.775
a2898a7b76e2,3,21960.0,0.887,0.775
3874cdd748d4,0,34020.0,0.887,0.775
010e5e9925be,9,20660.0,0.887,0.775
14f1fdc3f41b,0,23220.0,0.887,0.775
97d0f2bc6f02,0,26520.0,0.887,0.775
600cebd4e310,7,29320.0,0.887,0.775
cacff9d1eb6a,0,11320.0,0.887,0.775
3800c1bcce22,35,32340.0,0.887,0.775
0a59fc02e92d,100,23920.0,0.887,0.775
b9f5803885c1,2,26600.0,0.887,0.775
7dcad161556f,35,30600.0,0.887,0.775
f3066e7cb788,0,14940.0,0.887,0.775
19f2f1495772,5,32200.0,0.887,0.775
f89d06719f10,48,29760.0,0.887,0.775
9d11e931f24f,0,27460.0,0.887,0.775
d5bb73585871,0,32120.0,0.887,0.775
76125aa148a5,0,32120.0,0.887,0.775
97ed0041e633,100,23920.0,0.887,0.775
47c1368156a6,0,35900.0,0.923,0.847
0e52b92a5e89,36,24140.0,0.887,0.775
427a0017f528,0,23300.0,0.923,0.847
c6da17be2f8a,98,31600.0,0.923,0.847
eb76dbadb36d,0,35900.0,0.923,0.847
518d9bd85d11,0,29000.0,0.923,0.847
987874835d63,0,24140.0,0.923,0.847
eae7f7115bef,0,74900.0,0.923,0.847
9229a383c8d2,13,24140.0,0.923,0.847
539eb2228685,0,25040.0,0.887,0.775
5c2f936282fb,0,62000.0,0.887,0.775
fafb356ffc81,40,29500.0,0.923,0.847
63c54f16f872,0,24140.0,0.923,0.847
a50ddbc5eacd,99,27400.0,0.923,0.847
6c60c910c426,0,25500.0,0.751,0.502
07010687d1db,0,18400.0,0.887,0.775
6bad4c6adce4,0,25000.0,0.121,0.759
db829f05f089,0,62000.0,0.962,0.925
dfadedae9e1c,100,29900.0,0.962,0.925
c095b539fb8a,0,73200.0,0.962,0.925
9583ac556361,0,41000.0,0.962,0.925
82690b2832a5,0,73200.0,0.962,0.925
4a30dcd03a2e,4,90000.0,0.962,0.925
3a32eb5181d1,15,42600.0,0.962,0.925
88398f18ef95,0,20200.0,0.962,0.925
717da899db2d,0,27900.0,0.962,0.925
04d531e915b3,3,57500.0,0.962,0.925
b50481823db8,9,66900.0,0.962,0.925
73f7f0796f46,0,50300.0,0.962,0.925
e88385fdcdae,99,41200.0,0.962,0.925
3476a88993b0,0,32800.0,0.962,0.925
29e8de1b3376,0,36400.0,0.962,0.925
7bb414b369a0,100,25400.0,0.962,0.925
1d8420bf7ac1,0,28700.0,0.962,0.925
a5852c2f7346,12,30400.0,0.962,0.925
675334eaf8c8,0,36500.0,0.962,0.925
6f4cc2370252,0,47900.0,0.962,0.925
afa793ab1679,33,25600.0,0.962,0.925
26d23a3a2e97,8,51100.0,0.962,0.925
47fce5843f00,100,38800.0,0.962,0.925
e6b425d85b1e,0,38600.0,0.962,0.925
35c84b526fc7,98,85000.0,0.962,0.925
1f454678211a,0,31900.0,0.962,0.925
c03f5aa36614,0,47600.0,0.962,0.925
e3abe945a549,0,30900.0,0.962,0.925
37145bfc76cd,0,24400.0,0.962,0.925
0eceab127e48,0,82200.0,0.962,0.925
dd5c21d21074,1,22800.0,0.962,0.925
34e676586245,1,29700.0,0.962,0.925
c6ae7081d883,80,600.0,0.962,0.925
665ddb4b106c,23,24140.0,0.962,0.925
897cef617c15,100,18700.0,0.962,0.925
2caa7b1c058e,78,44200.0,0.962,0.925
f44863684e91,52,19700.0,0.962,0.925
848ea60d2d05,100,18500.0,0.962,0.925
dda81e0d6dc5,100,,0.962,0.925
d7d345f20477,82,32420.0,0.962,0.925
21e8aee43a2d,0,32840.0,0.998,0.997
374916776f24,0,44000.0,0.998,0.997
7dacb82a00d5,0,24140.0,0.815,0.63
299a85bb54b5,0,24140.0,0.923,0.847
3063703a242c,1,24140.0,0.815,0.63
bd09b6aad99c,100,14500.0,0.998,0.997
576d8290378a,43,18120.0,0.998,0.997
6b4ab1efacaf,0,24140.0,0.037,0.925
2d3ffd6c5480,53,24140.0,0.079,0.842
da431dbf501d,100,12200.0,0.115,0.77
ffeb10a5aa6f,94,17960.0,0.115,0.77
fb349e736b26,70,39200.0,0.751,0.502
7e7e09222431,6,19500.0,0.887,0.775
9a1e2fde5ee7,57,,0.154,0.692
3964dc356e1d,0,37800.0,0.751,0.502
a76e68d5d506,31,27800.0,0.718,0.436
d4293cdd66b0,3,52600.0,0.154,0.692
d05b1c5f1b6f,72,24140.0,0.154,0.692
82e221019067,3,63400.0,0.154,0.692
c88942197287,100,360.0,0.154,0.692
9f8f6b373f52,28,22240.0,0.154,0.692
d42a305ca3ab,100,24140.0,0.154,0.692
2f3a6f2039e3,8,24140.0,0.154,0.692
65768b706e55,0,17140.0,0.154,0.692
8207dad63712,69,21140.0,0.193,0.614
76dab1508b69,0,,0.193,0.614
cbc59f1aa1c7,0,7460.0,0.193,0.614
4385f719d4e5,6,,0.193,0.614
62658beabe37,33,,0.193,0.614
95f377162bec,0,,0.193,0.614
a7ab5ff0361b,0,49520.0,0.193,0.614
c27e80a1ad2c,0,40040.0,0.193,0.614
5232374e4a91,95,340.0,0.193,0.614
19d217842ca6,95,340.0,0.193,0.614
186ced73807a,93,900.0,0.193,0.614
03b2a9125edf,49,5560.0,0.229,0.542
a319cc1b9bcd,49,5560.0,0.229,0.542
8a7ac6153440,2,13320.0,0.193,0.614
aae2415d6a86,23,24140.0,0.229,0.542
e488f3ac2b6c,4,18500.0,0.229,0.542
c1c23e4b493b,69,24140.0,0.229,0.542
5c582f69a049,35,18000.0,0.229,0.542
bf6adee839eb,93,64960.0,0.229,0.542
64ce0c7616ef,0,16060.0,0.229,0.542
4bff9e79543d,60,,0.229,0.542
0bcd80ec2824,100,24140.0,0.229,0.542
d6b0bb9696e0,0,69280.0,0.229,0.542
b91eb8aecd9c,73,26420.0,0.229,0.542
e37b704bd02a,0,25420.0,0.229,0.542
d3c8294a4015,0,58860.0,0.229,0.542
bf864736bf68,1,32560.0,0.229,0.542
f06bca7525fd,91,62380.0,0.229,0.542
eb2d67644e1f,0,35940.0,0.262,0.475
7ed7f9bb5131,0,18120.0,0.262,0.475
8b47baae1041,100,15680.0,0.262,0.475
1d0c76fea38b,0,22720.0,0.262,0.475
c7b4ff3a8f3c,16,32180.0,0.262,0.475
59d4e10a691a,97,36700.0,0.262,0.475
eb74445f4795,0,29200.0,0.262,0.475
b4395d6b69aa,0,24140.0,0.229,0.542
4c186ceaad6f,58,38600.0,0.262,0.475
6b73425e5ddd,0,38300.0,0.262,0.475
bcb12a353ba9,0,30200.0,0.262,0.475
2887a9e89882,0,46000.0,0.262,0.475
28081d6841ae,98,28000.0,0.262,0.475
bbd0e7b19584,0,40000.0,0.262,0.475
aea326733777,0,40600.0,0.262,0.475
36586975c459,0,24140.0,0.262,0.475
1c9724120bcc,0,61100.0,0.262,0.475
a29019e92583,0,48000.0,0.262,0.475
4825b718e1ed,10,40800.0,0.262,0.475
2e1bee5e62e0,0,36300.0,0.262,0.475
a748f3a6a02b,5,33500.0,0.262,0.475
465afe512d3b,97,,0.229,0.542
b0217dc57dcd,0,26580.0,0.262,0.475
6af96acdb918,0,57000.0,0.262,0.475
4ea2c9811bf5,0,18700.0,0.262,0.475
cb1c121df5e8,0,24140.0,0.262,0.475
9cdb039fb88d,0,31220.0,0.262,0.475
5bebe67b800a,0,35180.0,0.262,0.475
b82f554e9059,0,21380.0,0.262,0.475
ebbf958b7ed9,0,22260.0,0.262,0.475
78ccbc2f195c,0,31380.0,0.262,0.475
780720d80095,0,42720.0,0.296,0.409
a77aa632bd91,100,13900.0,0.296,0.409
99f0d5764fea,100,13300.0,0.296,0.409
e90fa8beb001,0,57600.0,0.296,0.409
784633b772ca,12,16700.0,0.296,0.409
a03d4d6ed4d1,12,16700.0,0.296,0.409
4bd7d90565ef,30,24140.0,0.262,0.475
b962d897c5f8,54,24140.0,0.154,0.692
78dfb77835e3,0,45800.0,0.296,0.409
817f2d48ec27,0,43000.0,0.296,0.409
7090aaefcff6,0,60800.0,0.296,0.409
a342b4bca4ed,0,44800.0,0.296,0.409
deb7f1f17bb7,0,44800.0,0.296,0.409
72aea981d11f,0,43400.0,0.296,0.409
876ae8934818,0,,0.296,0.409
fc5481ea7327,0,27340.0,0.329,0.342
b2485f6b0f96,5,72200.0,0.362,0.275
fbf9a546e2cc,0,34900.0,0.362,0.275
d608b13a83ba,44,24140.0,0.329,0.342
6ae1fc3d9e2d,0,21140.0,0.296,0.409
0397c566fdef,5,34900.0,0.393,0.214
76929f084f3d,0,40300.0,0.393,0.214
dbcf2e8d51a6,12,24140.0,0.393,0.214
810b6a20536f,0,6360.0,0.426,0.148
50115834c2cd,98,35100.0,0.426,0.148
d082336a6aa6,0,35300.0,0.296,0.409
3e768eeba269,34,26400.0,0.998,0.997
ea593d6c414c,3,25700.0,0.998,0.997
1c97bcb69100,4,24600.0,0.998,0.997
12370531823b,4,24600.0,0.998,0.997
de25c0cc5fd4,4,24600.0,0.998,0.997
af89a9f68b6f,100,24700.0,0.998,0.997
7edad4609726,3,37300.0,0.962,0.925
87ef166941da,3,37300.0,0.962,0.925
ad0ef3613d61,4,24600.0,0.998,0.997
02b25b55f894,3,37300.0,0.962,0.925
ed0e3997be5b,2,37000.0,0.962,0.925
0006808ebebe,3,37300.0,0.962,0.925
3cd73c2c94f6,2,37000.0,0.962,0.925
2d134624ec85,1,26000.0,0.962,0.925
b99ce80d929b,0,18700.0,0.887,0.775
c878ff7a6fcd,0,18900.0,0.887,0.775
b51977ee48d4,0,18900.0,0.887,0.775
d30878ae1e94,0,18900.0,0.887,0.775
04ecab1ed886,0,18700.0,0.887,0.775
d4af8a61f5df,0,18900.0,0.887,0.775
f80944604610,0,18900.0,0.887,0.775
f816bab4185d,0,18900.0,0.887,0.775
a0272f62aa6e,0,18900.0,0.887,0.775
89ebc7685955,0,18700.0,0.887,0.775
7496b73f202e,0,18900.0,0.887,0.775
48962ec5bc14,0,18900.0,0.887,0.775
5f9445b0468b,0,18900.0,0.887,0.775
d2821040b810,0,18900.0,0.887,0.775
4c3163c8f977,0,18700.0,0.887,0.775
d86a865e9ca5,0,18700.0,0.887,0.775
d60e8f6505e4,0,18700.0,0.887,0.775
f621a0ce4e67,0,18700.0,0.887,0.775
5ef27e8af3af,0,18700.0,0.887,0.775
38422a6eaf8e,0,18900.0,0.887,0.775
3f1dd9e034d1,0,22700.0,0.887,0.775
04bf9dda99ea,0,22700.0,0.887,0.775
ef0039b0d5d3,0,22700.0,0.887,0.775
744a5e433255,0,22700.0,0.887,0.775
5fe9cb8c8f76,0,22700.0,0.887,0.775
1f87b7d9cd44,0,21400.0,0.887,0.775
f549d4390b55,0,21400.0,0.887,0.775
9e2b5eb58af4,0,22700.0,0.887,0.775
32180aa2867e,0,21400.0,0.887,0.775
08380f4064c4,0,21400.0,0.887,0.775
d980ab5aaa04,0,22700.0,0.887,0.775
d7d681c9af60,0,21600.0,0.887,0.775
1effe88da11d,0,22700.0,0.887,0.775
eb3594e86ecc,0,22700.0,0.887,0.775
b4f7a93e90ce,0,22700.0,0.887,0.775
1c2a3046fb75,0,22700.0,0.887,0.775
bb50f02dd4ce,0,22700.0,0.887,0.775
3aea6433a879,0,22700.0,0.887,0.775
d65d5e07877f,0,22700.0,0.887,0.775
d5d9e1a5d56c,0,22700.0,0.887,0.775
4236193e2bc5,0,22700.0,0.887,0.775
364ed3125069,0,21400.0,0.887,0.775
862623df3c7b,0,21400.0,0.887,0.775
7810de609c6c,0,22700.0,0.887,0.775
eb71d632f189,0,22700.0,0.887,0.775
16844a77e4bc,0,22700.0,0.887,0.775
3eaebdf8d877,0,22700.0,0.887,0.775
0094b7912adc,0,22700.0,0.887,0.775
823d1b94d0bd,0,22700.0,0.887,0.775
29d6da89ac2e,0,21400.0,0.887,0.775
716b3fe087dd,0,22700.0,0.887,0.775
bf2d23da74ac,0,22700.0,0.887,0.775
6462cc32d8f2,0,22700.0,0.887,0.775
2fe7a8ce8a26,0,22700.0,0.887,0.775
e56cf1ebaa5c,0,21400.0,0.887,0.775
8c91925a57d2,0,22700.0,0.887,0.775
f06aefeadb8d,100,22300.0,0.887,0.775
628a5ee33193,0,21400.0,0.887,0.775
58c1267ee4a5,0,22700.0,0.887,0.775
fbd26d3cdf63,0,21400.0,0.887,0.775
11e25aba2534,0,21400.0,0.887,0.775
c44f191f9f0c,0,21400.0,0.887,0.775
fd88591feb83,0,22700.0,0.887,0.775
a8e23a02ff4a,0,22700.0,0.887,0.775
59f6caa1d338,10,26000.0,0.887,0.775
2e53d5e8fd33,10,26000.0,0.887,0.775
404ff34c36d8,10,26000.0,0.887,0.775
3e396b91bb50,10,26000.0,0.887,0.775
35ccf5e650f9,8,24900.0,0.887,0.775
13cb8a39f493,8,24900.0,0.887,0.775
51da13c5f5a9,10,26000.0,0.887,0.775
d500651c2f94,8,24900.0,0.887,0.775
8ed0a29d5a61,0,21400.0,0.887,0.775
06eaee299366,0,19340.0,0.457,0.086
c42c783379b5,10,26000.0,0.887,0.775
4184601f7c70,8,24900.0,0.887,0.775
4d4ba13ea5d1,63,25700.0,0.887,0.775
cc8fe98e145d,10,26000.0,0.887,0.775
c90c46286a87,10,26000.0,0.887,0.775
eb7d4de40802,10,26000.0,0.887,0.775
57a75a7accd8,10,26000.0,0.887,0.775
dc2994c9ee4b,10,26000.0,0.887,0.775
7436acbd6931,10,26000.0,0.887,0.775
b542e6aecdcb,100,23200.0,0.815,0.63
b83985af0ad6,100,23200.0,0.815,0.63
349fb1b7fefd,100,23200.0,0.815,0.63
b2284ddf5bcf,0,23400.0,0.815,0.63
74d094f088c5,0,23400.0,0.815,0.63
4e5235a8f76d,0,37800.0,0.507,0.014
44e026dff790,0,35800.0,0.507,0.014
c8ef40023c0e,0,37800.0,0.507,0.014
3448d87227fd,0,35800.0,0.507,0.014
1d1ca440f881,0,35800.0,0.507,0.014
1bcf3d599187,0,37800.0,0.507,0.014
8eee16a9520a,0,37800.0,0.507,0.014
0c2140e7e80c,32,27800.0,0.476,0.048
2dabfc79a6c1,32,27800.0,0.476,0.048
8dea84a2beb1,32,27800.0,0.476,0.048
1de0c967db79,32,27800.0,0.476,0.048
9d9b569e89c2,30,28100.0,0.476,0.048
0c523ba5881c,32,27800.0,0.476,0.048
331c09c76c5e,4,27900.0,0.476,0.048
2af755ac708a,5,30000.0,0.476,0.048
2c7ba63a6df4,5,30000.0,0.476,0.048
1b0f9923a4b7,5,30000.0,0.476,0.048
f982eae2758c,4,27900.0,0.476,0.048
236d827da7ac,4,27900.0,0.476,0.048
6826b1c30f5e,4,27900.0,0.476,0.048
39a5969a99d7,5,30000.0,0.476,0.048
d50dbeced2cf,4,27900.0,0.476,0.048
44ea7d97d535,3,36000.0,0.476,0.048
7c0173922d8b,0,44700.0,0.476,0.048
448036d07dc2,4,20200.0,0.346,0.309
b1df5a5d801d,4,20200.0,0.346,0.309
635159135742,4,20200.0,0.346,0.309
8ee71c053f93,4,20200.0,0.346,0.309
b337b3f5ee9f,6,19600.0,0.346,0.309
50f34812694a,6,19600.0,0.346,0.309
3a6bd4938778,4,20200.0,0.346,0.309
3bd39592063f,0,21000.0,0.346,0.309
c30508906707,0,21000.0,0.346,0.309
69557bc10160,0,20700.0,0.346,0.309
eb7521d9ef8e,0,21000.0,0.346,0.309
6211385626c4,0,21000.0,0.346,0.309
8977dfe8377d,0,21000.0,0.346,0.309
0bf4ef6bdd52,100,20800.0,0.346,0.309
1ccf5084a32e,0,21000.0,0.346,0.309
6799f2016a79,0,21000.0,0.346,0.309
411ddd78a555,100,20800.0,0.346,0.309
3636e2176f4d,0,21000.0,0.346,0.309
5cf9bf697ad4,0,21000.0,0.346,0.309
01852767d0dd,0,21000.0,0.346,0.309
8e668616b5bd,0,21000.0,0.346,0.309
435d60709e01,0,21000.0,0.346,0.309
fbdb038bb8bb,0,21000.0,0.346,0.309
f859d6d5b011,100,20800.0,0.346,0.309
77b0fe150cb0,0,28100.0,0.346,0.309
0ed78c65d931,0,26900.0,0.346,0.309
2e0ba8e25b0c,1,27500.0,0.346,0.309
4f55d225c045,1,27500.0,0.346,0.309
27e110e58e52,1,27500.0,0.346,0.309
e24a758c9e2c,1,27500.0,0.346,0.309
cb482d37fad1,1,27500.0,0.346,0.309
436bc4a8cc0b,1,27500.0,0.346,0.309
d35ee2d705a1,1,27500.0,0.346,0.309
0d4cd51afdf4,1,27500.0,0.346,0.309
f9f930a99abc,1,27500.0,0.346,0.309
51bc5b347f0a,1,27500.0,0.346,0.309
cedebc4fa750,1,27500.0,0.346,0.309
06dd3505c680,6,29100.0,0.312,0.375
4778ae9e171d,1,27500.0,0.346,0.309
0416911dc5f8,0,26900.0,0.346,0.309
19b65cfe1b7a,1,27500.0,0.346,0.309
54f074ca2687,1,27500.0,0.346,0.309
504b7ecab9ce,40,13900.0,0.487,0.025
9e27351b0beb,44,6960.0,0.487,0.025
2c63e574ef43,1,27500.0,0.346,0.309
48df5cc88e3a,1,27500.0,0.346,0.309
2354551ac02e,0,26900.0,0.346,0.309
0f705c25caf3,1,27500.0,0.346,0.309
b3609693580f,1,27500.0,0.346,0.309
2682acb4c6fc,1,27500.0,0.346,0.309
cc7fb9a996a2,1,27500.0,0.346,0.309
ace0164b8810,0,26900.0,0.346,0.309
b676dfbbe5dd,0,26900.0,0.346,0.309
61c1e0d4e5bd,0,35800.0,0.346,0.309
5627dabd22c1,0,35800.0,0.346,0.309
ce2769d9b1a0,0,35800.0,0.346,0.309
de88f3713914,0,35800.0,0.346,0.309
e48dd151888e,0,35800.0,0.346,0.309
d587eeaf859b,0,35800.0,0.346,0.309
c86d6138e5da,0,35800.0,0.346,0.309
8d04bac41b59,0,28900.0,0.712,0.425
424079a10f54,6,25800.0,0.654,0.308
68ebff6f3219,74,26500.0,0.654,0.308
46e7183a243c,74,26500.0,0.654,0.308
d5653a1c1994,74,26500.0,0.654,0.308
995f1a4bf146,74,26500.0,0.654,0.308
4e9def597dc8,100,29000.0,0.712,0.425
3edc8f16e0f1,33,30800.0,0.685,0.369
cb8e53d8f011,0,32300.0,0.487,0.025
5110e6501579,0,31300.0,0.487,0.025
0780575af8bf,0,31300.0,0.487,0.025
6270553ad8d2,0,32300.0,0.487,0.025
bda730e9d539,0,31300.0,0.487,0.025
63c5bdefc427,0,31300.0,0.487,0.025
221a3b8521b3,0,32300.0,0.487,0.025
2d6b600532f9,0,31300.0,0.487,0.025
1d86414288d0,0,31300.0,0.487,0.025
0e2a63622f34,0,32300.0,0.487,0.025
0a28cfb4924a,0,31300.0,0.487,0.025
eb6c61068713,0,50000.0,0.487,0.025
85b9895ffe4e,0,50000.0,0.487,0.025
94eedfe203d4,0,34300.0,0.751,0.502
bf0a8d71d648,0,43300.0,0.751,0.502
dfbc72ac511f,0,43300.0,0.751,0.502
c0613d4dccbb,0,43300.0,0.751,0.502
629bd1e66337,0,43300.0,0.751,0.502
d613cba5767b,0,43300.0,0.751,0.502
9d2af840da56,0,43300.0,0.751,0.502
1ce5d008cde0,0,43300.0,0.751,0.502
3b73065e54f5,0,43300.0,0.751,0.502
cb53e397f7f8,0,43300.0,0.751,0.502
4a281d6c428d,0,43300.0,0.751,0.502
fc317dc1edf3,0,43800.0,0.751,0.502
b64cb4c66dae,0,43300.0,0.751,0.502
8be2baf34551,0,43300.0,0.751,0.502
fe1c05d0270c,0,43800.0,0.751,0.502
7a162242ac5d,0,43300.0,0.751,0.502
e6c92dca00cd,0,43300.0,0.751,0.502
3641eb22cf6c,0,43300.0,0.751,0.502
75bd5a5e0fe4,0,42900.0,0.751,0.502
238697b47278,0,43300.0,0.751,0.502
91a3898d0966,0,43300.0,0.751,0.502
4d6108baf3d2,0,43300.0,0.751,0.502
b2d4f4da0a4f,0,43300.0,0.751,0.502
8bba17d87b08,0,43300.0,0.751,0.502
b035f151e7ee,0,43300.0,0.751,0.502
aa0a68bc71cc,0,43300.0,0.751,0.502
cb0cba9a057f,0,42900.0,0.751,0.502
c4901c320d9c,0,43300.0,0.751,0.502
da9967e69c12,0,43300.0,0.751,0.502
0ac6a39e2c1f,0,42900.0,0.751,0.502
3db1f4f238e9,0,43300.0,0.751,0.502
92dd6fa47e77,0,43300.0,0.751,0.502
b9961fcc32ba,0,43300.0,0.751,0.502
9df112d95d7a,0,43300.0,0.751,0.502
46278d2c8b7a,0,45700.0,0.751,0.502
29a83ca9b5ec,0,45700.0,0.751,0.502
cc904227e7d0,0,45700.0,0.751,0.502
2ab9a4526b13,0,45600.0,0.751,0.502
107b1b57b9d0,0,45700.0,0.751,0.502
ca7ee11efceb,0,45700.0,0.751,0.502
11c39c56664d,0,45700.0,0.751,0.502
ff8fc3581c9b,0,45700.0,0.751,0.502
7e7fd7015af8,0,46800.0,0.751,0.502
e9c08ea8d722,0,45600.0,0.751,0.502
8fef39994a54,0,45700.0,0.751,0.502
d5609ed3e8ba,0,45700.0,0.751,0.502
232d2f9e1fab,0,45700.0,0.751,0.502
f5209d03f3be,0,45600.0,0.751,0.502
0cdb01bf0922,0,45700.0,0.751,0.502
484c71256e63,0,45700.0,0.751,0.502
5218b0c7129f,0,45600.0,0.751,0.502
07dd8341fe32,0,45600.0,0.751,0.502
58c94ae11ab6,0,45700.0,0.751,0.502
910141a9971b,0,45600.0,0.751,0.502
31eb7d81d181,0,45700.0,0.751,0.502
2e86e4cc5716,0,45700.0,0.751,0.502
277f34d62c9f,0,45600.0,0.751,0.502
0a86e0031c66,0,45700.0,0.751,0.502
4f1f19ceaaaf,0,45700.0,0.751,0.502
4e4bf6085434,0,45700.0,0.751,0.502
a3f7e00d511b,0,45700.0,0.751,0.502
17ae0e68a382,0,45700.0,0.751,0.502
0c36f2eda254,0,45600.0,0.751,0.502
3d012ad2f358,0,45700.0,0.751,0.502
56d87f4ecd5b,0,45600.0,0.751,0.502
9b84f7f56958,0,51400.0,0.751,0.502
05140a2b1d5a,0,52100.0,0.751,0.502
c15138105fbf,0,52700.0,0.751,0.502
fe43a9475f40,0,52100.0,0.751,0.502
2c7419ddc84d,0,52100.0,0.751,0.502
e27f75c9575c,0,52100.0,0.751,0.502
0f572cda7811,0,52700.0,0.751,0.502
8f43e074d820,0,52100.0,0.751,0.502
9b4289f06c32,0,52100.0,0.751,0.502
424350ea7d86,0,52700.0,0.751,0.502
60e7615bb472,0,52100.0,0.751,0.502
a90413deffda,0,52100.0,0.751,0.502
2c1f0ca2f08e,0,52100.0,0.751,0.502
7823dc1a245c,0,52700.0,0.751,0.502
5a0b500b6487,0,52100.0,0.751,0.502
8d729e1465b0,0,52700.0,0.751,0.502
45249ac825ef,0,52700.0,0.751,0.502
73502f608405,0,52100.0,0.751,0.502
1c16338fcc19,0,52700.0,0.751,0.502
5af8263e6422,0,52100.0,0.751,0.502
5d25cde587c7,0,52100.0,0.751,0.502
77d194379a81,0,52100.0,0.751,0.502
7d1171b6384a,0,52100.0,0.751,0.502
0d9f84dd9104,0,52700.0,0.751,0.502
2db213ed5a31,0,51400.0,0.751,0.502
8c0777f26c55,0,52100.0,0.751,0.502
c56b7332c898,0,52100.0,0.751,0.502
10cd9f75ce59,0,52700.0,0.751,0.502
b23561468c02,0,52100.0,0.751,0.502
a1cb11dba5cc,0,52100.0,0.751,0.502
cf5511a7d1d7,0,52700.0,0.751,0.502
dcc91530f6f4,0,52100.0,0.751,0.502
3ff3890af675,0,52100.0,0.751,0.502
6423eb4054df,0,52700.0,0.751,0.502
b055185acb88,0,52100.0,0.751,0.502
0c508c616c6e,0,52100.0,0.751,0.502
6efade898148,0,45200.0,0.515,0.03
cc9b2c1ee5ce,0,51300.0,0.515,0.03
e8a8aec9073b,0,45900.0,0.515,0.03
69221772d785,0,45900.0,0.515,0.03
caebfdcc532c,0,45200.0,0.515,0.03
8679d23fbf8c,0,45200.0,0.515,0.03
662714b0e6d6,0,45200.0,0.515,0.03
56e72b4d1575,0,45900.0,0.515,0.03
587c8bf9e2a9,0,45200.0,0.515,0.03
7c177b1a4e14,0,45200.0,0.515,0.03
0c8bd78aca69,0,45200.0,0.515,0.03
8c1307f17ada,0,45200.0,0.515,0.03
4fe63b3ea856,0,45200.0,0.515,0.03
b8f54b12aebf,0,45200.0,0.515,0.03
b0a36c3424ac,0,45200.0,0.515,0.03
078f1c300049,0,45900.0,0.515,0.03
2448ccff803c,0,45900.0,0.515,0.03
064a08e5f74d,0,50900.0,0.515,0.03
0654b16b2e65,0,51300.0,0.515,0.03
6d3921c7245a,0,52300.0,0.515,0.03
88f9f71ca3fb,0,51300.0,0.515,0.03
99088c50fd4b,0,51300.0,0.515,0.03
7e1fd87683cc,0,51300.0,0.515,0.03
e34a61297d7c,0,51300.0,0.515,0.03
85cb11cff645,1,51600.0,0.515,0.03
6cc80c60dc5d,1,51600.0,0.515,0.03
397c017a1a26,1,51600.0,0.515,0.03
22f64027ee0b,1,51300.0,0.515,0.03
1c0b02a97482,1,51300.0,0.515,0.03
8fe349eea7fb,2,51400.0,0.515,0.03
e9405b6eb874,2,51400.0,0.515,0.03
d8cad2598a2e,1,51600.0,0.515,0.03
be7263f1db76,1,51300.0,0.515,0.03
3469a602d77e,1,51600.0,0.515,0.03
9363a8e36874,100,50000.0,0.515,0.03
e0e4ee8cf5ca,0,32200.0,0.546,0.091
4a374cd39574,0,32200.0,0.546,0.091
c0305c0befa0,0,32500.0,0.546,0.091
ae697bfe77df,0,33200.0,0.546,0.091
65cbe092b54f,0,32200.0,0.546,0.091
60f88cf8337a,0,32200.0,0.546,0.091
3174db75f84b,0,32200.0,0.546,0.091
178ab061124e,0,32500.0,0.546,0.091
1eea1f02ceef,0,33200.0,0.546,0.091
c9c1497a8aa7,0,32200.0,0.546,0.091
718faa3db683,0,32200.0,0.546,0.091
37398e27471d,0,32200.0,0.546,0.091
058e9b550e81,0,32200.0,0.546,0.091
43fa53bae5a4,0,32600.0,0.546,0.091
12dc3e2f7d7c,0,33400.0,0.546,0.091
72f51e828146,0,33400.0,0.546,0.091
ca5fe28d7b8e,0,32800.0,0.546,0.091
0f680353a7b5,0,32600.0,0.546,0.091
46663e89551a,0,32600.0,0.546,0.091
dc9d711d5d65,100,21100.0,0.576,0.152
bbb3747ff5d7,0,32600.0,0.546,0.091
765e0504d256,0,33400.0,0.546,0.091
262db9d04b7f,0,32600.0,0.546,0.091
eca56687337d,26,36400.0,0.546,0.091
6f9b45ff5380,0,52100.0,0.751,0.502
bd9df20ded60,0,52100.0,0.751,0.502
35c311cb8767,0,52100.0,0.751,0.502
ddda6ad71633,0,52100.0,0.751,0.502
e309a8901ecb,0,52100.0,0.751,0.502
c56da5ab9df4,0,52100.0,0.751,0.502
642c7a1a2190,0,52700.0,0.751,0.502
a8b56d85144f,0,52100.0,0.751,0.502
811c53e3b32e,0,52700.0,0.751,0.502
eff3e44c38c5,0,52100.0,0.751,0.502
6a412b8e008c,0,52100.0,0.751,0.502
266d53f82fc3,0,52700.0,0.751,0.502
7903f68a19bb,0,52700.0,0.751,0.502
dd4a7bca47fd,0,52100.0,0.751,0.502
4f52ad698d32,0,52100.0,0.751,0.502
4cd292106c7d,0,52700.0,0.751,0.502
ca18a8bc5deb,0,52100.0,0.751,0.502
5e2f007cbc4d,0,52100.0,0.751,0.502
6f2fe63d2759,0,51400.0,0.751,0.502
6a2d7324bea7,0,52700.0,0.751,0.502
eb445b299c60,0,52100.0,0.751,0.502
c03842937090,0,52100.0,0.751,0.502
b9ead8c785ea,0,52100.0,0.751,0.502
f243362d9bd6,0,52100.0,0.751,0.502
e8ec60b6955e,0,52100.0,0.751,0.502
732617b2b2f2,0,52100.0,0.751,0.502
3ebf5bd1a953,0,52700.0,0.751,0.502
7f76817fcde8,0,52100.0,0.751,0.502
92c8a37f1ba0,0,52100.0,0.751,0.502
33b05c6821ec,0,52100.0,0.751,0.502
25594e215ac2,0,52100.0,0.751,0.502
ff62aa98bb8a,0,52100.0,0.751,0.502
fd351cc3b729,0,37400.0,0.782,0.564
dec521162c75,100,23620.0,0.576,0.152
136618234819,81,1840.0,0.576,0.152
55127016fa14,66,73980.0,0.576,0.152
5fd695fd8cb0,0,2080.0,0.576,0.152
f700ffbde8c4,39,6800.0,0.576,0.152
69155ec8fb31,0,50000.0,0.546,0.091
8aceea9447f6,39,6800.0,0.576,0.152
8a8daa55ce04,0,50000.0,0.546,0.091
56122ce42fdb,58,11060.0,0.576,0.152
b2bbf441097c,100,6840.0,0.576,0.152
1cf0c94e3d1f,93,48060.0,0.576,0.152
5326e2561b99,91,70400.0,0.576,0.152
5788baaaad53,56,50800.0,0.607,0.214
07b5a9fbdf4d,100,28800.0,0.607,0.214
0de626022329,48,66600.0,0.607,0.214
b720221effb2,17,23840.0,0.607,0.214
5dffac26431a,2,29900.0,0.607,0.214
3bc7aed6dcff,10,63500.0,0.607,0.214
773ee4145b36,0,40400.0,0.607,0.214
40636ec54bd2,4,18900.0,0.229,0.542
f342825570a7,4,18500.0,0.229,0.542
0971eb777cde,100,5680.0,0.576,0.152
6c471bbb7ef2,0,34500.0,0.607,0.214
d112b69fca5b,100,33600.0,0.607,0.214
0d4223b43da5,100,33600.0,0.607,0.214
9e5ddb065118,100,33600.0,0.607,0.214
b1eb4ddef29c,100,33600.0,0.607,0.214
e5a7c8881469,0,34500.0,0.607,0.214
151ba357e8ae,0,34500.0,0.607,0.214
77fd01fcb18e,0,34500.0,0.607,0.214
c6c7b6197015,100,33600.0,0.607,0.214
fca176e29779,100,38400.0,0.607,0.214
a01cbd586f9a,0,42100.0,0.607,0.214
87beef1bc5fd,0,42400.0,0.607,0.214
5e071927a81d,0,42400.0,0.607,0.214
31886fc45beb,100,38400.0,0.607,0.214
5cd0068f5496,0,42400.0,0.607,0.214
3197e28d89e9,100,38400.0,0.607,0.214
63b52ced600f,100,38400.0,0.607,0.214
1121af8d06a9,0,38500.0,0.607,0.214
9688fc93c727,100,38400.0,0.607,0.214
84f5ea8a9299,0,44200.0,0.607,0.214
7071826c1c31,0,44200.0,0.607,0.214
9094479b96a8,0,44200.0,0.607,0.214
034a64080b34,0,44200.0,0.607,0.214
0b22e6eba9d9,0,44100.0,0.607,0.214
bb914835ee62,0,42700.0,0.607,0.214
43a9918899a7,0,44200.0,0.607,0.214
e8fb181f1538,0,44100.0,0.607,0.214
1424582a68f4,4,18500.0,0.229,0.542
b09420903ce8,54,,0.607,0.214
a7546a364692,32,24140.0,0.607,0.214
18d9248f9979,0,32500.0,0.262,0.475
cbc6ac2d6525,0,34000.0,0.262,0.475
351a9bc620fa,0,28300.0,0.262,0.475
e7fa77135435,0,39100.0,0.296,0.409
d30bdd9f7122,52,24140.0,0.607,0.214
6dac7749b7dd,0,73680.0,0.607,0.214
359d39371414,0,73680.0,0.607,0.214
ed3b5c5bde80,68,52440.0,0.607,0.214
86a24257b195,67,,0.223,0.553
656c450dd417,67,70360.0,0.607,0.214
4f85bc7b2ead,60,75520.0,0.607,0.214
19e59185a08d,15,24140.0,0.607,0.214
5ac061a60df9,21,24140.0,0.607,0.214
f24db9675135,3,77820.0,0.607,0.214
9f2a255768c9,15,24140.0,0.607,0.214
51e3be9af2ab,2,79920.0,0.607,0.214
b29c731d61d4,100,3040.0,0.607,0.214
a6e0d62a6671,100,3040.0,0.607,0.214
953b3bd38bcf,3,78800.0,0.607,0.214
74fc3139ba75,100,3040.0,0.607,0.214
c2f0364c5723,100,24380.0,0.607,0.214
1922dab54a38,53,72720.0,0.607,0.214
6400d9706acf,91,76940.0,0.607,0.214
82500b269a87,31,24080.0,0.607,0.214
08fe3643293e,92,70200.0,0.607,0.214
7f293dedad31,72,41460.0,0.607,0.214
79011a674c0f,98,24140.0,0.607,0.214
26df2136a839,36,69780.0,0.607,0.214
9c0b01685004,36,23540.0,0.607,0.214
bc6f5beb6e27,100,47800.0,0.607,0.214
ce86dfe2fe95,100,1800.0,0.607,0.214
ceedb43ade66,0,23420.0,0.607,0.214
1df7ad8e84ec,10,15640.0,0.607,0.214
3fb491631955,13,45660.0,0.607,0.214
62609c572720,98,62680.0,0.607,0.214
ad4f29d2c0bf,13,19480.0,0.607,0.214
fabd87d10898,2,22320.0,0.607,0.214
d57109e35dc1,36,23060.0,0.607,0.214
7d2487b478d9,0,20280.0,0.607,0.214
e4e5beb91eaf,6,45060.0,0.607,0.214
655d2b34ec36,0,37620.0,0.607,0.214
d2e66194d012,98,,0.607,0.214
8ba608aab66c,0,46220.0,0.607,0.214
e6bc519f3bb7,57,77360.0,0.607,0.214
9e80f54e6c0e,83,40220.0,0.607,0.214
09b24b0672ae,87,28700.0,0.607,0.214
18c0bd2452c4,0,40660.0,0.607,0.214
f7826eed9152,1,15460.0,0.607,0.214
3e72248f403a,4,35400.0,0.607,0.214
2ddbb4402308,13,18100.0,0.607,0.214
3feb18d2e6e6,17,43220.0,0.607,0.214
c3230009801f,0,42600.0,0.607,0.214
6869ba568295,8,34620.0,0.607,0.214
8667aa4cbf04,95,63540.0,0.607,0.214
72da72a69d09,20,50880.0,0.607,0.214
5319202bb078,13,35540.0,0.607,0.214
e175a08f2b52,97,38120.0,0.607,0.214
7c830ba6e58a,2,24820.0,0.607,0.214
7ee7eb79be2a,0,32740.0,0.607,0.214
8e97353f4450,0,41820.0,0.607,0.214
16dc1439427b,22,76420.0,0.607,0.214
19d90fda5a13,68,26000.0,0.607,0.214
27f15c5467ec,0,24140.0,0.607,0.214
9bf2eb90c4f1,2,13320.0,0.607,0.214
7dbaae9e51d9,73,22480.0,0.607,0.214
4c32eff600dd,66,23180.0,0.607,0.214
bad7bf05497d,80,20440.0,0.607,0.214
01208cfdf3a0,16,40340.0,0.607,0.214
71ac4271d743,91,8740.0,0.607,0.214
a9de0eccbb59,2,57120.0,0.607,0.214
a93e53ed10e1,0,33840.0,0.607,0.214
eeb469a88619,9,45520.0,0.607,0.214
cc726491e7f9,2,32180.0,0.607,0.214
4a82a7322273,0,15880.0,0.607,0.214
2ecd542b9f7e,100,43720.0,0.607,0.214
7742e3a8defe,0,25340.0,0.607,0.214
bac32951c008,100,57440.0,0.607,0.214
c2eca1076bcb,100,2240.0,0.607,0.214
4393a59b6432,82,9680.0,0.607,0.214
3ced6c890d60,0,38640.0,0.607,0.214
5c051d6bb89f,38,32040.0,0.607,0.214
7a4e4e857d35,63,45700.0,0.607,0.214
fb58c950f02b,5,13840.0,0.607,0.214
49957174f1f8,12,29560.0,0.607,0.214
76c3efd470b9,84,76360.0,0.607,0.214
5d43b3232096,74,6120.0,0.607,0.214
9d4e39c15385,47,42560.0,0.607,0.214
5bfaf6ffd61b,55,43580.0,0.607,0.214
aa2c43bc0dab,34,47640.0,0.607,0.214
a3432d314111,5,61400.0,0.637,0.275
93c17a35744f,0,30200.0,0.262,0.475
662371e6a6cc,0,42400.0,0.296,0.409
29675cdad122,0,39800.0,0.296,0.409
aaf4eccafc0d,100,42000.0,0.607,0.214
04ce3fa8e557,100,40340.0,0.607,0.214
73c618655bbc,10,24140.0,0.607,0.214
3f165206fc2c,0,25800.0,0.637,0.275
094aea9bf51d,0,32200.0,0.273,0.453
537633d28fd5,0,6380.0,0.607,0.214
9f8a89d24bac,7,71100.0,0.637,0.275
00d446d252b8,0,57100.0,0.637,0.275
37239950d291,0,33500.0,0.637,0.275
2f7457db3d9d,0,38800.0,0.637,0.275
639b1bd2acfb,95,28580.0,0.607,0.214
1f1daacb5d98,0,25940.0,0.607,0.214
98680922e13b,0,28500.0,0.273,0.453
1ec8bb965cc0,0,28300.0,0.273,0.453
97c50101ed53,0,32400.0,0.637,0.275
e03d36bcc06d,100,14660.0,0.607,0.214
5b75580017be,97,,0.637,0.275
e51ae6453be4,0,68300.0,0.668,0.336
92db5c260a87,1,48000.0,0.668,0.336
52d7bdd75a28,5,66900.0,0.668,0.336
3ec65b38922a,1,50800.0,0.668,0.336
98189d77fb93,2,37100.0,0.668,0.336
48e9fbee99d7,0,69400.0,0.668,0.336
036733e6341c,0,54400.0,0.668,0.336
54acabc3a727,2,46200.0,0.668,0.336
c089e0e9f0aa,0,39400.0,0.668,0.336
468c4797b612,0,60500.0,0.668,0.336
bd2c01c0baab,0,55400.0,0.668,0.336
26afdd408aa3,0,52600.0,0.668,0.336
5d2bd922bc15,0,38400.0,0.668,0.336
3de9c8bcec10,0,55600.0,0.668,0.336
1e6ca0c226b1,5,22000.0,0.668,0.336
2d97fae4da49,0,57200.0,0.668,0.336
6929d66a9735,0,46400.0,0.668,0.336
e01c41459620,0,51900.0,0.668,0.336
fd41cf3b2dec,40,46000.0,0.668,0.336
f5a06f0c241e,0,61300.0,0.668,0.336
7586968d5c75,0,90000.0,0.668,0.336
23222e69ee23,0,51100.0,0.668,0.336
ccc7142b750d,0,54100.0,0.668,0.336
b3002619267d,0,55600.0,0.668,0.336
7c0e79e92282,1,28700.0,0.668,0.336
7f71078e3722,0,47200.0,0.668,0.336
400b468cfa9f,63,,0.668,0.336
25c536e5b90c,39,,0.668,0.336
37ebaade0b2d,99,24500.0,0.698,0.397
447f7e668149,55,,0.607,0.214
62ba7da9b8bf,0,75900.0,0.751,0.502
4123b134c9a9,79,24140.0,0.698,0.397
aada4bc66400,0,50000.0,0.698,0.397
8fe4ba7e8a56,0,50000.0,0.698,0.397
c46b56fb23ff,3,50000.0,0.698,0.397
7112ad46f3f2,0,,0.698,0.397
4ff4ba5ff6d8,70,31580.0,0.698,0.397
d41651fe0b78,18,24620.0,0.698,0.397
7770d7d25045,3,50000.0,0.698,0.397
805eb537754a,37,25820.0,0.698,0.397
f8ca9ce6ccf9,80,34220.0,0.698,0.397
56e28de3b264,59,25940.0,0.698,0.397
0132d33cd65a,3,50000.0,0.698,0.397
9f09280f80c2,44,32920.0,0.698,0.397
9e8e7e5e1c0b,0,57300.0,0.732,0.464
f8ba1c38deec,0,32000.0,0.732,0.464
2aee30c6d10a,0,26900.0,0.732,0.464
3de91498aaa3,0,48700.0,0.668,0.336
49a6c4a6865a,0,40600.0,0.751,0.502
241c6ca81438,0,35600.0,0.24,0.52
3ea4ca447f84,0,15400.0,0.176,0.648
02a8e6930dff,100,10420.0,0.732,0.464
d2b643e10f38,3,35860.0,0.732,0.464
8816a965e027,0,42000.0,0.762,0.525
763c1b6064c8,0,56900.0,0.762,0.525
35ec649ec7c0,0,71100.0,0.762,0.525
9c94b114dce9,11,52500.0,0.762,0.525
82fe969bfd15,67,44400.0,0.762,0.525
f6cd70c34f1d,0,73100.0,0.762,0.525
8fcc821e8b26,0,51100.0,0.762,0.525
5e19fe6b3df3,8,21900.0,0.762,0.525
f55a6e36b06a,90,33800.0,0.762,0.525
c1c1f4904fee,85,47900.0,0.762,0.525
c8000f03ce07,12,24140.0,0.762,0.525
622273507f72,0,61200.0,0.762,0.525
72b8a9a98137,0,61200.0,0.762,0.525
96b5851f043b,0,52800.0,0.762,0.525
2bc0464f0343,0,23100.0,0.762,0.525
6e18a67a6934,90,16700.0,0.762,0.525
60051ff39462,8,33300.0,0.762,0.525
3e62428320e5,48,24140.0,0.762,0.525
cd578232f409,2,24140.0,0.762,0.525
5edb27594460,75,24140.0,0.762,0.525
99bb1db65a8f,98,36500.0,0.762,0.525
82903a50f808,4,48600.0,0.762,0.525
2c08e1cc68d1,0,37500.0,0.762,0.525
c21a885080d7,99,29100.0,0.762,0.525
458ef2ba855d,44,,0.762,0.525
83bd1a11b3e1,100,23500.0,0.762,0.525
121d7c5a1b01,0,24140.0,0.376,0.248
94fbb81eb2f4,18,24140.0,0.762,0.525
d28d0f181c5e,0,82000.0,0.798,0.597
32dd1e2c93f9,88,6600.0,0.798,0.597
26f1d8101865,0,50000.0,0.798,0.597
4e90c353242c,100,22400.0,0.798,0.597
e23d452c95c7,100,22400.0,0.798,0.597
d57b5553a696,87,,0.798,0.597
ebfb0b0d6cec,100,3200.0,0.798,0.597
f07632f97754,5,24100.0,0.229,0.542
21000a9521e6,0,26000.0,0.229,0.542
d88ef636fdc0,47,30400.0,0.229,0.542
9c6d0d92acf5,0,36500.0,0.262,0.475
74adde93d5b2,4,19500.0,0.229,0.542
58df534ebfe0,98,35700.0,0.296,0.409
4e43c034c205,3,51300.0,0.607,0.214
525b1b4567c1,36,24300.0,0.698,0.397
bf0f27a88695,0,50000.0,0.798,0.597
271d6e14de67,5,22300.0,0.698,0.397
84f99a341b0b,100,20240.0,0.798,0.597
05acf62cd878,100,2400.0,0.798,0.597
91221da2a605,0,50000.0,0.835,0.669
76ea0d4b2346,9,64900.0,0.835,0.669
5475f0286a5e,3,33800.0,0.835,0.669
bdafc3c13a55,3,40800.0,0.835,0.669
ad86af0603a2,1,15500.0,0.835,0.669
30e0623a9701,87,34900.0,0.835,0.669
3068ebe8b2b2,9,25700.0,0.835,0.669
18561dd3105e,91,24520.0,0.835,0.669
074c5a985a9e,87,,0.835,0.669
b5557be18274,0,,0.835,0.669
f33c911370eb,0,49300.0,0.871,0.741
b5685787d4a1,0,45000.0,0.871,0.741
8cee9e2c40ca,7,24140.0,0.871,0.741
efaa6eab7a2d,0,,0.871,0.741
3017f6e3cad0,100,13680.0,0.907,0.814
e1d6315249fd,15,15980.0,0.946,0.891
d7a1d021205d,11,25800.0,0.985,0.969
fc71fdc300e9,0,39600.0,0.065,0.87
08a88bc33771,45,51900.0,0.101,0.798
9405e99748b4,1,24900.0,0.101,0.798
d32efe5de00b,34,45600.0,0.14,0.72
adc2d108a36b,1,16500.0,0.14,0.72
6f5fbd9c63fe,0,24140.0,0.14,0.72
05f869fbba22,2,30900.0,0.14,0.72
7d3379923c4b,100,39900.0,0.176,0.648
c8a62ed898a3,1,24300.0,0.176,0.648
625f1a43c1fc,0,53500.0,0.176,0.648
a75d7628defc,0,53500.0,0.176,0.648
e5804005a3ad,0,40800.0,0.176,0.648
015d3896ef38,100,30980.0,0.176,0.648
0ab47843b156,18,24140.0,0.176,0.648
506df7e5ff8e,90,24140.0,0.176,0.648
b2608a5fc802,0,24140.0,0.14,0.72
e8a25888b9ca,100,37500.0,0.176,0.648
90b9c52bdd57,0,31800.0,0.121,0.759
2b077ae1a72c,4,54200.0,0.176,0.648
f4cf08c57bf3,5,54100.0,0.176,0.648
2c2e62034557,1,71280.0,0.176,0.648
b72584ad2d13,1,71280.0,0.176,0.648
151916b9b167,55,21780.0,0.176,0.648
c4ff14df9020,55,21780.0,0.176,0.648
f6a72ea26f7c,55,16620.0,0.176,0.648
e4689bcb0e20,100,13880.0,0.212,0.575
8b7fe7720e0b,0,,0.212,0.575
8ce5eb0459e4,0,25900.0,0.212,0.575
809886766e29,0,19700.0,0.212,0.575
0f020cb3c13c,0,21800.0,0.212,0.575
0c6b261c1465,0,21300.0,0.212,0.575
4c088db48fe7,0,58100.0,0.212,0.575
bb9980470690,0,60600.0,0.212,0.575
49ea48ff8c82,0,80300.0,0.212,0.575
d7d7701e7cd6,4,25200.0,0.212,0.575
d52aa06553f2,100,20000.0,0.212,0.575
51ab57b6c918,0,22200.0,0.212,0.575
5276247c1004,100,22200.0,0.212,0.575
c1fbe892341f,82,24140.0,0.212,0.575
bd1faf9f7b29,2,32380.0,0.212,0.575
095c44ed79dc,71,24140.0,0.212,0.575
f5f52467122b,100,24140.0,0.212,0.575
98c604a3be9d,0,,0.176,0.648
5ae76f3edfc2,0,41700.0,0.248,0.503
8f7bff0d486a,0,42700.0,0.248,0.503
0e633c370cf5,0,29020.0,0.248,0.503
d7b85d71c203,3,,0.248,0.503
d71961ec5174,18,36220.0,0.248,0.503
277b04d6cf9c,0,,0.282,0.436
d799c4951fca,100,24140.0,0.282,0.436
aaef0559577f,0,50100.0,0.312,0.375
94db95ea1adc,90,16840.0,0.282,0.436
88c162282121,0,50600.0,0.312,0.375
76c952aa1b9c,0,59700.0,0.312,0.375
984be4dbe2b4,100,42160.0,0.312,0.375
3b6670d1cd55,0,39700.0,0.343,0.314
96e952eecfd7,89,71580.0,0.343,0.314
07feb0682bbf,0,24140.0,0.085,0.831
a484a956687c,18,24140.0,0.085,0.831
45afabdb99d8,41,24140.0,0.121,0.759
f80653151335,41,24140.0,0.121,0.759
8d96e618adf7,100,53320.0,0.343,0.314
e16225ec19b3,0,64300.0,0.373,0.253
9c54decdf865,100,14100.0,0.373,0.253
82b2952239fd,27,38320.0,0.373,0.253
2e7ce71ea0eb,98,51400.0,0.373,0.253
17f132d83ee3,0,45800.0,0.404,0.192
e18962c65a81,42,26100.0,0.404,0.192
dd1ff0debf27,0,40800.0,0.121,0.759
35370e3c6b5c,0,40800.0,0.121,0.759
645dc1494bc7,11,24140.0,0.376,0.248
f0de293b5fae,11,24140.0,0.376,0.248
bae7ec1c32ba,0,54600.0,0.176,0.648
3a8165f9f38b,0,75100.0,0.273,0.453
fd89c13d3f09,0,75100.0,0.273,0.453
bc6e7c0a8ec5,0,67100.0,0.465,0.07
ea2686421ccb,8,24140.0,0.465,0.07
43193b0efdbf,41,26780.0,0.465,0.07
a0e05db23b51,77,,0.465,0.07
ee2cb3c4f5fd,92,13800.0,0.496,0.009
99231c6d7923,80,24140.0,0.465,0.07
ae86377ff84e,0,31200.0,0.587,0.175
dff32babfb8a,12,21300.0,0.618,0.236
effaf1b32db2,0,18100.0,0.618,0.236
8c6852ad5274,0,16280.0,0.618,0.236
f997717c06e1,0,3000.0,0.618,0.236
330a3f3d882e,0,51640.0,0.648,0.297
7c253ce0031e,0,32500.0,0.648,0.297
7ce26be892ac,2,20340.0,0.648,0.297
5bffd294a320,0,52520.0,0.648,0.297
d4820ceebfd3,8,24840.0,0.648,0.297
f5cbfb527321,7,25580.0,0.648,0.297
5c2e828f18e3,81,22220.0,0.648,0.297
4553e0ee618a,56,21900.0,0.648,0.297
eb6403a13a58,97,12200.0,0.648,0.297
0cd0f8af7b4b,0,51920.0,0.648,0.297
ed5b77abc8a7,23,27700.0,0.648,0.297
1526970c7e75,99,6700.0,0.648,0.297
be3eae3182d2,0,38900.0,0.648,0.297
ca537898431a,0,67500.0,0.648,0.297
f510d00e35b8,6,13700.0,0.648,0.297
937e1610bba0,100,12200.0,0.648,0.297
3c6feb6f71f5,0,50600.0,0.648,0.297
eec5fe23364a,0,18300.0,0.648,0.297
0853889fcf3a,1,16900.0,0.648,0.297
444e5c4d8543,0,25000.0,0.648,0.297
6e6849fc8aa7,1,33800.0,0.648,0.297
da6e3f404380,0,87100.0,0.648,0.297
933270db2223,0,68200.0,0.648,0.297
346e7776f3b5,0,76200.0,0.648,0.297
4433b93e0a4d,18,13200.0,0.648,0.297
a1a8f695d77e,36,75700.0,0.648,0.297
e81e96f8675d,3,23740.0,0.648,0.297
181f1e93b243,99,18800.0,0.648,0.297
e04e66706939,0,76000.0,0.648,0.297
019e3b529fb1,0,90000.0,0.648,0.297
319458937468,0,50300.0,0.648,0.297
c5409add5188,100,24140.0,0.648,0.297
5415c42485c6,5,38500.0,0.648,0.297
237e6547b3a0,4,34300.0,0.648,0.297
72784e13eb52,0,86900.0,0.648,0.297
72068990ea3e,3,38920.0,0.648,0.297
0ca2c8c02a88,0,39700.0,0.587,0.175
b9a9f96925b9,0,39700.0,0.587,0.175
dc15fb2dbb04,0,39700.0,0.587,0.175
7e3838b5dac9,1,36820.0,0.715,0.43
79d705f037c7,0,41400.0,0.273,0.453
e54cde95fdaa,0,17880.0,0.748,0.497
1898d4321ac3,0,18660.0,0.748,0.497
1cb21f8cbf78,100,34200.0,0.785,0.569
ec082b429e3f,65,15900.0,0.785,0.569
270fbc528882,7,51900.0,0.857,0.714
43a6684ee015,5,24140.0,0.857,0.714
fd69bf2609d8,1,40500.0,0.896,0.791
8c5879e7ab06,54,35780.0,0.012,0.975
9972b1121d49,100,11720.0,0.012,0.975
d84bed042045,47,24140.0,0.012,0.975
d34d00001fef,100,51100.0,0.051,0.898
8fea2c052cf3,0,26700.0,0.051,0.898
2597460216ba,27,43300.0,0.087,0.825
8ce2a00beefa,100,31200.0,0.087,0.825
72f01270d049,62,32800.0,0.087,0.825
28d896cbac51,0,54600.0,0.087,0.825
dca6b46c4346,39,18700.0,0.087,0.825
bbea70914708,0,13800.0,0.087,0.825
a08f79c396bc,16,61500.0,0.087,0.825
4af0dfa25a62,17,23100.0,0.087,0.825
45c9189292d2,27,42300.0,0.087,0.825
0476cb31ca6c,9,67700.0,0.087,0.825
8023d2376e32,25,60800.0,0.087,0.825
d0085cff1c31,4,21700.0,0.087,0.825
894857dfbf72,7,19600.0,0.087,0.825
720f4fb18deb,0,38200.0,0.343,0.314
2b12b9cd143c,0,36200.0,0.087,0.825
19afdcd14c24,4,19100.0,0.087,0.825
bc7140e81e09,0,41000.0,0.087,0.825
edf639dc8283,0,50500.0,0.051,0.898
e5ed09be9eaa,27,7280.0,0.087,0.825
abbcf6bdd4c3,4,31540.0,0.087,0.825
146e5fdda8ee,0,31960.0,0.087,0.825
be8a4c2a591c,0,51100.0,0.087,0.825
04f470c6baa7,0,21600.0,0.126,0.748
0132137bc15c,0,23000.0,0.087,0.825
a96b1508a1db,99,50900.0,0.126,0.748
c1b0da279913,0,43400.0,0.087,0.825
b66852e10022,98,24400.0,0.162,0.675
c78dc261b7d9,0,48600.0,0.162,0.675
878d3158ed78,1,17100.0,0.162,0.675
f63137fa383e,52,74560.0,0.126,0.748
ef8a024784d6,0,45400.0,0.162,0.675
10d6c187c641,23,42700.0,0.162,0.675
0018f808e8db,94,24860.0,0.162,0.675
2c645bc6b81a,0,24140.0,0.087,0.825
6097adf609a2,0,67400.0,0.087,0.825
44ff1463baf3,0,29000.0,0.196,0.609
93b5675afd54,0,51500.0,0.162,0.675
dcb08c96f84e,98,24140.0,0.196,0.609
65188be56635,0,24140.0,0.162,0.675
3ff44ddd1335,0,84200.0,0.196,0.609
b777dbfe3366,0,84200.0,0.196,0.609
189fa2a31c5c,0,29300.0,0.196,0.609
b9dad6ba0418,0,16200.0,0.196,0.609
53a105adce01,0,56600.0,0.196,0.609
4dbfd30e18d2,0,21600.0,0.196,0.609
66b7611f863e,0,23500.0,0.196,0.609
43c7c1fca5ba,0,90000.0,0.196,0.609
74c9549b839e,0,17800.0,0.196,0.609
39e7cb2d0f31,0,48700.0,0.196,0.609
597662e2d869,0,42000.0,0.196,0.609
4185f439a02b,0,27700.0,0.196,0.609
a4debb026c9f,0,56500.0,0.196,0.609
fc28e4e5d997,69,29200.0,0.196,0.609
6941a4ec4ab1,0,35800.0,0.196,0.609
18e7e9702ac6,0,39700.0,0.196,0.609
2a808324c7d3,0,26300.0,0.196,0.609
c138933b32c6,0,40300.0,0.196,0.609
dd44978b217c,0,45500.0,0.196,0.609
577eea1c069f,3,29300.0,0.196,0.609
e9ade830f04e,0,19600.0,0.196,0.609
130773f0bfd9,1,17900.0,0.196,0.609
b99fbbfc8c69,0,62300.0,0.196,0.609
b375abf33c0a,0,19200.0,0.196,0.609
7133a2c064ed,0,21100.0,0.196,0.609
1c11b2e083aa,0,84800.0,0.196,0.609
21bdf316a07a,0,24700.0,0.196,0.609
154a9d2b78ba,2,74600.0,0.196,0.609
b4b086b89cb3,0,41800.0,0.196,0.609
a2b8596c56e3,0,87000.0,0.196,0.609
e31294796b12,0,36000.0,0.196,0.609
537871a6ddcd,0,30800.0,0.196,0.609
ac8515ff1679,0,54400.0,0.196,0.609
e7ecb1f15257,0,48700.0,0.196,0.609
f6ce0082b16c,0,17600.0,0.196,0.609
cde0225d1448,1,16400.0,0.196,0.609
e4bc7839dec6,0,32800.0,0.196,0.609
6efd2b9ad3d7,50,42700.0,0.196,0.609
63886972a500,44,24140.0,0.196,0.609
b08195a5e6a2,0,61800.0,0.196,0.609
bd9c617e0721,0,32000.0,0.196,0.609
369f1e6048e1,0,67700.0,0.196,0.609
7effc69712ba,3,51100.0,0.196,0.609
5c8dd6f37c66,4,24140.0,0.196,0.609
345749fd6fcb,0,33500.0,0.196,0.609
db2c72d34523,89,56500.0,0.196,0.609
570028cecb04,0,17600.0,0.196,0.609
e98162ca8482,100,24140.0,0.196,0.609
7a414b111acb,0,22500.0,0.196,0.609
ccb01e211068,0,55700.0,0.196,0.609
0812a0b68114,100,24140.0,0.196,0.609
f120593bf3c8,33,90000.0,0.196,0.609
cefc2c670239,79,24140.0,0.196,0.609
e28b2f86a4fa,98,24140.0,0.196,0.609
4915a15f5131,94,24140.0,0.196,0.609
e513c70f6c1d,36,24140.0,0.196,0.609
17c7aeffd1a8,100,24140.0,0.196,0.609
a2e500edba0f,67,24140.0,0.196,0.609
e692319b61ee,100,24140.0,0.196,0.609
a240dc38e347,84,24140.0,0.196,0.609
1969b21dc8b8,100,24140.0,0.196,0.609
1d382f9ac32c,89,24140.0,0.196,0.609
805747ca10ae,0,29800.0,0.196,0.609
e1c590e3fe70,0,45800.0,0.196,0.609
0398a886d6ac,94,53320.0,0.196,0.609
08f5629d9991,0,72500.0,0.196,0.609
cd4e3819b3fe,17,30800.0,0.196,0.609
8010ae7fffcc,100,30320.0,0.196,0.609
ba1db2f32ea2,0,89700.0,0.196,0.609
15f9de84550f,0,42700.0,0.087,0.825
84bee31797d0,0,62700.0,0.196,0.609
a5345ca6080b,0,70400.0,0.196,0.609
318f46e36f63,21,74840.0,0.196,0.609
ef8cde61af5a,0,24140.0,0.196,0.609
0f7f54f319fe,31,17540.0,0.196,0.609
20c6920b9078,84,47020.0,0.196,0.609
39a56bdb8050,100,49680.0,0.196,0.609
bfe546c7c171,0,65000.0,0.196,0.609
71a8d45ebed4,78,72980.0,0.196,0.609
83be85f3f574,40,24140.0,0.196,0.609
f2a42a8c4eab,0,47500.0,0.196,0.609
c8e12da46202,11,59480.0,0.196,0.609
4f0d9ad0448e,0,11420.0,0.196,0.609
15739649c4ce,91,33840.0,0.196,0.609
f3d940821645,92,29640.0,0.196,0.609
5f6a3feede67,6,24140.0,0.196,0.609
442a27271ba9,63,21240.0,0.196,0.609
bbf3f05e6496,24,19240.0,0.196,0.609
90ed15d0d232,3,,0.196,0.609
27a85dc9ceca,37,22740.0,0.196,0.609
df752709566d,100,24140.0,0.196,0.609
76b153d27c3c,7,24140.0,0.196,0.609
04d5bc7601ee,21,,0.196,0.609
c6629336f39b,1,23600.0,0.196,0.609
946e4e8f9e76,1,23600.0,0.196,0.609
39bebe1cf11b,46,47680.0,0.196,0.609
4bc3ca5f6f88,0,47040.0,0.196,0.609
6be3f85d8d47,7,20580.0,0.196,0.609
d9e17e2d6a81,100,24140.0,0.196,0.609
1a26a489e1a4,0,21880.0,0.196,0.609
71a585b2da41,0,32500.0,0.229,0.542
876bc56f2dbc,0,21400.0,0.229,0.542
6a3b1071085f,51,37000.0,0.229,0.542
4b39da647503,5,38800.0,0.229,0.542
11cf710f7f65,0,30300.0,0.229,0.542
da17c1f15ccf,0,20000.0,0.229,0.542
fbccf37206fb,48,43700.0,0.229,0.542
729f59af9ea2,1,32500.0,0.229,0.542
6ad07081c42b,0,37000.0,0.229,0.542
d552c4af6672,0,51200.0,0.229,0.542
5a343f09b98c,0,31700.0,0.229,0.542
86f550808dfd,0,41300.0,0.229,0.542
82e249b86003,0,38500.0,0.229,0.542
ab0d3afe229d,0,44700.0,0.229,0.542
7a754b62b454,0,41300.0,0.229,0.542
0c029c50c3b2,0,40200.0,0.229,0.542
e466e34827f2,0,52300.0,0.229,0.542
ecac04f27786,0,42100.0,0.229,0.542
be134933263c,0,48600.0,0.229,0.542
806b15dd09b0,0,27900.0,0.229,0.542
a1abc2bf274c,0,42000.0,0.229,0.542
85c22c164036,0,27900.0,0.229,0.542
c56a676255ce,0,30000.0,0.229,0.542
fb9958d28a42,0,32200.0,0.229,0.542
f32715ea019d,0,34000.0,0.229,0.542
3a05fb17a89b,0,42500.0,0.229,0.542
ca73684f2ed4,0,48500.0,0.229,0.542
448ea4d1ac4a,0,22400.0,0.229,0.542
917a44706337,100,53200.0,0.229,0.542
81f69563c0b1,100,73900.0,0.229,0.542
4b89cb128ef3,0,46900.0,0.229,0.542
5e644986db6c,0,36100.0,0.229,0.542
752dbdfbadeb,88,39100.0,0.196,0.609
8c85098d30e2,0,39900.0,0.229,0.542
89265a4c1b93,0,34600.0,0.229,0.542
9717d830c50b,0,26300.0,0.229,0.542
cfc1d9c19f81,21,25100.0,0.196,0.609
2d04cacdb7b7,0,38500.0,0.229,0.542
35d3c550f177,0,30400.0,0.229,0.542
501a81281f6f,1,23100.0,0.229,0.542
0734e9f6ba0c,0,44600.0,0.229,0.542
a9ea84e54c44,0,55500.0,0.229,0.542
043d0ddeeda7,0,44200.0,0.229,0.542
26f438b7ad38,0,41100.0,0.229,0.542
c21546a47448,0,34200.0,0.229,0.542
648e4451a8ff,0,49000.0,0.229,0.542
6a8c233e4780,0,30000.0,0.229,0.542
c209b723ea50,0,32000.0,0.229,0.542
21c922a8f40a,0,23600.0,0.229,0.542
b7348d5b2ff1,0,30400.0,0.229,0.542
35ae502d002b,0,32200.0,0.229,0.542
4f0fece7c08e,0,25000.0,0.229,0.542
26f0258707f3,0,41700.0,0.229,0.542
dea6e5d6685f,16,26200.0,0.229,0.542
27af28b285cb,0,24800.0,0.229,0.542
5a09a01455d9,0,32900.0,0.229,0.542
a1d233787e97,0,30800.0,0.229,0.542
a6b1d19586be,0,30900.0,0.229,0.542
8644045f9240,0,33000.0,0.229,0.542
6146add7afbb,0,33500.0,0.229,0.542
b0fa2e2414bb,0,24700.0,0.229,0.542
910fc03e0ca1,0,26400.0,0.229,0.542
440dd3e3430a,0,35000.0,0.229,0.542
8f12291ee5ea,0,33000.0,0.229,0.542
816cab772676,0,44800.0,0.229,0.542
1713832e63c6,1,19900.0,0.229,0.542
8f19bf63e79a,0,24800.0,0.229,0.542
ee1e9dda9780,0,23500.0,0.229,0.542
d8bca3c7ea30,0,50800.0,0.229,0.542
f65176937a22,0,33700.0,0.229,0.542
66dddc62c892,0,42800.0,0.229,0.542
2abf116b7a59,0,44000.0,0.229,0.542
b4dc8126b0bf,0,56400.0,0.229,0.542
4a07c9058b3f,0,19400.0,0.229,0.542
57aad3b84100,0,40700.0,0.229,0.542
4d696782a3b0,17,45100.0,0.196,0.609
e6cbb980d9e7,0,25300.0,0.229,0.542
4c92dda493fd,0,26200.0,0.229,0.542
49c852fb890a,93,33300.0,0.229,0.542
5ef14fe8438d,0,39100.0,0.229,0.542
4e93eb1df93f,100,27500.0,0.229,0.542
413768f735cd,13,23300.0,0.229,0.542
dfa1eacac8dd,0,28900.0,0.229,0.542
6796fb32a3ea,0,21700.0,0.229,0.542
4af0dd95e717,0,25400.0,0.229,0.542
c9d6aa279d01,0,27800.0,0.229,0.542
123ec5b8ff5d,0,50300.0,0.229,0.542
4f23f7504b2a,0,31000.0,0.229,0.542
59db4bfb0a3e,0,32000.0,0.229,0.542
7bfc5e5972c0,0,51100.0,0.229,0.542
4663d6fb3fd0,0,32000.0,0.229,0.542
8aa52f5db92a,0,61500.0,0.229,0.542
222cc94f461a,0,22800.0,0.229,0.542
fa86f86b63db,6,17600.0,0.229,0.542
9359a514c076,0,19900.0,0.229,0.542
36c0ac4df357,0,19900.0,0.229,0.542
c4f92752e8d6,0,28100.0,0.229,0.542
a1ebeb6233ba,9,70500.0,0.229,0.542
35445bf9a94e,0,27500.0,0.229,0.542
e2c312a22171,49,21900.0,0.229,0.542
7df27ed09e5d,0,23700.0,0.229,0.542
fb865a86ef13,0,15200.0,0.229,0.542
83cf60be3324,0,20800.0,0.229,0.542
8d49ceb29c06,0,39700.0,0.229,0.542
d5b012d5125d,0,36400.0,0.229,0.542
c1b567e9ee15,0,25300.0,0.229,0.542
1fe3498ab0e5,0,17400.0,0.229,0.542
1f9b64333c0c,0,29600.0,0.229,0.542
ad62b045bd75,0,56500.0,0.229,0.542
ed6137ee6dbf,55,23000.0,0.229,0.542
65df5f006074,3,20900.0,0.229,0.542
203d570ad425,34,2700.0,0.229,0.542
c784fb40921f,27,20400.0,0.229,0.542
0cb7b0aab409,99,61300.0,0.229,0.542
033d9c6a72e2,2,33300.0,0.229,0.542
b8d9e211e5bf,0,54900.0,0.229,0.542
136c23a901f7,94,36400.0,0.229,0.542
cc4de94f10fb,0,19300.0,0.229,0.542
e54877e93622,1,24140.0,0.229,0.542
ac9da6bcb9b0,0,37000.0,0.229,0.542
49171774f7b0,72,12700.0,0.229,0.542
8dbf0fa68186,26,26800.0,0.229,0.542
d733d53c5e0a,0,53400.0,0.229,0.542
13c2b1d40290,0,31200.0,0.229,0.542
e40b2a62d954,9,35300.0,0.229,0.542
d785b998deae,0,22300.0,0.229,0.542
911f48025e19,0,33200.0,0.229,0.542
f5dbb0bb7bab,0,26100.0,0.229,0.542
fe9c733daf5c,0,26100.0,0.229,0.542
508b5a8e3455,1,20400.0,0.229,0.542
68e16c982817,44,24140.0,0.196,0.609
4de12e2843d4,0,21400.0,0.229,0.542
c35dd71c4dcc,0,28400.0,0.229,0.542
4520cd5c296c,0,63400.0,0.229,0.542
93bad3b19cba,0,40500.0,0.229,0.542
3bb92ee5814d,0,26800.0,0.229,0.542
681d6d7b956a,0,59000.0,0.229,0.542
bb787f42b151,0,34200.0,0.229,0.542
81141bf5ea8e,0,34200.0,0.229,0.542
12a36b7a1f72,0,36900.0,0.229,0.542
bc9e15621607,99,33400.0,0.229,0.542
39e6b622a8d0,0,17700.0,0.229,0.542
95060f8d55f8,87,24140.0,0.229,0.542
8fa5447c5150,1,14300.0,0.229,0.542
875ef3b28f03,76,30220.0,0.229,0.542
4859efa8f113,0,24140.0,0.229,0.542
8f89f1472c57,0,24140.0,0.229,0.542
d40d6cdff38b,0,36800.0,0.229,0.542
98a0d67cb9e8,0,20000.0,0.229,0.542
cca925020046,42,24140.0,0.196,0.609
56cb7628cbce,2,40100.0,0.229,0.542
4571020f8331,0,51200.0,0.229,0.542
448954aa9f7c,28,22600.0,0.229,0.542
ed55805cfa34,100,24140.0,0.229,0.542
1e28cf51fb23,100,24140.0,0.229,0.542
396893929c18,0,70700.0,0.229,0.542
0fc854e3eb36,11,37800.0,0.229,0.542
7eaf33c20b48,0,21700.0,0.229,0.542
441337289fbd,22,24140.0,0.229,0.542
923870912552,33,24140.0,0.229,0.542
d8b2cff1e4a4,1,24140.0,0.229,0.542
c1253f0c9022,0,24140.0,0.229,0.542
8d467468b691,21,39500.0,0.229,0.542
71b668a01bb4,10,24140.0,0.229,0.542
0543f74c523d,99,54620.0,0.229,0.542
ee0607dfb450,94,,0.229,0.542
5d6cf2bd875e,1,24140.0,0.229,0.542
9869bb1db013,100,,0.229,0.542
05c16b399598,67,75820.0,0.229,0.542
4f76482985d9,33,56860.0,0.229,0.542
6e306b8a26a8,84,37500.0,0.229,0.542
0bdb7c0a446e,0,12140.0,0.229,0.542
243f18729141,0,24140.0,0.196,0.609
eb5219546d21,22,10900.0,0.229,0.542
2700e5b27171,63,35040.0,0.229,0.542
906cdb1ae249,35,41000.0,0.229,0.542
20df8cad2912,1,15060.0,0.229,0.542
8b71ed060547,100,17000.0,0.229,0.542
27d0d52e4d78,63,14700.0,0.229,0.542
ebcfad9f3eeb,4,47200.0,0.229,0.542
c1149da95bd8,100,24140.0,0.196,0.609
4ed5dd49c05d,17,15780.0,0.229,0.542
fac58da56ab9,0,11380.0,0.229,0.542
a6f0e04c72a7,59,56420.0,0.229,0.542
bc25376e9e16,17,35400.0,0.229,0.542
b643171e3b95,77,36840.0,0.229,0.542
679f57d60c45,98,21960.0,0.229,0.542
e3103a1d642f,99,24140.0,0.229,0.542
8c00961e50d3,0,16400.0,0.229,0.542
78f1d6ccead3,70,26960.0,0.229,0.542
d94f39845e2a,95,24140.0,0.229,0.542
2829580f3a2e,24,34400.0,0.229,0.542
18eee5d4b277,45,24140.0,0.196,0.609
57770e8dd62b,36,24140.0,0.196,0.609
b13e5a35afaa,2,31340.0,0.229,0.542
0517bca54154,0,34300.0,0.229,0.542
58ecc671ab01,1,56400.0,0.229,0.542
cfa837edc2f1,33,75820.0,0.229,0.542
18f806514316,25,37500.0,0.229,0.542
febe366b5b5b,3,36040.0,0.229,0.542
11f041ba9085,0,49800.0,0.229,0.542
09ee5b75f945,100,24140.0,0.229,0.542
70c93009cc45,48,36420.0,0.229,0.542
c43a8b1f882e,100,8120.0,0.229,0.542
1fe968b0b13b,67,29840.0,0.229,0.542
96885a616759,40,29660.0,0.229,0.542
f4c7f8d5e572,0,40700.0,0.196,0.609
48b8dce0d976,90,24140.0,0.229,0.542
7af26903d270,98,20180.0,0.229,0.542
23da50237a5e,30,50180.0,0.229,0.542
f368c55fb77c,0,28300.0,0.162,0.675
28bddafde23c,60,43000.0,0.229,0.542
99afa875f753,50,15060.0,0.229,0.542
6ef539589de3,43,46740.0,0.229,0.542
aa0653223f63,43,46740.0,0.229,0.542
ea8d4afb024a,53,33260.0,0.229,0.542
b53838074f79,100,28800.0,0.229,0.542
97e90b78c36c,71,38560.0,0.229,0.542
2819167a685d,63,57000.0,0.229,0.542
cba133f6c8fa,74,41200.0,0.262,0.475
49c14bff3569,0,54100.0,0.229,0.542
3ca7627c0502,98,26420.0,0.229,0.542
729dfacd1632,0,33200.0,0.229,0.542
a55c06edfdce,58,72100.0,0.229,0.542
ac937b56dde4,9,48700.0,0.262,0.475
cb8fda197f67,15,30000.0,0.262,0.475
5f3268159f4d,0,26200.0,0.262,0.475
b8756769ae24,0,29300.0,0.262,0.475
2940d81eb12e,0,19300.0,0.262,0.475
8e86b9282628,0,40200.0,0.262,0.475
59c92d44c68c,2,38200.0,0.262,0.475
d022e6b6c5ef,0,23900.0,0.262,0.475
6786639f6bc1,4,25400.0,0.262,0.475
4a106d443192,2,24900.0,0.229,0.542
84b1adebf950,45,47600.0,0.262,0.475
4e976469317e,3,31000.0,0.262,0.475
8ccb72a10002,2,26200.0,0.262,0.475
f6ff3b06e531,84,24140.0,0.196,0.609
16e7e73319d0,0,36900.0,0.262,0.475
01bfe4a3c962,0,23600.0,0.262,0.475
af71195938c3,86,29700.0,0.262,0.475
ca3e209b856e,0,41500.0,0.262,0.475
d6a3ad06ec0b,0,41200.0,0.262,0.475
41c3aef02f31,0,35000.0,0.262,0.475
1097d15e84bb,0,35000.0,0.262,0.475
ac8629ab1870,0,37800.0,0.262,0.475
f42c0b1f9e23,0,46500.0,0.262,0.475
7dc078f303b7,0,35000.0,0.262,0.475
eaa15ec5265d,0,46500.0,0.262,0.475
84d095fe720e,0,31200.0,0.262,0.475
30b4b91feb83,0,35000.0,0.262,0.475
5f0e0279be2c,0,21000.0,0.262,0.475
f561f726bf07,0,37800.0,0.262,0.475
4bd03833dbbe,0,30900.0,0.262,0.475
26c292d28b51,0,29300.0,0.262,0.475
716e1faa1fcb,0,24700.0,0.262,0.475
d51aed11ff89,100,360.0,0.262,0.475
1f4454ed45f5,0,30300.0,0.262,0.475
c9f939756e94,44,20400.0,0.262,0.475
af70e7c0fca2,0,39000.0,0.262,0.475
5073a5471fe4,0,18000.0,0.262,0.475
d5af1b452225,4,24140.0,0.229,0.542
78ddfff2e199,0,30700.0,0.262,0.475
220be50fcb02,0,19800.0,0.262,0.475
098674cb2fbe,0,59600.0,0.196,0.609
5e55a499474f,0,26100.0,0.262,0.475
96100ba293bb,2,37700.0,0.262,0.475
0109898cd4df,0,21700.0,0.262,0.475
6d8c02927d5f,1,34900.0,0.262,0.475
932366ef253f,0,26200.0,0.262,0.475
d19e53e584f4,0,32900.0,0.262,0.475
e0720195af13,0,22000.0,0.262,0.475
988d9011ab61,0,22700.0,0.262,0.475
bed79d8d65a3,0,25800.0,0.262,0.475
e83f9d3f1a59,0,33900.0,0.262,0.475
c14c8bee4fb3,0,23000.0,0.262,0.475
0efb1c5534e0,0,47600.0,0.262,0.475
017a78ee8509,0,38000.0,0.262,0.475
4ba937195dc2,0,33900.0,0.262,0.475
7a72697ca34c,5,29300.0,0.262,0.475
142144b715f8,0,32700.0,0.262,0.475
98c89d63fc31,0,34900.0,0.196,0.609
356114aa89d5,0,22600.0,0.262,0.475
986af4defd1a,0,34700.0,0.262,0.475
1e1a5200312f,0,40400.0,0.262,0.475
cc12cb96826f,1,15600.0,0.262,0.475
9502d58bf551,20,41500.0,0.262,0.475
8fe101612cb0,0,35300.0,0.262,0.475
7205493fcda4,0,21100.0,0.262,0.475
0bac001e50c7,3,33800.0,0.262,0.475
ab6ea6b427fe,0,19500.0,0.262,0.475
b36e4a9b60dc,100,24140.0,0.196,0.609
feab3c645585,10,27100.0,0.262,0.475
2f4e69327b74,0,33000.0,0.262,0.475
2a3226b8f0c0,0,55000.0,0.229,0.542
e3f51fff08e5,0,33200.0,0.262,0.475
408aa90deb8d,66,19400.0,0.262,0.475
65a4170f0087,100,19000.0,0.262,0.475
f5cde0662142,84,37900.0,0.262,0.475
897ac2d0697c,14,50800.0,0.262,0.475
38c3fe549bb3,0,25200.0,0.262,0.475
2085c6cccca3,10,22000.0,0.262,0.475
3408b5b4e1f0,0,18900.0,0.262,0.475
7e06fdb50f33,3,49400.0,0.262,0.475
4c57ceb742fd,0,31900.0,0.262,0.475
2da6c0425dca,0,80400.0,0.262,0.475
48f2a93e6bc9,0,42200.0,0.262,0.475
092c36730f53,50,16400.0,0.262,0.475
2d8d7e4fdb0d,0,23200.0,0.262,0.475
01c6e5ce3a03,1,22000.0,0.262,0.475
a53209994415,0,41400.0,0.262,0.475
8ef2d27c8103,0,67100.0,0.262,0.475
ac1677517d8f,0,22800.0,0.262,0.475
a6acc77b961c,0,31200.0,0.262,0.475
b9f34634e94a,0,23300.0,0.262,0.475
2c76a7f9b90d,0,47000.0,0.262,0.475
d646edc7d8e2,0,70800.0,0.262,0.475
da631f91f543,0,53800.0,0.262,0.475
b6ab277ed821,2,60600.0,0.262,0.475
96d6c16eb291,0,63600.0,0.262,0.475
c9f915a3a7d5,0,51300.0,0.262,0.475
edf67db1d947,4,53300.0,0.262,0.475
31e5521aa58a,0,64500.0,0.262,0.475
b58f5f751bed,0,20000.0,0.262,0.475
1d1e7d0469ef,0,40500.0,0.262,0.475
2bd3f84e515d,0,20600.0,0.262,0.475
29c00a534b35,14,21100.0,0.262,0.475
42af2106384e,4,53300.0,0.262,0.475
a1a238729eb6,0,20600.0,0.262,0.475
537abfd3bbbf,0,60700.0,0.262,0.475
a659257fed1a,14,21100.0,0.262,0.475
f41fb8e623b8,5,45100.0,0.262,0.475
47aad65a265a,0,64300.0,0.262,0.475
6bf8c799157a,0,21900.0,0.262,0.475
08c545c65ee0,8,22000.0,0.262,0.475
82b962de6677,10,24140.0,0.262,0.475
e81754074644,0,52900.0,0.262,0.475
3df5cd941f90,2,61400.0,0.293,0.414
c89c139098dc,4,16500.0,0.262,0.475
86f526453ae4,0,60700.0,0.262,0.475
23c7950c3225,0,24900.0,0.262,0.475
3f7daf3a567d,0,44400.0,0.262,0.475
244eac984b68,0,21700.0,0.262,0.475
98ddb70e7885,3,41000.0,0.262,0.475
8f70a4e2adaf,0,30500.0,0.262,0.475
83ea4172f366,0,24140.0,0.196,0.609
d3ebdf858776,4,23700.0,0.262,0.475
f1a739247180,51,47620.0,0.262,0.475
f0d9c04ee89c,21,23100.0,0.262,0.475
bd9427b54b45,0,20300.0,0.262,0.475
21ffec6d9e40,0,45900.0,0.262,0.475
7d1a8051229a,0,45900.0,0.262,0.475
af15a0a7b6ef,2,18100.0,0.262,0.475
4e75d01d6ad9,98,24140.0,0.229,0.542
43b87160cad2,72,24140.0,0.229,0.542
b69c657138cd,100,24140.0,0.196,0.609
73473e4c8e51,48,37740.0,0.229,0.542
37815976abe0,5,18400.0,0.262,0.475
184f73e08b0e,40,24140.0,0.262,0.475
aa15a633448f,100,16520.0,0.229,0.542
abf0d2467457,0,16500.0,0.262,0.475
3b83354bf6b3,68,18400.0,0.262,0.475
03272908f5a8,1,15700.0,0.262,0.475
2b149814a3c1,3,37300.0,0.262,0.475
4995d018cc9e,0,48800.0,0.262,0.475
8acf394db999,0,49300.0,0.262,0.475
fdb3d1df8bbe,0,51100.0,0.262,0.475
6784546ff08a,0,45100.0,0.262,0.475
1e10403aa738,0,54200.0,0.262,0.475
d3f03f5f88dd,0,54800.0,0.262,0.475
211a462156b8,0,22900.0,0.262,0.475
1308960fa1a4,0,40300.0,0.618,0.236
6744f02e474b,0,36600.0,0.618,0.236
49917eaa8d79,3,35300.0,0.262,0.475
2abb932b7466,48,18360.0,0.229,0.542
ae77eac54ce2,100,10340.0,0.262,0.475
a1d12b7fd051,100,20300.0,0.86,0.719
0c9a7ca39b23,6,38560.0,0.262,0.475
0348a41e5c92,0,64500.0,0.262,0.475
5d604d8c2f47,0,28000.0,0.196,0.609
e41e20fe4317,0,61800.0,0.293,0.414
eae81b554b16,1,39200.0,0.262,0.475
7a9b3c08cf6a,0,24140.0,0.196,0.609
0a66b71246e9,7,42700.0,0.293,0.414
7b8e2e6232b5,6,43500.0,0.293,0.414
73777fc88f9d,5,24140.0,0.262,0.475
0a279b7e566a,0,24140.0,0.262,0.475
adbff0075fcf,3,24140.0,0.229,0.542
218f21147d28,100,36720.0,0.293,0.414
b78fe6b80396,100,27800.0,0.229,0.542
f0b55428de9c,80,24140.0,0.293,0.414
01d9d244b7f0,0,42140.0,0.24,0.52
17da97647d62,100,41040.0,0.293,0.414
5de22d8cf9d8,1,24140.0,0.293,0.414
5549ef965f54,0,34800.0,0.196,0.609
8c96e3dc2aa7,0,14900.0,0.262,0.475
95ff757354e9,5,7500.0,0.323,0.353
5d5eb3a986f1,0,58100.0,0.262,0.475
73c6deb10dd5,0,47700.0,0.354,0.292
201d7bb8ea8e,14,49200.0,0.354,0.292
5904a3587148,0,30980.0,0.354,0.292
396f62f8920e,0,18800.0,0.651,0.302
dde9f56039de,0,16300.0,0.712,0.425
11876d8e5192,0,25000.0,0.998,0.997
d34cb83d9c50,69,25600.0,0.107,0.786
ad146fb5608f,96,19500.0,0.143,0.714
1557b9b0c72c,49,14700.0,0.432,0.136
8414711744c6,3,18800.0,0.593,0.186
88d43ae84948,0,34700.0,0.943,0.886
555fc3cc4269,0,18200.0,0.979,0.958
a2f30f58a39a,0,20700.0,0.015,0.97
b22e5d10b66b,0,29400.0,0.054,0.892
c18bcb60d367,5,24700.0,0.129,0.742
bbafabe9f1ca,0,20200.0,0.204,0.592
91fbe72044bc,8,32200.0,0.312,0.375
a8c3aec87bdf,67,48400.0,0.346,0.309
6b02b73b4da1,1,27100.0,0.507,0.014
58756bbfb919,0,42000.0,0.629,0.258
bdcde8b05eee,0,36100.0,0.66,0.319
dbde8b42ee22,99,23600.0,0.751,0.502
0569ec079e7b,3,51100.0,0.887,0.775
2e90b444f7dc,99,38900.0,0.923,0.847
ebe4da84fc00,0,41700.0,0.998,0.997
6fd736e6bf20,0,40000.0,0.154,0.692
a8157f8b2e3d,50,39800.0,0.193,0.614
29ebfd410a94,22,44600.0,0.229,0.542
ae49b4eae9f0,2,48100.0,0.262,0.475
a77689876f75,0,37800.0,0.393,0.214
a7913514b0f6,2,34900.0,0.487,0.025
db2bbc27f774,0,58400.0,0.607,0.214
ed83cd8cdea5,0,70100.0,0.637,0.275
9b1ef320eea8,0,51100.0,0.196,0.609
b28e07ac8f13,0,52700.0,0.196,0.609
937a5a1d866c,0,50600.0,0.196,0.609
7cb8f958a4ce,0,48400.0,0.196,0.609
0dfa31bc7cad,0,52400.0,0.196,0.609
9e66a7617d43,0,55900.0,0.385,0.231
4a6b034a842c,0,47100.0,0.732,0.464
fe123db423f5,0,66300.0,0.668,0.336
63859c985e88,12,34600.0,0.762,0.525
c78810f83021,0,57000.0,0.798,0.597
090422eabd67,50,52300.0,0.985,0.969
44dfbe16bf32,0,53800.0,0.14,0.72
917e9d89cba1,0,72000.0,0.176,0.648
fdb5c433e385,4,64300.0,0.212,0.575
13c71a1c4190,0,74300.0,0.293,0.414
4402354d2d51,17,53900.0,0.587,0.175
f85d0c315c7b,29,34000.0,0.648,0.297
b9f36f8e3d14,0,44600.0,0.748,0.497
8904d8029e4f,0,44900.0,0.785,0.569
012610fd0d86,0,44200.0,0.935,0.869
dcb4b4185f2a,0,59500.0,0.051,0.898
b4c75c0d66fe,0,80300.0,0.087,0.825
3a6b0515b29a,0,50600.0,0.126,0.748
2939c49fd0a2,2,71000.0,0.162,0.675
201b05fb3595,0,59500.0,0.229,0.542
d0da0197f3d0,0,77700.0,0.262,0.475
e621a764e6b6,0,66000.0,0.262,0.475
b2f48c41aba9,33,25500.0,0.262,0.475
200f606ac21d,0,74480.0,0.385,0.231
7f6ab53eb21b,0,42020.0,0.385,0.231
31882b95c3d9,0,76040.0,0.415,0.17
b8ae25dd76bb,68,32000.0,0.415,0.17
34947fb55cbb,7,28560.0,0.415,0.17
cab6060f6cde,89,,0.415,0.17
5dd1b8d50ffe,47,19440.0,0.415,0.17
a2b57ec02233,0,28000.0,0.415,0.17
c8f68f0c0802,10,24140.0,0.054,0.892
58c34b9364b6,0,17600.0,0.446,0.109
45100637d48e,0,67200.0,0.446,0.109
6bd5b23c7269,9,16000.0,0.446,0.109
24ac21d84e4b,33,,0.476,0.048
2d74a1181a8e,19,,0.507,0.014
c21677244094,0,28920.0,0.507,0.014
903d51df2e01,3,18000.0,0.262,0.475
e081089dbe3a,0,31500.0,0.537,0.075
df513d892bfe,0,32400.0,0.537,0.075
0c99346ed116,0,30100.0,0.537,0.075
2a3b1abd0023,0,70000.0,0.537,0.075
9f1107b47f48,99,47700.0,0.537,0.075
3922ec223dca,21,13980.0,0.537,0.075
f997d4042b50,100,18680.0,0.537,0.075
64f96ae168a8,3,23780.0,0.537,0.075
dfa105961ad0,6,23260.0,0.537,0.075
64074601354b,18,20780.0,0.571,0.141
97823f3a23b5,30,22920.0,0.571,0.141
fbc150eae5c4,13,23280.0,0.571,0.141
bb9a7f91df15,100,14400.0,0.571,0.141
e8066183caee,2,12620.0,0.571,0.141
6c333b6f9fb7,58,17460.0,0.571,0.141
6adc679acc64,14,16020.0,0.571,0.141
11f6cfddfcb8,0,19800.0,0.571,0.141
c896ffd37935,79,14800.0,0.571,0.141
54866675f128,5,21100.0,0.571,0.141
e98ac29274ff,0,45000.0,0.571,0.141
d4ebcd03110f,12,15400.0,0.571,0.141
b640a3a012fc,75,31000.0,0.571,0.141
ab6d4d6814d4,0,52800.0,0.571,0.141
c61286d3772e,0,20100.0,0.571,0.141
c3f195ead910,0,26500.0,0.571,0.141
133599c6a4b9,0,25000.0,0.571,0.141
967a1e8e9d9e,100,14500.0,0.571,0.141
3115f6115d11,0,41100.0,0.571,0.141
2a7636b705f4,0,46700.0,0.571,0.141
57858a943745,99,44300.0,0.571,0.141
d5b8f16ea8b6,0,24500.0,0.571,0.141
32fb90d457af,0,67000.0,0.571,0.141
aec3aaf5e717,99,73200.0,0.571,0.141
e49201e5d95d,0,17500.0,0.571,0.141
3b43d4201317,0,24500.0,0.571,0.141
6e4f185b59d4,1,17400.0,0.571,0.141
9f9a45b5c9ea,11,24140.0,0.571,0.141
3ee2d3283fa9,40,12200.0,0.571,0.141
001e5129f320,0,61400.0,0.571,0.141
aee3f3090e9d,2,54600.0,0.571,0.141
7db52e00dfd5,0,24140.0,0.571,0.141
bec2519d562b,0,73780.0,0.571,0.141
54be44a64f65,10,,0.571,0.141
9c43a1d4e227,83,,0.571,0.141
1af91c82819a,100,20900.0,0.571,0.141
2471fc56fc53,91,20320.0,0.571,0.141
69c2a1f8d362,0,71600.0,0.571,0.141
51448b80fcfa,100,16660.0,0.571,0.141
913a92f86a8c,0,69360.0,0.571,0.141
a9e999804dcf,90,17200.0,0.571,0.141
1acf19ebf72d,75,12500.0,0.601,0.202
12d536c932d0,0,11080.0,0.601,0.202
7c9efb7a3953,99,45600.0,0.601,0.202
5e626be61bfa,100,34000.0,0.601,0.202
4531a3a6b5c8,14,37200.0,0.601,0.202
f871faa82f42,0,54800.0,0.571,0.141
c731643de7ce,12,24140.0,0.571,0.141
9dbd6f8c9e66,0,43900.0,0.601,0.202
fc34ceb67674,0,23300.0,0.601,0.202
3be22234d642,10,32300.0,0.601,0.202
18adda27adec,0,60000.0,0.601,0.202
0599fb2beb07,0,19460.0,0.601,0.202
c102bc9da1ec,0,90000.0,0.668,0.336
e6452e93c41d,65,16660.0,0.668,0.336
927ca170e009,76,42260.0,0.668,0.336
fb106613cebb,77,44300.0,0.668,0.336
c54b4becb174,76,42260.0,0.668,0.336
7ad4e3deb15b,0,37000.0,0.571,0.141
3be766527bac,48,24140.0,0.668,0.336
1f760f8ca2d0,81,24140.0,0.737,0.475
4b70b73115a1,100,200.0,0.737,0.475
8b12811d5e56,42,,0.773,0.547
f62589b06af2,0,18100.0,0.901,0.802
fc909f66c1d1,0,45100.0,0.601,0.202
d7b2af10413c,38,24140.0,0.885,0.769
4c60c1471a4d,0,37300.0,0.998,0.997
810a528916dd,16,25700.0,0.037,0.925
c0d20c2f779c,42,20800.0,0.037,0.925
1170f469cb96,0,90000.0,0.037,0.925
5a6715214823,21,13200.0,0.037,0.925
42dadba675f8,100,22160.0,0.037,0.925
f27992381091,0,17200.0,0.073,0.853
b6bc122f576a,17,65460.0,0.607,0.214
7663428040cd,61,51000.0,0.037,0.925
431a6d4e2e09,0,58500.0,0.146,0.709
f9718c072a38,1,24140.0,0.146,0.709
bf02c87216b8,0,17700.0,0.179,0.642
7adea1d0edf3,0,29900.0,0.212,0.575
456ceaf0b698,16,24140.0,0.212,0.575
393546ad729b,1,24140.0,0.146,0.709
87fd7e2af927,0,24140.0,0.179,0.642
ef2ce0988be0,53,14400.0,0.273,0.453
08ca56c9ce39,0,17500.0,0.273,0.453
d082786018ee,5,16000.0,0.273,0.453
b8e2d096cbb4,0,24140.0,0.212,0.575
bbacf11e9841,0,44100.0,0.304,0.392
e40620718bb9,0,26400.0,0.304,0.392
a8a5e574d75c,0,26400.0,0.304,0.392
d0ec1ba2a7cc,23,12200.0,0.304,0.392
155df07c5c0b,10,78500.0,0.304,0.392
6c7a29770244,0,19720.0,0.304,0.392
0ec1ab898ec8,19,24140.0,0.273,0.453
0d18ef9b1117,3,17300.0,0.304,0.392
d6390850c773,0,39800.0,0.362,0.275
2554f4c13e75,26,48200.0,0.335,0.331
8aeff858cb5f,0,23600.0,0.304,0.392
f02609cd0e08,0,23600.0,0.304,0.392
c077c6fa67fa,0,25300.0,0.304,0.392
a5b01a967cf5,5,15500.0,0.393,0.214
add259443ec3,0,26200.0,0.393,0.214
be49ea416846,0,26800.0,0.393,0.214
1f116a2520ea,0,23900.0,0.393,0.214
0bff59c3c53a,11,31300.0,0.393,0.214
9cd111126fc1,0,22000.0,0.393,0.214
827ba45ad520,18,13200.0,0.393,0.214
05519f00bb04,0,22700.0,0.393,0.214
42d423e61f67,48,24140.0,0.393,0.214
be5320ab9f3f,14,33400.0,0.335,0.331
06677c5b2735,0,20100.0,0.312,0.375
c39e107c4f7f,0,23700.0,0.287,0.425
01190802fae7,0,14800.0,0.521,0.041
f18c5867bff2,0,16600.0,0.521,0.041
956138ae2931,18,17800.0,0.554,0.108
d6cd0253bc65,18,17800.0,0.554,0.108
2cee85b8be7c,0,29000.0,0.587,0.175
62ad75206bb7,100,24140.0,0.587,0.175
d1a12281fa71,1,24140.0,0.66,0.319
0f2480540d39,0,24140.0,0.66,0.319
2bc2b2798bf0,100,5480.0,0.876,0.752
4f19dcb94209,0,27700.0,0.312,0.375
9a024cddc612,0,27700.0,0.312,0.375
c4d380000e93,0,19700.0,0.912,0.825
212034f32405,0,19700.0,0.912,0.825
cee7c29c545e,1,24140.0,0.121,0.759
927995ce0f3a,0,24140.0,0.121,0.759
a04214a395b7,0,24140.0,0.121,0.759
7ad3db997338,0,24140.0,0.121,0.759
b3719282a9db,0,24140.0,0.121,0.759
d33b5ab96fb8,9,10320.0,0.912,0.825
aae0e70cffa4,34,30800.0,0.951,0.902
50e1f5c3a8aa,2,31300.0,0.951,0.902
608141abcb3b,1,14200.0,0.951,0.902
9f20d5575414,0,25500.0,0.951,0.902
62ae3e4e17c8,4,15800.0,0.951,0.902
536669d74ff1,50,15900.0,0.951,0.902
5af6a2223cb9,0,23300.0,0.951,0.902
9ff8fb05f26e,17,12200.0,0.951,0.902
680dc56d55eb,0,24140.0,0.951,0.902
4de7a97b5aae,0,24140.0,0.987,0.975
9d15bd697b3d,10,24140.0,0.987,0.975
79b0f8021997,3,14900.0,0.126,0.748
1ffbfd185b55,0,44160.0,0.16,0.681
985e51fb4c5f,0,37500.0,0.16,0.681
58c9497e0ae7,7,80120.0,0.16,0.681
9d1227e37c2b,0,90000.0,0.221,0.559
2abaa5d1635e,100,12300.0,0.221,0.559
